batch_id,time_hr,fermenter_temp_c,sugar_plato,biomass_g_l,ethanol_abv,cooling_duty_mj_hr
BATCH_001,0,12.65,14.15,0.49,0.0,6.45
BATCH_001,1,12.65,13.87,0.53,0.13,7.11
BATCH_001,2,12.66,13.56,0.58,0.27,7.5
BATCH_001,3,12.67,13.23,0.62,0.42,8.08
BATCH_001,4,12.67,12.87,0.67,0.59,8.22
BATCH_001,5,12.68,12.49,0.73,0.76,8.73
BATCH_001,6,12.69,12.07,0.78,0.95,9.25
BATCH_001,7,12.7,11.63,0.85,1.16,9.75
BATCH_001,8,12.71,11.15,0.91,1.38,10.02
BATCH_001,9,12.73,10.63,0.99,1.62,11.37
BATCH_001,10,12.74,10.08,1.06,1.87,12.03
BATCH_001,11,12.76,9.49,1.15,2.14,12.27
BATCH_001,12,12.78,8.85,1.24,2.44,13.24
BATCH_001,13,12.8,8.17,1.33,2.75,13.95
BATCH_001,14,12.82,7.44,1.43,3.09,14.75
BATCH_001,15,12.85,6.67,1.54,3.44,15.24
BATCH_001,16,12.88,5.85,1.66,3.82,16.28
BATCH_001,17,12.91,4.98,1.78,4.22,17.17
BATCH_001,18,12.94,4.08,1.9,4.63,18.02
BATCH_001,19,12.98,3.15,2.03,5.06,17.66
BATCH_001,20,13.03,2.22,2.16,5.49,16.96
BATCH_001,21,13.08,1.34,2.29,5.89,14.8
BATCH_001,22,13.13,0.57,2.4,6.25,10.33
BATCH_001,23,13.19,0.08,2.46,6.47,3.93
BATCH_001,24,13.25,0.0,2.48,6.51,2.49
BATCH_001,25,13.32,0.0,2.48,6.51,2.36
BATCH_001,26,13.39,0.0,2.48,6.51,2.34
BATCH_001,27,13.47,0.0,2.48,6.51,2.57
BATCH_001,28,13.55,0.0,2.48,6.51,2.56
BATCH_001,29,13.64,0.0,2.48,6.51,2.73
BATCH_001,30,13.73,0.0,2.48,6.51,2.75
BATCH_001,31,13.83,0.0,2.48,6.51,2.95
BATCH_001,32,13.93,0.0,2.48,6.51,2.7
BATCH_001,33,14.04,0.0,2.48,6.51,3.25
BATCH_001,34,14.14,0.0,2.48,6.51,3.66
BATCH_001,35,14.25,0.0,2.48,6.51,3.43
BATCH_001,36,14.36,0.0,2.48,6.51,3.31
BATCH_001,37,14.47,0.0,2.48,6.51,3.53
BATCH_001,38,14.58,0.0,2.48,6.51,3.23
BATCH_001,39,14.68,0.0,2.48,6.51,3.2
BATCH_001,40,14.79,0.0,2.48,6.51,3.75
BATCH_001,41,14.89,0.0,2.48,6.51,3.56
BATCH_001,42,14.99,0.0,2.48,6.51,3.47
BATCH_001,43,15.08,0.0,2.48,6.51,3.63
BATCH_001,44,15.17,0.0,2.48,6.51,3.65
BATCH_001,45,15.25,0.0,2.48,6.51,3.97
BATCH_001,46,15.33,0.0,2.48,6.51,4.11
BATCH_001,47,15.4,0.0,2.48,6.51,4.23
BATCH_001,48,15.47,0.0,2.48,6.51,4.28
BATCH_001,49,15.53,0.0,2.48,6.51,4.3
BATCH_001,50,15.59,0.0,2.48,6.51,4.15
BATCH_001,51,15.65,0.0,2.48,6.51,4.11
BATCH_001,52,15.69,0.0,2.48,6.51,3.97
BATCH_001,53,15.74,0.0,2.48,6.51,4.52
BATCH_001,54,15.78,0.0,2.48,6.51,4.3
BATCH_001,55,15.81,0.0,2.48,6.51,4.28
BATCH_001,56,15.84,0.0,2.48,6.51,4.62
BATCH_001,57,15.87,0.0,2.48,6.51,4.23
BATCH_001,58,15.9,0.0,2.48,6.51,4.59
BATCH_001,59,15.92,0.0,2.48,6.51,4.5
BATCH_001,60,15.94,0.0,2.48,6.51,4.25
BATCH_001,61,15.96,0.0,2.48,6.51,4.46
BATCH_001,62,15.98,0.0,2.48,6.51,4.68
BATCH_001,63,15.99,0.0,2.48,6.51,4.66
BATCH_001,64,16.01,0.0,2.48,6.51,4.8
BATCH_001,65,16.02,0.0,2.48,6.51,4.58
BATCH_001,66,16.03,0.0,2.48,6.51,5.2
BATCH_001,67,16.04,0.0,2.48,6.51,4.35
BATCH_001,68,16.05,0.0,2.48,6.51,4.46
BATCH_001,69,16.05,0.0,2.48,6.51,4.53
BATCH_001,70,16.06,0.0,2.48,6.51,4.26
BATCH_001,71,16.07,0.0,2.48,6.51,4.76
BATCH_001,72,16.07,0.0,2.48,6.51,4.73
BATCH_001,73,16.08,0.0,2.48,6.51,4.56
BATCH_001,74,16.08,0.0,2.48,6.51,4.45
BATCH_001,75,16.08,0.0,2.48,6.51,4.26
BATCH_001,76,16.09,0.0,2.48,6.51,4.41
BATCH_001,77,16.09,0.0,2.48,6.51,4.72
BATCH_001,78,16.09,0.0,2.48,6.51,4.53
BATCH_001,79,16.09,0.0,2.48,6.51,4.49
BATCH_001,80,16.1,0.0,2.48,6.51,4.67
BATCH_001,81,16.1,0.0,2.48,6.51,4.8
BATCH_001,82,16.1,0.0,2.48,6.51,4.63
BATCH_001,83,16.1,0.0,2.48,6.51,4.64
BATCH_001,84,16.1,0.0,2.48,6.51,4.85
BATCH_001,85,16.1,0.0,2.48,6.51,4.61
BATCH_001,86,16.1,0.0,2.48,6.51,4.52
BATCH_001,87,16.1,0.0,2.48,6.51,4.71
BATCH_001,88,16.11,0.0,2.48,6.51,4.53
BATCH_001,89,16.11,0.0,2.48,6.51,4.51
BATCH_001,90,16.11,0.0,2.48,6.51,4.83
BATCH_001,91,16.11,0.0,2.48,6.51,4.52
BATCH_001,92,16.11,0.0,2.48,6.51,4.05
BATCH_001,93,16.11,0.0,2.48,6.51,4.65
BATCH_001,94,16.11,0.0,2.48,6.51,4.5
BATCH_001,95,16.11,0.0,2.48,6.51,4.52
BATCH_001,96,16.11,0.0,2.48,6.51,4.67
BATCH_001,97,16.11,0.0,2.48,6.51,4.55
BATCH_001,98,16.11,0.0,2.48,6.51,4.62
BATCH_001,99,16.11,0.0,2.48,6.51,4.18
BATCH_001,100,16.11,0.0,2.48,6.51,4.39
BATCH_001,101,16.11,0.0,2.48,6.51,4.86
BATCH_001,102,16.11,0.0,2.48,6.51,4.58
BATCH_001,103,16.11,0.0,2.48,6.51,4.25
BATCH_001,104,16.11,0.0,2.48,6.51,4.37
BATCH_001,105,16.11,0.0,2.48,6.51,4.38
BATCH_001,106,16.11,0.0,2.48,6.51,4.6
BATCH_001,107,16.11,0.0,2.48,6.51,4.5
BATCH_001,108,16.11,0.0,2.48,6.51,4.45
BATCH_001,109,16.11,0.0,2.48,6.51,4.58
BATCH_001,110,16.11,0.0,2.48,6.51,4.68
BATCH_001,111,16.11,0.0,2.48,6.51,4.53
BATCH_001,112,16.11,0.0,2.48,6.51,4.47
BATCH_001,113,16.11,0.0,2.48,6.51,4.5
BATCH_001,114,16.11,0.0,2.48,6.51,4.65
BATCH_001,115,16.11,0.0,2.48,6.51,4.58
BATCH_001,116,16.11,0.0,2.48,6.51,4.74
BATCH_001,117,16.11,0.0,2.48,6.51,4.35
BATCH_001,118,16.11,0.0,2.48,6.51,4.43
BATCH_001,119,16.11,0.0,2.48,6.51,4.74
BATCH_001,120,16.11,0.0,2.48,6.51,4.42
BATCH_002,0,12.22,14.42,0.56,0.0,7.13
BATCH_002,1,12.22,14.1,0.6,0.14,7.06
BATCH_002,2,12.23,13.76,0.65,0.3,7.58
BATCH_002,3,12.23,13.4,0.7,0.47,8.18
BATCH_002,4,12.24,13.0,0.75,0.65,8.56
BATCH_002,5,12.25,12.58,0.81,0.84,8.89
BATCH_002,6,12.26,12.13,0.88,1.05,9.78
BATCH_002,7,12.27,11.64,0.95,1.28,10.16
BATCH_002,8,12.28,11.11,1.02,1.52,11.12
BATCH_002,9,12.29,10.55,1.1,1.78,11.53
BATCH_002,10,12.31,9.94,1.18,2.06,12.74
BATCH_002,11,12.33,9.29,1.27,2.36,13.03
BATCH_002,12,12.34,8.6,1.37,2.68,13.91
BATCH_002,13,12.37,7.86,1.47,3.02,14.93
BATCH_002,14,12.39,7.07,1.58,3.38,15.32
BATCH_002,15,12.42,6.24,1.7,3.76,16.38
BATCH_002,16,12.44,5.36,1.82,4.17,17.29
BATCH_002,17,12.48,4.43,1.95,4.59,17.23
BATCH_002,18,12.51,3.48,2.09,5.03,17.79
BATCH_002,19,12.55,2.52,2.22,5.47,17.37
BATCH_002,20,12.6,1.59,2.35,5.9,15.84
BATCH_002,21,12.64,0.76,2.47,6.28,11.54
BATCH_002,22,12.7,0.16,2.55,6.56,4.43
BATCH_002,23,12.75,0.0,2.58,6.63,2.17
BATCH_002,24,12.82,0.0,2.58,6.63,2.17
BATCH_002,25,12.89,0.0,2.58,6.63,2.21
BATCH_002,26,12.96,0.0,2.58,6.63,2.29
BATCH_002,27,13.04,0.0,2.58,6.63,2.14
BATCH_002,28,13.12,0.0,2.58,6.63,2.39
BATCH_002,29,13.21,0.0,2.58,6.63,2.46
BATCH_002,30,13.3,0.0,2.58,6.63,2.33
BATCH_002,31,13.4,0.0,2.58,6.63,2.92
BATCH_002,32,13.5,0.0,2.58,6.63,2.72
BATCH_002,33,13.6,0.0,2.58,6.63,2.47
BATCH_002,34,13.71,0.0,2.58,6.63,2.91
BATCH_002,35,13.82,0.0,2.58,6.63,2.67
BATCH_002,36,13.93,0.0,2.58,6.63,3.1
BATCH_002,37,14.04,0.0,2.58,6.63,3.26
BATCH_002,38,14.15,0.0,2.58,6.63,2.95
BATCH_002,39,14.25,0.0,2.58,6.63,3.38
BATCH_002,40,14.36,0.0,2.58,6.63,3.35
BATCH_002,41,14.46,0.0,2.58,6.63,3.51
BATCH_002,42,14.56,0.0,2.58,6.63,3.8
BATCH_002,43,14.65,0.0,2.58,6.63,3.44
BATCH_002,44,14.74,0.0,2.58,6.63,3.4
BATCH_002,45,14.82,0.0,2.58,6.63,3.44
BATCH_002,46,14.9,0.0,2.58,6.63,3.51
BATCH_002,47,14.97,0.0,2.58,6.63,3.71
BATCH_002,48,15.04,0.0,2.58,6.63,3.85
BATCH_002,49,15.1,0.0,2.58,6.63,3.88
BATCH_002,50,15.16,0.0,2.58,6.63,4.04
BATCH_002,51,15.21,0.0,2.58,6.63,3.91
BATCH_002,52,15.26,0.0,2.58,6.63,4.24
BATCH_002,53,15.31,0.0,2.58,6.63,3.93
BATCH_002,54,15.34,0.0,2.58,6.63,4.55
BATCH_002,55,15.38,0.0,2.58,6.63,4.16
BATCH_002,56,15.41,0.0,2.58,6.63,3.89
BATCH_002,57,15.44,0.0,2.58,6.63,3.87
BATCH_002,58,15.47,0.0,2.58,6.63,4.2
BATCH_002,59,15.49,0.0,2.58,6.63,4.07
BATCH_002,60,15.51,0.0,2.58,6.63,4.28
BATCH_002,61,15.53,0.0,2.58,6.63,4.24
BATCH_002,62,15.55,0.0,2.58,6.63,4.15
BATCH_002,63,15.56,0.0,2.58,6.63,4.0
BATCH_002,64,15.58,0.0,2.58,6.63,3.88
BATCH_002,65,15.59,0.0,2.58,6.63,4.1
BATCH_002,66,15.6,0.0,2.58,6.63,4.37
BATCH_002,67,15.61,0.0,2.58,6.63,4.25
BATCH_002,68,15.62,0.0,2.58,6.63,3.96
BATCH_002,69,15.62,0.0,2.58,6.63,4.25
BATCH_002,70,15.63,0.0,2.58,6.63,4.3
BATCH_002,71,15.64,0.0,2.58,6.63,4.05
BATCH_002,72,15.64,0.0,2.58,6.63,4.26
BATCH_002,73,15.64,0.0,2.58,6.63,4.25
BATCH_002,74,15.65,0.0,2.58,6.63,4.01
BATCH_002,75,15.65,0.0,2.58,6.63,4.31
BATCH_002,76,15.66,0.0,2.58,6.63,4.35
BATCH_002,77,15.66,0.0,2.58,6.63,4.46
BATCH_002,78,15.66,0.0,2.58,6.63,4.46
BATCH_002,79,15.66,0.0,2.58,6.63,3.97
BATCH_002,80,15.66,0.0,2.58,6.63,4.06
BATCH_002,81,15.67,0.0,2.58,6.63,4.35
BATCH_002,82,15.67,0.0,2.58,6.63,4.35
BATCH_002,83,15.67,0.0,2.58,6.63,4.35
BATCH_002,84,15.67,0.0,2.58,6.63,5.02
BATCH_002,85,15.67,0.0,2.58,6.63,4.37
BATCH_002,86,15.67,0.0,2.58,6.63,4.48
BATCH_002,87,15.67,0.0,2.58,6.63,4.45
BATCH_002,88,15.67,0.0,2.58,6.63,4.39
BATCH_002,89,15.67,0.0,2.58,6.63,4.19
BATCH_002,90,15.67,0.0,2.58,6.63,4.41
BATCH_002,91,15.68,0.0,2.58,6.63,4.1
BATCH_002,92,15.68,0.0,2.58,6.63,4.21
BATCH_002,93,15.68,0.0,2.58,6.63,4.16
BATCH_002,94,15.68,0.0,2.58,6.63,4.27
BATCH_002,95,15.68,0.0,2.58,6.63,4.72
BATCH_002,96,15.68,0.0,2.58,6.63,3.88
BATCH_002,97,15.68,0.0,2.58,6.63,4.39
BATCH_002,98,15.68,0.0,2.58,6.63,3.94
BATCH_002,99,15.68,0.0,2.58,6.63,4.16
BATCH_002,100,15.68,0.0,2.58,6.63,4.48
BATCH_002,101,15.68,0.0,2.58,6.63,4.27
BATCH_002,102,15.68,0.0,2.58,6.63,4.04
BATCH_002,103,15.68,0.0,2.58,6.63,4.12
BATCH_002,104,15.68,0.0,2.58,6.63,4.39
BATCH_002,105,15.68,0.0,2.58,6.63,4.11
BATCH_002,106,15.68,0.0,2.58,6.63,4.3
BATCH_002,107,15.68,0.0,2.58,6.63,4.27
BATCH_002,108,15.68,0.0,2.58,6.63,4.13
BATCH_002,109,15.68,0.0,2.58,6.63,4.69
BATCH_002,110,15.68,0.0,2.58,6.63,4.39
BATCH_002,111,15.68,0.0,2.58,6.63,3.85
BATCH_002,112,15.68,0.0,2.58,6.63,4.3
BATCH_002,113,15.68,0.0,2.58,6.63,4.13
BATCH_002,114,15.68,0.0,2.58,6.63,4.43
BATCH_002,115,15.68,0.0,2.58,6.63,4.1
BATCH_002,116,15.68,0.0,2.58,6.63,4.24
BATCH_002,117,15.68,0.0,2.58,6.63,4.36
BATCH_002,118,15.68,0.0,2.58,6.63,4.43
BATCH_002,119,15.68,0.0,2.58,6.63,4.02
BATCH_002,120,15.68,0.0,2.58,6.63,4.19
BATCH_003,0,12.25,13.86,0.47,0.0,6.29
BATCH_003,1,12.25,13.59,0.51,0.12,6.7
BATCH_003,2,12.26,13.3,0.55,0.26,6.89
BATCH_003,3,12.26,12.99,0.6,0.4,7.54
BATCH_003,4,12.27,12.66,0.64,0.55,7.37
BATCH_003,5,12.28,12.3,0.69,0.72,8.47
BATCH_003,6,12.29,11.91,0.75,0.9,8.44
BATCH_003,7,12.3,11.49,0.8,1.09,8.85
BATCH_003,8,12.31,11.05,0.87,1.29,9.62
BATCH_003,9,12.32,10.57,0.93,1.51,10.63
BATCH_003,10,12.34,10.05,1.01,1.75,10.88
BATCH_003,11,12.36,9.5,1.08,2.01,11.36
BATCH_003,12,12.37,8.9,1.17,2.28,11.98
BATCH_003,13,12.4,8.27,1.26,2.57,12.94
BATCH_003,14,12.42,7.59,1.35,2.88,13.3
BATCH_003,15,12.44,6.87,1.45,3.21,14.17
BATCH_003,16,12.47,6.11,1.56,3.56,15.46
BATCH_003,17,12.51,5.3,1.67,3.93,16.07
BATCH_003,18,12.54,4.46,1.79,4.32,16.31
BATCH_003,19,12.58,3.58,1.91,4.73,16.53
BATCH_003,20,12.63,2.69,2.04,5.13,16.45
BATCH_003,21,12.67,1.82,2.16,5.54,15.86
BATCH_003,22,12.73,1.01,2.27,5.91,12.82
BATCH_003,23,12.78,0.36,2.36,6.21,7.9
BATCH_003,24,12.85,0.02,2.41,6.37,2.4
BATCH_003,25,12.91,0.0,2.41,6.37,2.2
BATCH_003,26,12.99,0.0,2.41,6.37,2.37
BATCH_003,27,13.07,0.0,2.41,6.37,2.32
BATCH_003,28,13.15,0.0,2.41,6.37,1.98
BATCH_003,29,13.24,0.0,2.41,6.37,2.68
BATCH_003,30,13.33,0.0,2.41,6.37,2.38
BATCH_003,31,13.43,0.0,2.41,6.37,2.99
BATCH_003,32,13.53,0.0,2.41,6.37,2.78
BATCH_003,33,13.63,0.0,2.41,6.37,2.74
BATCH_003,34,13.74,0.0,2.41,6.37,2.89
BATCH_003,35,13.85,0.0,2.41,6.37,2.87
BATCH_003,36,13.96,0.0,2.41,6.37,2.87
BATCH_003,37,14.07,0.0,2.41,6.37,3.09
BATCH_003,38,14.18,0.0,2.41,6.37,3.31
BATCH_003,39,14.28,0.0,2.41,6.37,3.12
BATCH_003,40,14.39,0.0,2.41,6.37,3.17
BATCH_003,41,14.49,0.0,2.41,6.37,3.29
BATCH_003,42,14.59,0.0,2.41,6.37,3.63
BATCH_003,43,14.68,0.0,2.41,6.37,3.8
BATCH_003,44,14.77,0.0,2.41,6.37,3.65
BATCH_003,45,14.85,0.0,2.41,6.37,3.75
BATCH_003,46,14.93,0.0,2.41,6.37,3.57
BATCH_003,47,15.0,0.0,2.41,6.37,3.93
BATCH_003,48,15.07,0.0,2.41,6.37,3.91
BATCH_003,49,15.13,0.0,2.41,6.37,3.71
BATCH_003,50,15.19,0.0,2.41,6.37,3.54
BATCH_003,51,15.24,0.0,2.41,6.37,3.69
BATCH_003,52,15.29,0.0,2.41,6.37,3.83
BATCH_003,53,15.33,0.0,2.41,6.37,4.23
BATCH_003,54,15.37,0.0,2.41,6.37,4.34
BATCH_003,55,15.41,0.0,2.41,6.37,3.97
BATCH_003,56,15.44,0.0,2.41,6.37,4.0
BATCH_003,57,15.47,0.0,2.41,6.37,4.16
BATCH_003,58,15.5,0.0,2.41,6.37,4.13
BATCH_003,59,15.52,0.0,2.41,6.37,4.33
BATCH_003,60,15.54,0.0,2.41,6.37,4.05
BATCH_003,61,15.56,0.0,2.41,6.37,4.36
BATCH_003,62,15.58,0.0,2.41,6.37,4.14
BATCH_003,63,15.59,0.0,2.41,6.37,4.37
BATCH_003,64,15.61,0.0,2.41,6.37,4.15
BATCH_003,65,15.62,0.0,2.41,6.37,4.09
BATCH_003,66,15.63,0.0,2.41,6.37,4.6
BATCH_003,67,15.64,0.0,2.41,6.37,4.44
BATCH_003,68,15.65,0.0,2.41,6.37,3.88
BATCH_003,69,15.65,0.0,2.41,6.37,4.15
BATCH_003,70,15.66,0.0,2.41,6.37,4.49
BATCH_003,71,15.66,0.0,2.41,6.37,4.01
BATCH_003,72,15.67,0.0,2.41,6.37,4.41
BATCH_003,73,15.67,0.0,2.41,6.37,4.39
BATCH_003,74,15.68,0.0,2.41,6.37,4.12
BATCH_003,75,15.68,0.0,2.41,6.37,4.26
BATCH_003,76,15.68,0.0,2.41,6.37,3.85
BATCH_003,77,15.69,0.0,2.41,6.37,4.62
BATCH_003,78,15.69,0.0,2.41,6.37,4.21
BATCH_003,79,15.69,0.0,2.41,6.37,4.43
BATCH_003,80,15.69,0.0,2.41,6.37,4.39
BATCH_003,81,15.7,0.0,2.41,6.37,4.54
BATCH_003,82,15.7,0.0,2.41,6.37,4.19
BATCH_003,83,15.7,0.0,2.41,6.37,4.31
BATCH_003,84,15.7,0.0,2.41,6.37,4.39
BATCH_003,85,15.7,0.0,2.41,6.37,4.45
BATCH_003,86,15.7,0.0,2.41,6.37,4.51
BATCH_003,87,15.7,0.0,2.41,6.37,4.18
BATCH_003,88,15.7,0.0,2.41,6.37,4.14
BATCH_003,89,15.7,0.0,2.41,6.37,4.55
BATCH_003,90,15.7,0.0,2.41,6.37,3.87
BATCH_003,91,15.7,0.0,2.41,6.37,4.59
BATCH_003,92,15.71,0.0,2.41,6.37,4.22
BATCH_003,93,15.71,0.0,2.41,6.37,4.28
BATCH_003,94,15.71,0.0,2.41,6.37,4.14
BATCH_003,95,15.71,0.0,2.41,6.37,4.27
BATCH_003,96,15.71,0.0,2.41,6.37,4.53
BATCH_003,97,15.71,0.0,2.41,6.37,4.43
BATCH_003,98,15.71,0.0,2.41,6.37,4.38
BATCH_003,99,15.71,0.0,2.41,6.37,4.3
BATCH_003,100,15.71,0.0,2.41,6.37,3.99
BATCH_003,101,15.71,0.0,2.41,6.37,4.11
BATCH_003,102,15.71,0.0,2.41,6.37,4.21
BATCH_003,103,15.71,0.0,2.41,6.37,4.37
BATCH_003,104,15.71,0.0,2.41,6.37,4.29
BATCH_003,105,15.71,0.0,2.41,6.37,4.48
BATCH_003,106,15.71,0.0,2.41,6.37,4.38
BATCH_003,107,15.71,0.0,2.41,6.37,4.29
BATCH_003,108,15.71,0.0,2.41,6.37,4.74
BATCH_003,109,15.71,0.0,2.41,6.37,4.36
BATCH_003,110,15.71,0.0,2.41,6.37,4.19
BATCH_003,111,15.71,0.0,2.41,6.37,4.65
BATCH_003,112,15.71,0.0,2.41,6.37,4.52
BATCH_003,113,15.71,0.0,2.41,6.37,4.64
BATCH_003,114,15.71,0.0,2.41,6.37,4.26
BATCH_003,115,15.71,0.0,2.41,6.37,4.48
BATCH_003,116,15.71,0.0,2.41,6.37,3.99
BATCH_003,117,15.71,0.0,2.41,6.37,4.44
BATCH_003,118,15.71,0.0,2.41,6.37,4.25
BATCH_003,119,15.71,0.0,2.41,6.37,4.01
BATCH_003,120,15.71,0.0,2.41,6.37,4.49
BATCH_004,0,12.83,13.46,0.42,0.0,6.22
BATCH_004,1,12.83,13.21,0.46,0.11,6.29
BATCH_004,2,12.84,12.95,0.49,0.23,6.91
BATCH_004,3,12.85,12.67,0.53,0.36,6.92
BATCH_004,4,12.85,12.36,0.58,0.5,7.96
BATCH_004,5,12.86,12.03,0.62,0.66,8.26
BATCH_004,6,12.87,11.67,0.67,0.82,8.39
BATCH_004,7,12.88,11.29,0.73,1.0,8.63
BATCH_004,8,12.89,10.88,0.78,1.19,9.77
BATCH_004,9,12.91,10.43,0.85,1.39,10.04
BATCH_004,10,12.92,9.95,0.91,1.61,10.91
BATCH_004,11,12.94,9.44,0.99,1.85,10.97
BATCH_004,12,12.96,8.89,1.06,2.1,11.84
BATCH_004,13,12.98,8.3,1.15,2.37,12.65
BATCH_004,14,13.0,7.67,1.23,2.66,13.38
BATCH_004,15,13.03,7.0,1.33,2.97,14.0
BATCH_004,16,13.06,6.28,1.43,3.3,14.94
BATCH_004,17,13.09,5.52,1.53,3.65,15.28
BATCH_004,18,13.12,4.72,1.65,4.02,16.06
BATCH_004,19,13.16,3.89,1.76,4.4,16.52
BATCH_004,20,13.21,3.03,1.88,4.8,16.68
BATCH_004,21,13.26,2.17,2.0,5.19,16.17
BATCH_004,22,13.31,1.35,2.12,5.57,14.08
BATCH_004,23,13.37,0.63,2.22,5.9,10.32
BATCH_004,24,13.43,0.14,2.29,6.12,5.18
BATCH_004,25,13.5,0.0,2.31,6.19,2.69
BATCH_004,26,13.57,0.0,2.31,6.19,2.53
BATCH_004,27,13.65,0.0,2.31,6.19,3.05
BATCH_004,28,13.73,0.0,2.31,6.19,2.82
BATCH_004,29,13.82,0.0,2.31,6.19,3.1
BATCH_004,30,13.91,0.0,2.31,6.19,2.95
BATCH_004,31,14.01,0.0,2.31,6.19,3.42
BATCH_004,32,14.11,0.0,2.31,6.19,3.43
BATCH_004,33,14.22,0.0,2.31,6.19,3.11
BATCH_004,34,14.32,0.0,2.31,6.19,3.44
BATCH_004,35,14.43,0.0,2.31,6.19,3.45
BATCH_004,36,14.54,0.0,2.31,6.19,3.68
BATCH_004,37,14.65,0.0,2.31,6.19,3.29
BATCH_004,38,14.76,0.0,2.31,6.19,3.71
BATCH_004,39,14.86,0.0,2.31,6.19,3.86
BATCH_004,40,14.97,0.0,2.31,6.19,3.37
BATCH_004,41,15.07,0.0,2.31,6.19,3.57
BATCH_004,42,15.17,0.0,2.31,6.19,3.47
BATCH_004,43,15.26,0.0,2.31,6.19,3.89
BATCH_004,44,15.35,0.0,2.31,6.19,4.16
BATCH_004,45,15.43,0.0,2.31,6.19,4.37
BATCH_004,46,15.51,0.0,2.31,6.19,4.15
BATCH_004,47,15.58,0.0,2.31,6.19,4.51
BATCH_004,48,15.65,0.0,2.31,6.19,3.96
BATCH_004,49,15.71,0.0,2.31,6.19,3.95
BATCH_004,50,15.77,0.0,2.31,6.19,4.32
BATCH_004,51,15.82,0.0,2.31,6.19,4.45
BATCH_004,52,15.87,0.0,2.31,6.19,4.4
BATCH_004,53,15.92,0.0,2.31,6.19,4.02
BATCH_004,54,15.96,0.0,2.31,6.19,4.45
BATCH_004,55,15.99,0.0,2.31,6.19,4.23
BATCH_004,56,16.02,0.0,2.31,6.19,4.65
BATCH_004,57,16.05,0.0,2.31,6.19,4.61
BATCH_004,58,16.08,0.0,2.31,6.19,4.37
BATCH_004,59,16.1,0.0,2.31,6.19,4.47
BATCH_004,60,16.12,0.0,2.31,6.19,4.38
BATCH_004,61,16.14,0.0,2.31,6.19,4.59
BATCH_004,62,16.16,0.0,2.31,6.19,4.81
BATCH_004,63,16.17,0.0,2.31,6.19,4.43
BATCH_004,64,16.19,0.0,2.31,6.19,4.74
BATCH_004,65,16.2,0.0,2.31,6.19,4.54
BATCH_004,66,16.21,0.0,2.31,6.19,4.5
BATCH_004,67,16.22,0.0,2.31,6.19,4.64
BATCH_004,68,16.23,0.0,2.31,6.19,4.46
BATCH_004,69,16.23,0.0,2.31,6.19,4.57
BATCH_004,70,16.24,0.0,2.31,6.19,4.44
BATCH_004,71,16.25,0.0,2.31,6.19,5.08
BATCH_004,72,16.25,0.0,2.31,6.19,4.7
BATCH_004,73,16.26,0.0,2.31,6.19,4.55
BATCH_004,74,16.26,0.0,2.31,6.19,4.74
BATCH_004,75,16.26,0.0,2.31,6.19,4.68
BATCH_004,76,16.27,0.0,2.31,6.19,4.66
BATCH_004,77,16.27,0.0,2.31,6.19,4.83
BATCH_004,78,16.27,0.0,2.31,6.19,4.86
BATCH_004,79,16.27,0.0,2.31,6.19,4.6
BATCH_004,80,16.28,0.0,2.31,6.19,4.59
BATCH_004,81,16.28,0.0,2.31,6.19,4.65
BATCH_004,82,16.28,0.0,2.31,6.19,4.25
BATCH_004,83,16.28,0.0,2.31,6.19,4.41
BATCH_004,84,16.28,0.0,2.31,6.19,4.98
BATCH_004,85,16.28,0.0,2.31,6.19,5.04
BATCH_004,86,16.28,0.0,2.31,6.19,4.66
BATCH_004,87,16.28,0.0,2.31,6.19,4.83
BATCH_004,88,16.29,0.0,2.31,6.19,4.78
BATCH_004,89,16.29,0.0,2.31,6.19,5.33
BATCH_004,90,16.29,0.0,2.31,6.19,4.94
BATCH_004,91,16.29,0.0,2.31,6.19,4.69
BATCH_004,92,16.29,0.0,2.31,6.19,4.52
BATCH_004,93,16.29,0.0,2.31,6.19,4.39
BATCH_004,94,16.29,0.0,2.31,6.19,4.76
BATCH_004,95,16.29,0.0,2.31,6.19,4.56
BATCH_004,96,16.29,0.0,2.31,6.19,4.43
BATCH_004,97,16.29,0.0,2.31,6.19,4.59
BATCH_004,98,16.29,0.0,2.31,6.19,4.5
BATCH_004,99,16.29,0.0,2.31,6.19,5.05
BATCH_004,100,16.29,0.0,2.31,6.19,4.89
BATCH_004,101,16.29,0.0,2.31,6.19,4.72
BATCH_004,102,16.29,0.0,2.31,6.19,5.01
BATCH_004,103,16.29,0.0,2.31,6.19,4.73
BATCH_004,104,16.29,0.0,2.31,6.19,4.54
BATCH_004,105,16.29,0.0,2.31,6.19,5.02
BATCH_004,106,16.29,0.0,2.31,6.19,4.83
BATCH_004,107,16.29,0.0,2.31,6.19,4.51
BATCH_004,108,16.29,0.0,2.31,6.19,4.68
BATCH_004,109,16.29,0.0,2.31,6.19,4.54
BATCH_004,110,16.29,0.0,2.31,6.19,4.44
BATCH_004,111,16.29,0.0,2.31,6.19,4.9
BATCH_004,112,16.29,0.0,2.31,6.19,5.1
BATCH_004,113,16.29,0.0,2.31,6.19,4.44
BATCH_004,114,16.29,0.0,2.31,6.19,4.83
BATCH_004,115,16.29,0.0,2.31,6.19,4.59
BATCH_004,116,16.29,0.0,2.31,6.19,4.62
BATCH_004,117,16.29,0.0,2.31,6.19,4.6
BATCH_004,118,16.29,0.0,2.31,6.19,4.54
BATCH_004,119,16.29,0.0,2.31,6.19,4.73
BATCH_004,120,16.29,0.0,2.31,6.19,4.55
BATCH_005,0,11.28,14.08,0.5,0.0,5.51
BATCH_005,1,11.29,13.81,0.54,0.12,5.75
BATCH_005,2,11.3,13.52,0.58,0.26,6.18
BATCH_005,3,11.3,13.21,0.62,0.4,6.57
BATCH_005,4,11.31,12.87,0.67,0.56,6.79
BATCH_005,5,11.32,12.51,0.72,0.72,7.27
BATCH_005,6,11.33,12.12,0.77,0.9,7.96
BATCH_005,7,11.34,11.71,0.83,1.09,8.39
BATCH_005,8,11.35,11.26,0.89,1.3,9.3
BATCH_005,9,11.36,10.78,0.96,1.52,9.78
BATCH_005,10,11.38,10.27,1.03,1.75,10.24
BATCH_005,11,11.39,9.73,1.11,2.0,10.54
BATCH_005,12,11.41,9.14,1.19,2.27,11.24
BATCH_005,13,11.43,8.52,1.28,2.56,11.84
BATCH_005,14,11.46,7.85,1.37,2.86,12.8
BATCH_005,15,11.48,7.15,1.47,3.19,12.91
BATCH_005,16,11.51,6.4,1.57,3.53,14.06
BATCH_005,17,11.54,5.61,1.68,3.9,14.75
BATCH_005,18,11.58,4.78,1.8,4.28,15.06
BATCH_005,19,11.62,3.92,1.92,4.67,15.89
BATCH_005,20,11.66,3.04,2.04,5.08,15.51
BATCH_005,21,11.71,2.17,2.17,5.48,15.14
BATCH_005,22,11.76,1.33,2.28,5.87,13.79
BATCH_005,23,11.82,0.61,2.38,6.2,9.01
BATCH_005,24,11.88,0.12,2.45,6.42,3.43
BATCH_005,25,11.95,0.0,2.47,6.48,1.38
BATCH_005,26,12.03,0.0,2.47,6.48,1.4
BATCH_005,27,12.1,0.0,2.47,6.48,1.73
BATCH_005,28,12.19,0.0,2.47,6.48,1.86
BATCH_005,29,12.28,0.0,2.47,6.48,1.86
BATCH_005,30,12.37,0.0,2.47,6.48,1.63
BATCH_005,31,12.47,0.0,2.47,6.48,2.34
BATCH_005,32,12.57,0.0,2.47,6.48,1.57
BATCH_005,33,12.67,0.0,2.47,6.48,1.8
BATCH_005,34,12.78,0.0,2.47,6.48,2.12
BATCH_005,35,12.89,0.0,2.47,6.48,2.18
BATCH_005,36,13.0,0.0,2.47,6.48,2.34
BATCH_005,37,13.11,0.0,2.47,6.48,2.65
BATCH_005,38,13.21,0.0,2.47,6.48,2.39
BATCH_005,39,13.32,0.0,2.47,6.48,2.51
BATCH_005,40,13.43,0.0,2.47,6.48,2.45
BATCH_005,41,13.53,0.0,2.47,6.48,2.76
BATCH_005,42,13.62,0.0,2.47,6.48,2.65
BATCH_005,43,13.72,0.0,2.47,6.48,2.72
BATCH_005,44,13.81,0.0,2.47,6.48,2.96
BATCH_005,45,13.89,0.0,2.47,6.48,3.12
BATCH_005,46,13.97,0.0,2.47,6.48,2.53
BATCH_005,47,14.04,0.0,2.47,6.48,3.1
BATCH_005,48,14.11,0.0,2.47,6.48,3.03
BATCH_005,49,14.17,0.0,2.47,6.48,3.32
BATCH_005,50,14.23,0.0,2.47,6.48,3.12
BATCH_005,51,14.28,0.0,2.47,6.48,3.47
BATCH_005,52,14.33,0.0,2.47,6.48,3.11
BATCH_005,53,14.37,0.0,2.47,6.48,2.83
BATCH_005,54,14.41,0.0,2.47,6.48,3.52
BATCH_005,55,14.45,0.0,2.47,6.48,3.17
BATCH_005,56,14.48,0.0,2.47,6.48,3.04
BATCH_005,57,14.51,0.0,2.47,6.48,3.39
BATCH_005,58,14.54,0.0,2.47,6.48,3.35
BATCH_005,59,14.56,0.0,2.47,6.48,3.58
BATCH_005,60,14.58,0.0,2.47,6.48,3.61
BATCH_005,61,14.6,0.0,2.47,6.48,3.47
BATCH_005,62,14.62,0.0,2.47,6.48,3.28
BATCH_005,63,14.63,0.0,2.47,6.48,3.53
BATCH_005,64,14.64,0.0,2.47,6.48,3.52
BATCH_005,65,14.66,0.0,2.47,6.48,3.61
BATCH_005,66,14.67,0.0,2.47,6.48,3.32
BATCH_005,67,14.68,0.0,2.47,6.48,3.43
BATCH_005,68,14.68,0.0,2.47,6.48,3.61
BATCH_005,69,14.69,0.0,2.47,6.48,3.77
BATCH_005,70,14.7,0.0,2.47,6.48,3.72
BATCH_005,71,14.7,0.0,2.47,6.48,3.54
BATCH_005,72,14.71,0.0,2.47,6.48,3.43
BATCH_005,73,14.71,0.0,2.47,6.48,3.62
BATCH_005,74,14.72,0.0,2.47,6.48,3.32
BATCH_005,75,14.72,0.0,2.47,6.48,3.38
BATCH_005,76,14.72,0.0,2.47,6.48,3.84
BATCH_005,77,14.73,0.0,2.47,6.48,3.62
BATCH_005,78,14.73,0.0,2.47,6.48,3.48
BATCH_005,79,14.73,0.0,2.47,6.48,3.71
BATCH_005,80,14.73,0.0,2.47,6.48,3.81
BATCH_005,81,14.73,0.0,2.47,6.48,3.46
BATCH_005,82,14.74,0.0,2.47,6.48,3.47
BATCH_005,83,14.74,0.0,2.47,6.48,3.44
BATCH_005,84,14.74,0.0,2.47,6.48,3.75
BATCH_005,85,14.74,0.0,2.47,6.48,3.75
BATCH_005,86,14.74,0.0,2.47,6.48,3.83
BATCH_005,87,14.74,0.0,2.47,6.48,3.76
BATCH_005,88,14.74,0.0,2.47,6.48,3.23
BATCH_005,89,14.74,0.0,2.47,6.48,3.61
BATCH_005,90,14.74,0.0,2.47,6.48,3.35
BATCH_005,91,14.74,0.0,2.47,6.48,3.45
BATCH_005,92,14.74,0.0,2.47,6.48,3.59
BATCH_005,93,14.74,0.0,2.47,6.48,3.72
BATCH_005,94,14.74,0.0,2.47,6.48,3.38
BATCH_005,95,14.74,0.0,2.47,6.48,3.09
BATCH_005,96,14.74,0.0,2.47,6.48,3.59
BATCH_005,97,14.74,0.0,2.47,6.48,4.09
BATCH_005,98,14.74,0.0,2.47,6.48,3.52
BATCH_005,99,14.75,0.0,2.47,6.48,3.57
BATCH_005,100,14.75,0.0,2.47,6.48,3.92
BATCH_005,101,14.75,0.0,2.47,6.48,3.68
BATCH_005,102,14.75,0.0,2.47,6.48,3.6
BATCH_005,103,14.75,0.0,2.47,6.48,3.65
BATCH_005,104,14.75,0.0,2.47,6.48,3.61
BATCH_005,105,14.75,0.0,2.47,6.48,3.33
BATCH_005,106,14.75,0.0,2.47,6.48,3.29
BATCH_005,107,14.75,0.0,2.47,6.48,3.94
BATCH_005,108,14.75,0.0,2.47,6.48,3.6
BATCH_005,109,14.75,0.0,2.47,6.48,3.58
BATCH_005,110,14.75,0.0,2.47,6.48,3.54
BATCH_005,111,14.75,0.0,2.47,6.48,3.72
BATCH_005,112,14.75,0.0,2.47,6.48,4.07
BATCH_005,113,14.75,0.0,2.47,6.48,3.66
BATCH_005,114,14.75,0.0,2.47,6.48,3.44
BATCH_005,115,14.75,0.0,2.47,6.48,3.53
BATCH_005,116,14.75,0.0,2.47,6.48,3.77
BATCH_005,117,14.75,0.0,2.47,6.48,3.44
BATCH_005,118,14.75,0.0,2.47,6.48,3.73
BATCH_005,119,14.75,0.0,2.47,6.48,3.1
BATCH_005,120,14.75,0.0,2.47,6.48,3.51
BATCH_006,0,12.03,14.19,0.55,0.0,6.46
BATCH_006,1,12.04,13.88,0.59,0.14,6.96
BATCH_006,2,12.04,13.55,0.64,0.29,7.14
BATCH_006,3,12.05,13.19,0.69,0.46,7.84
BATCH_006,4,12.06,12.8,0.74,0.64,8.32
BATCH_006,5,12.07,12.39,0.8,0.83,8.36
BATCH_006,6,12.08,11.94,0.86,1.03,9.44
BATCH_006,7,12.09,11.47,0.93,1.25,10.0
BATCH_006,8,12.1,10.95,1.0,1.49,10.81
BATCH_006,9,12.11,10.4,1.08,1.74,11.71
BATCH_006,10,12.13,9.81,1.16,2.01,12.26
BATCH_006,11,12.14,9.18,1.25,2.31,12.71
BATCH_006,12,12.16,8.5,1.35,2.62,13.3
BATCH_006,13,12.18,7.78,1.45,2.95,14.81
BATCH_006,14,12.21,7.01,1.56,3.3,15.08
BATCH_006,15,12.23,6.2,1.67,3.68,15.82
BATCH_006,16,12.26,5.34,1.79,4.07,16.48
BATCH_006,17,12.29,4.45,1.91,4.48,17.04
BATCH_006,18,12.33,3.52,2.04,4.91,17.19
BATCH_006,19,12.37,2.58,2.18,5.34,16.76
BATCH_006,20,12.41,1.67,2.3,5.76,15.34
BATCH_006,21,12.46,0.84,2.42,6.14,12.01
BATCH_006,22,12.51,0.22,2.51,6.42,5.48
BATCH_006,23,12.57,0.0,2.54,6.53,1.79
BATCH_006,24,12.63,0.0,2.54,6.53,2.0
BATCH_006,25,12.7,0.0,2.54,6.53,1.97
BATCH_006,26,12.77,0.0,2.54,6.53,2.38
BATCH_006,27,12.85,0.0,2.54,6.53,1.61
BATCH_006,28,12.94,0.0,2.54,6.53,2.42
BATCH_006,29,13.02,0.0,2.54,6.53,2.52
BATCH_006,30,13.12,0.0,2.54,6.53,1.92
BATCH_006,31,13.22,0.0,2.54,6.53,2.34
BATCH_006,32,13.32,0.0,2.54,6.53,2.41
BATCH_006,33,13.42,0.0,2.54,6.53,2.28
BATCH_006,34,13.53,0.0,2.54,6.53,2.49
BATCH_006,35,13.64,0.0,2.54,6.53,2.5
BATCH_006,36,13.74,0.0,2.54,6.53,3.16
BATCH_006,37,13.85,0.0,2.54,6.53,3.08
BATCH_006,38,13.96,0.0,2.54,6.53,3.23
BATCH_006,39,14.07,0.0,2.54,6.53,3.2
BATCH_006,40,14.17,0.0,2.54,6.53,2.9
BATCH_006,41,14.27,0.0,2.54,6.53,3.1
BATCH_006,42,14.37,0.0,2.54,6.53,3.38
BATCH_006,43,14.47,0.0,2.54,6.53,3.1
BATCH_006,44,14.55,0.0,2.54,6.53,3.56
BATCH_006,45,14.64,0.0,2.54,6.53,3.43
BATCH_006,46,14.72,0.0,2.54,6.53,3.46
BATCH_006,47,14.79,0.0,2.54,6.53,3.73
BATCH_006,48,14.86,0.0,2.54,6.53,3.73
BATCH_006,49,14.92,0.0,2.54,6.53,3.62
BATCH_006,50,14.98,0.0,2.54,6.53,3.96
BATCH_006,51,15.03,0.0,2.54,6.53,3.56
BATCH_006,52,15.08,0.0,2.54,6.53,3.93
BATCH_006,53,15.12,0.0,2.54,6.53,3.96
BATCH_006,54,15.16,0.0,2.54,6.53,3.81
BATCH_006,55,15.2,0.0,2.54,6.53,3.96
BATCH_006,56,15.23,0.0,2.54,6.53,3.67
BATCH_006,57,15.26,0.0,2.54,6.53,4.13
BATCH_006,58,15.28,0.0,2.54,6.53,3.93
BATCH_006,59,15.31,0.0,2.54,6.53,3.88
BATCH_006,60,15.33,0.0,2.54,6.53,4.21
BATCH_006,61,15.35,0.0,2.54,6.53,3.87
BATCH_006,62,15.36,0.0,2.54,6.53,3.74
BATCH_006,63,15.38,0.0,2.54,6.53,3.72
BATCH_006,64,15.39,0.0,2.54,6.53,4.17
BATCH_006,65,15.4,0.0,2.54,6.53,3.8
BATCH_006,66,15.41,0.0,2.54,6.53,4.41
BATCH_006,67,15.42,0.0,2.54,6.53,3.65
BATCH_006,68,15.43,0.0,2.54,6.53,4.41
BATCH_006,69,15.44,0.0,2.54,6.53,4.12
BATCH_006,70,15.45,0.0,2.54,6.53,4.06
BATCH_006,71,15.45,0.0,2.54,6.53,3.98
BATCH_006,72,15.46,0.0,2.54,6.53,4.17
BATCH_006,73,15.46,0.0,2.54,6.53,4.09
BATCH_006,74,15.46,0.0,2.54,6.53,4.32
BATCH_006,75,15.47,0.0,2.54,6.53,4.12
BATCH_006,76,15.47,0.0,2.54,6.53,4.13
BATCH_006,77,15.47,0.0,2.54,6.53,4.03
BATCH_006,78,15.48,0.0,2.54,6.53,4.1
BATCH_006,79,15.48,0.0,2.54,6.53,4.17
BATCH_006,80,15.48,0.0,2.54,6.53,3.77
BATCH_006,81,15.48,0.0,2.54,6.53,3.84
BATCH_006,82,15.48,0.0,2.54,6.53,4.26
BATCH_006,83,15.49,0.0,2.54,6.53,4.15
BATCH_006,84,15.49,0.0,2.54,6.53,4.08
BATCH_006,85,15.49,0.0,2.54,6.53,4.12
BATCH_006,86,15.49,0.0,2.54,6.53,4.19
BATCH_006,87,15.49,0.0,2.54,6.53,4.01
BATCH_006,88,15.49,0.0,2.54,6.53,3.96
BATCH_006,89,15.49,0.0,2.54,6.53,4.16
BATCH_006,90,15.49,0.0,2.54,6.53,3.92
BATCH_006,91,15.49,0.0,2.54,6.53,4.2
BATCH_006,92,15.49,0.0,2.54,6.53,3.78
BATCH_006,93,15.49,0.0,2.54,6.53,4.32
BATCH_006,94,15.49,0.0,2.54,6.53,4.21
BATCH_006,95,15.49,0.0,2.54,6.53,4.17
BATCH_006,96,15.49,0.0,2.54,6.53,4.32
BATCH_006,97,15.49,0.0,2.54,6.53,4.45
BATCH_006,98,15.49,0.0,2.54,6.53,4.32
BATCH_006,99,15.49,0.0,2.54,6.53,3.75
BATCH_006,100,15.49,0.0,2.54,6.53,3.86
BATCH_006,101,15.49,0.0,2.54,6.53,4.0
BATCH_006,102,15.49,0.0,2.54,6.53,4.13
BATCH_006,103,15.49,0.0,2.54,6.53,4.22
BATCH_006,104,15.49,0.0,2.54,6.53,3.98
BATCH_006,105,15.49,0.0,2.54,6.53,4.16
BATCH_006,106,15.49,0.0,2.54,6.53,3.97
BATCH_006,107,15.49,0.0,2.54,6.53,4.0
BATCH_006,108,15.49,0.0,2.54,6.53,3.84
BATCH_006,109,15.49,0.0,2.54,6.53,3.94
BATCH_006,110,15.49,0.0,2.54,6.53,3.85
BATCH_006,111,15.49,0.0,2.54,6.53,3.93
BATCH_006,112,15.49,0.0,2.54,6.53,4.33
BATCH_006,113,15.49,0.0,2.54,6.53,3.93
BATCH_006,114,15.49,0.0,2.54,6.53,4.65
BATCH_006,115,15.49,0.0,2.54,6.53,4.22
BATCH_006,116,15.49,0.0,2.54,6.53,4.16
BATCH_006,117,15.49,0.0,2.54,6.53,3.95
BATCH_006,118,15.49,0.0,2.54,6.53,4.26
BATCH_006,119,15.49,0.0,2.54,6.53,4.01
BATCH_006,120,15.49,0.0,2.54,6.53,4.15
BATCH_007,0,11.77,14.77,0.5,0.0,5.82
BATCH_007,1,11.78,14.49,0.53,0.13,6.29
BATCH_007,2,11.78,14.19,0.58,0.26,6.65
BATCH_007,3,11.79,13.87,0.62,0.41,6.96
BATCH_007,4,11.8,13.53,0.67,0.57,7.85
BATCH_007,5,11.81,13.16,0.72,0.74,7.92
BATCH_007,6,11.82,12.76,0.78,0.92,8.11
BATCH_007,7,11.83,12.33,0.84,1.12,8.88
BATCH_007,8,11.84,11.87,0.9,1.33,9.63
BATCH_007,9,11.85,11.38,0.97,1.56,10.24
BATCH_007,10,11.87,10.85,1.04,1.8,10.56
BATCH_007,11,11.88,10.28,1.12,2.06,11.64
BATCH_007,12,11.9,9.67,1.21,2.34,11.81
BATCH_007,13,11.92,9.02,1.3,2.64,13.13
BATCH_007,14,11.95,8.33,1.4,2.96,13.41
BATCH_007,15,11.97,7.59,1.5,3.3,14.41
BATCH_007,16,12.0,6.8,1.61,3.66,15.44
BATCH_007,17,12.03,5.97,1.73,4.05,15.98
BATCH_007,18,12.07,5.1,1.85,4.45,16.76
BATCH_007,19,12.11,4.18,1.98,4.87,17.17
BATCH_007,20,12.15,3.25,2.11,5.3,17.39
BATCH_007,21,12.2,2.31,2.24,5.73,16.74
BATCH_007,22,12.25,1.4,2.37,6.15,14.51
BATCH_007,23,12.31,0.62,2.48,6.51,10.43
BATCH_007,24,12.37,0.1,2.55,6.75,3.16
BATCH_007,25,12.44,0.0,2.57,6.79,1.82
BATCH_007,26,12.51,0.0,2.57,6.79,2.05
BATCH_007,27,12.59,0.0,2.57,6.79,1.97
BATCH_007,28,12.68,0.0,2.57,6.79,2.1
BATCH_007,29,12.77,0.0,2.57,6.79,2.03
BATCH_007,30,12.86,0.0,2.57,6.79,2.37
BATCH_007,31,12.96,0.0,2.57,6.79,2.2
BATCH_007,32,13.06,0.0,2.57,6.79,2.2
BATCH_007,33,13.16,0.0,2.57,6.79,2.55
BATCH_007,34,13.27,0.0,2.57,6.79,2.17
BATCH_007,35,13.38,0.0,2.57,6.79,2.63
BATCH_007,36,13.49,0.0,2.57,6.79,2.41
BATCH_007,37,13.59,0.0,2.57,6.79,2.95
BATCH_007,38,13.7,0.0,2.57,6.79,2.73
BATCH_007,39,13.81,0.0,2.57,6.79,2.88
BATCH_007,40,13.91,0.0,2.57,6.79,3.02
BATCH_007,41,14.02,0.0,2.57,6.79,2.63
BATCH_007,42,14.11,0.0,2.57,6.79,2.95
BATCH_007,43,14.21,0.0,2.57,6.79,3.36
BATCH_007,44,14.29,0.0,2.57,6.79,3.39
BATCH_007,45,14.38,0.0,2.57,6.79,3.34
BATCH_007,46,14.46,0.0,2.57,6.79,3.07
BATCH_007,47,14.53,0.0,2.57,6.79,3.51
BATCH_007,48,14.6,0.0,2.57,6.79,3.59
BATCH_007,49,14.66,0.0,2.57,6.79,3.5
BATCH_007,50,14.72,0.0,2.57,6.79,3.78
BATCH_007,51,14.77,0.0,2.57,6.79,3.44
BATCH_007,52,14.82,0.0,2.57,6.79,3.51
BATCH_007,53,14.86,0.0,2.57,6.79,3.15
BATCH_007,54,14.9,0.0,2.57,6.79,3.86
BATCH_007,55,14.94,0.0,2.57,6.79,3.77
BATCH_007,56,14.97,0.0,2.57,6.79,3.39
BATCH_007,57,15.0,0.0,2.57,6.79,3.4
BATCH_007,58,15.03,0.0,2.57,6.79,3.59
BATCH_007,59,15.05,0.0,2.57,6.79,3.95
BATCH_007,60,15.07,0.0,2.57,6.79,3.74
BATCH_007,61,15.09,0.0,2.57,6.79,3.66
BATCH_007,62,15.1,0.0,2.57,6.79,3.63
BATCH_007,63,15.12,0.0,2.57,6.79,3.63
BATCH_007,64,15.13,0.0,2.57,6.79,3.46
BATCH_007,65,15.14,0.0,2.57,6.79,3.62
BATCH_007,66,15.15,0.0,2.57,6.79,3.65
BATCH_007,67,15.16,0.0,2.57,6.79,4.01
BATCH_007,68,15.17,0.0,2.57,6.79,3.85
BATCH_007,69,15.18,0.0,2.57,6.79,3.72
BATCH_007,70,15.19,0.0,2.57,6.79,4.35
BATCH_007,71,15.19,0.0,2.57,6.79,3.76
BATCH_007,72,15.2,0.0,2.57,6.79,4.13
BATCH_007,73,15.2,0.0,2.57,6.79,4.23
BATCH_007,74,15.21,0.0,2.57,6.79,3.59
BATCH_007,75,15.21,0.0,2.57,6.79,3.92
BATCH_007,76,15.21,0.0,2.57,6.79,3.81
BATCH_007,77,15.21,0.0,2.57,6.79,3.79
BATCH_007,78,15.22,0.0,2.57,6.79,4.02
BATCH_007,79,15.22,0.0,2.57,6.79,3.79
BATCH_007,80,15.22,0.0,2.57,6.79,3.82
BATCH_007,81,15.22,0.0,2.57,6.79,3.88
BATCH_007,82,15.22,0.0,2.57,6.79,3.84
BATCH_007,83,15.23,0.0,2.57,6.79,3.68
BATCH_007,84,15.23,0.0,2.57,6.79,4.08
BATCH_007,85,15.23,0.0,2.57,6.79,4.13
BATCH_007,86,15.23,0.0,2.57,6.79,3.99
BATCH_007,87,15.23,0.0,2.57,6.79,3.85
BATCH_007,88,15.23,0.0,2.57,6.79,3.78
BATCH_007,89,15.23,0.0,2.57,6.79,3.78
BATCH_007,90,15.23,0.0,2.57,6.79,4.39
BATCH_007,91,15.23,0.0,2.57,6.79,4.11
BATCH_007,92,15.23,0.0,2.57,6.79,3.76
BATCH_007,93,15.23,0.0,2.57,6.79,3.96
BATCH_007,94,15.23,0.0,2.57,6.79,3.85
BATCH_007,95,15.23,0.0,2.57,6.79,4.04
BATCH_007,96,15.23,0.0,2.57,6.79,4.03
BATCH_007,97,15.23,0.0,2.57,6.79,4.14
BATCH_007,98,15.23,0.0,2.57,6.79,3.76
BATCH_007,99,15.23,0.0,2.57,6.79,3.95
BATCH_007,100,15.23,0.0,2.57,6.79,3.58
BATCH_007,101,15.23,0.0,2.57,6.79,3.67
BATCH_007,102,15.23,0.0,2.57,6.79,4.1
BATCH_007,103,15.23,0.0,2.57,6.79,3.74
BATCH_007,104,15.23,0.0,2.57,6.79,3.76
BATCH_007,105,15.23,0.0,2.57,6.79,3.92
BATCH_007,106,15.23,0.0,2.57,6.79,4.07
BATCH_007,107,15.23,0.0,2.57,6.79,3.71
BATCH_007,108,15.23,0.0,2.57,6.79,3.23
BATCH_007,109,15.23,0.0,2.57,6.79,3.75
BATCH_007,110,15.24,0.0,2.57,6.79,4.17
BATCH_007,111,15.24,0.0,2.57,6.79,3.99
BATCH_007,112,15.24,0.0,2.57,6.79,4.19
BATCH_007,113,15.24,0.0,2.57,6.79,3.7
BATCH_007,114,15.24,0.0,2.57,6.79,3.6
BATCH_007,115,15.24,0.0,2.57,6.79,4.02
BATCH_007,116,15.24,0.0,2.57,6.79,3.97
BATCH_007,117,15.24,0.0,2.57,6.79,3.99
BATCH_007,118,15.24,0.0,2.57,6.79,4.11
BATCH_007,119,15.24,0.0,2.57,6.79,4.01
BATCH_007,120,15.24,0.0,2.57,6.79,4.01
BATCH_008,0,12.53,14.21,0.52,0.0,6.98
BATCH_008,1,12.54,13.92,0.56,0.14,7.47
BATCH_008,2,12.55,13.6,0.61,0.28,7.74
BATCH_008,3,12.55,13.25,0.66,0.44,8.03
BATCH_008,4,12.56,12.88,0.71,0.61,8.57
BATCH_008,5,12.57,12.48,0.76,0.8,9.3
BATCH_008,6,12.58,12.04,0.82,1.0,9.45
BATCH_008,7,12.59,11.58,0.89,1.21,10.27
BATCH_008,8,12.6,11.08,0.96,1.44,10.75
BATCH_008,9,12.61,10.54,1.03,1.69,11.5
BATCH_008,10,12.63,9.96,1.12,1.96,12.45
BATCH_008,11,12.64,9.34,1.2,2.24,12.97
BATCH_008,12,12.66,8.68,1.29,2.55,13.7
BATCH_008,13,12.68,7.97,1.39,2.87,14.21
BATCH_008,14,12.71,7.22,1.5,3.22,15.43
BATCH_008,15,12.73,6.41,1.61,3.59,16.18
BATCH_008,16,12.76,5.56,1.73,3.98,17.2
BATCH_008,17,12.79,4.67,1.86,4.39,17.3
BATCH_008,18,12.83,3.75,1.99,4.81,17.73
BATCH_008,19,12.87,2.8,2.12,5.25,17.57
BATCH_008,20,12.91,1.87,2.25,5.68,16.73
BATCH_008,21,12.96,1.01,2.37,6.07,13.47
BATCH_008,22,13.01,0.33,2.46,6.39,7.73
BATCH_008,23,13.07,0.0,2.51,6.54,2.43
BATCH_008,24,13.13,0.0,2.51,6.54,2.39
BATCH_008,25,13.2,0.0,2.51,6.54,2.31
BATCH_008,26,13.28,0.0,2.51,6.54,2.5
BATCH_008,27,13.35,0.0,2.51,6.54,2.73
BATCH_008,28,13.44,0.0,2.51,6.54,2.37
BATCH_008,29,13.53,0.0,2.51,6.54,2.67
BATCH_008,30,13.62,0.0,2.51,6.54,2.57
BATCH_008,31,13.72,0.0,2.51,6.54,3.03
BATCH_008,32,13.82,0.0,2.51,6.54,2.56
BATCH_008,33,13.92,0.0,2.51,6.54,2.83
BATCH_008,34,14.03,0.0,2.51,6.54,3.1
BATCH_008,35,14.14,0.0,2.51,6.54,3.42
BATCH_008,36,14.25,0.0,2.51,6.54,3.17
BATCH_008,37,14.36,0.0,2.51,6.54,3.16
BATCH_008,38,14.46,0.0,2.51,6.54,3.72
BATCH_008,39,14.57,0.0,2.51,6.54,3.14
BATCH_008,40,14.67,0.0,2.51,6.54,3.07
BATCH_008,41,14.78,0.0,2.51,6.54,3.67
BATCH_008,42,14.87,0.0,2.51,6.54,3.55
BATCH_008,43,14.97,0.0,2.51,6.54,3.52
BATCH_008,44,15.06,0.0,2.51,6.54,3.93
BATCH_008,45,15.14,0.0,2.51,6.54,3.9
BATCH_008,46,15.22,0.0,2.51,6.54,3.8
BATCH_008,47,15.29,0.0,2.51,6.54,3.71
BATCH_008,48,15.36,0.0,2.51,6.54,4.19
BATCH_008,49,15.42,0.0,2.51,6.54,4.2
BATCH_008,50,15.48,0.0,2.51,6.54,4.09
BATCH_008,51,15.53,0.0,2.51,6.54,4.52
BATCH_008,52,15.58,0.0,2.51,6.54,3.97
BATCH_008,53,15.62,0.0,2.51,6.54,3.91
BATCH_008,54,15.66,0.0,2.51,6.54,4.11
BATCH_008,55,15.7,0.0,2.51,6.54,4.26
BATCH_008,56,15.73,0.0,2.51,6.54,4.35
BATCH_008,57,15.76,0.0,2.51,6.54,4.27
BATCH_008,58,15.79,0.0,2.51,6.54,4.41
BATCH_008,59,15.81,0.0,2.51,6.54,4.11
BATCH_008,60,15.83,0.0,2.51,6.54,4.66
BATCH_008,61,15.85,0.0,2.51,6.54,4.37
BATCH_008,62,15.87,0.0,2.51,6.54,4.62
BATCH_008,63,15.88,0.0,2.51,6.54,4.48
BATCH_008,64,15.89,0.0,2.51,6.54,4.51
BATCH_008,65,15.91,0.0,2.51,6.54,4.54
BATCH_008,66,15.92,0.0,2.51,6.54,4.53
BATCH_008,67,15.93,0.0,2.51,6.54,4.57
BATCH_008,68,15.93,0.0,2.51,6.54,4.72
BATCH_008,69,15.94,0.0,2.51,6.54,4.49
BATCH_008,70,15.95,0.0,2.51,6.54,4.6
BATCH_008,71,15.95,0.0,2.51,6.54,4.45
BATCH_008,72,15.96,0.0,2.51,6.54,4.76
BATCH_008,73,15.96,0.0,2.51,6.54,4.34
BATCH_008,74,15.97,0.0,2.51,6.54,4.83
BATCH_008,75,15.97,0.0,2.51,6.54,4.47
BATCH_008,76,15.97,0.0,2.51,6.54,4.19
BATCH_008,77,15.98,0.0,2.51,6.54,4.51
BATCH_008,78,15.98,0.0,2.51,6.54,4.35
BATCH_008,79,15.98,0.0,2.51,6.54,4.65
BATCH_008,80,15.98,0.0,2.51,6.54,4.36
BATCH_008,81,15.98,0.0,2.51,6.54,4.4
BATCH_008,82,15.99,0.0,2.51,6.54,4.11
BATCH_008,83,15.99,0.0,2.51,6.54,4.4
BATCH_008,84,15.99,0.0,2.51,6.54,4.01
BATCH_008,85,15.99,0.0,2.51,6.54,4.17
BATCH_008,86,15.99,0.0,2.51,6.54,4.64
BATCH_008,87,15.99,0.0,2.51,6.54,4.65
BATCH_008,88,15.99,0.0,2.51,6.54,4.58
BATCH_008,89,15.99,0.0,2.51,6.54,4.3
BATCH_008,90,15.99,0.0,2.51,6.54,4.48
BATCH_008,91,15.99,0.0,2.51,6.54,4.49
BATCH_008,92,15.99,0.0,2.51,6.54,4.26
BATCH_008,93,15.99,0.0,2.51,6.54,4.8
BATCH_008,94,15.99,0.0,2.51,6.54,4.67
BATCH_008,95,15.99,0.0,2.51,6.54,4.45
BATCH_008,96,15.99,0.0,2.51,6.54,4.5
BATCH_008,97,15.99,0.0,2.51,6.54,4.54
BATCH_008,98,15.99,0.0,2.51,6.54,4.09
BATCH_008,99,15.99,0.0,2.51,6.54,4.45
BATCH_008,100,16.0,0.0,2.51,6.54,4.36
BATCH_008,101,16.0,0.0,2.51,6.54,4.3
BATCH_008,102,16.0,0.0,2.51,6.54,4.44
BATCH_008,103,16.0,0.0,2.51,6.54,4.86
BATCH_008,104,16.0,0.0,2.51,6.54,4.62
BATCH_008,105,16.0,0.0,2.51,6.54,4.38
BATCH_008,106,16.0,0.0,2.51,6.54,4.61
BATCH_008,107,16.0,0.0,2.51,6.54,4.78
BATCH_008,108,16.0,0.0,2.51,6.54,4.68
BATCH_008,109,16.0,0.0,2.51,6.54,4.51
BATCH_008,110,16.0,0.0,2.51,6.54,4.37
BATCH_008,111,16.0,0.0,2.51,6.54,4.64
BATCH_008,112,16.0,0.0,2.51,6.54,4.58
BATCH_008,113,16.0,0.0,2.51,6.54,4.68
BATCH_008,114,16.0,0.0,2.51,6.54,4.62
BATCH_008,115,16.0,0.0,2.51,6.54,4.71
BATCH_008,116,16.0,0.0,2.51,6.54,4.39
BATCH_008,117,16.0,0.0,2.51,6.54,4.76
BATCH_008,118,16.0,0.0,2.51,6.54,4.54
BATCH_008,119,16.0,0.0,2.51,6.54,4.91
BATCH_008,120,16.0,0.0,2.51,6.54,4.36
BATCH_009,0,11.22,14.52,0.51,0.0,5.26
BATCH_009,1,11.22,14.24,0.55,0.13,5.71
BATCH_009,2,11.23,13.95,0.59,0.26,6.31
BATCH_009,3,11.24,13.63,0.63,0.41,6.81
BATCH_009,4,11.24,13.29,0.68,0.57,7.6
BATCH_009,5,11.25,12.92,0.73,0.74,7.44
BATCH_009,6,11.26,12.52,0.79,0.92,7.75
BATCH_009,7,11.27,12.1,0.85,1.11,8.6
BATCH_009,8,11.28,11.65,0.91,1.32,8.77
BATCH_009,9,11.3,11.16,0.98,1.55,9.69
BATCH_009,10,11.31,10.64,1.05,1.79,10.1
BATCH_009,11,11.33,10.08,1.13,2.04,10.89
BATCH_009,12,11.35,9.48,1.21,2.32,11.74
BATCH_009,13,11.37,8.84,1.3,2.61,12.21
BATCH_009,14,11.39,8.16,1.4,2.92,13.15
BATCH_009,15,11.42,7.44,1.5,3.26,13.87
BATCH_009,16,11.45,6.68,1.61,3.61,14.05
BATCH_009,17,11.48,5.87,1.72,3.98,14.94
BATCH_009,18,11.51,5.02,1.84,4.37,15.4
BATCH_009,19,11.55,4.13,1.96,4.78,16.53
BATCH_009,20,11.6,3.23,2.09,5.19,16.19
BATCH_009,21,11.64,2.32,2.22,5.61,16.02
BATCH_009,22,11.7,1.44,2.34,6.02,13.59
BATCH_009,23,11.76,0.68,2.45,6.37,9.96
BATCH_009,24,11.82,0.15,2.52,6.61,3.94
BATCH_009,25,11.89,0.0,2.54,6.68,1.45
BATCH_009,26,11.96,0.0,2.54,6.68,1.58
BATCH_009,27,12.04,0.0,2.54,6.68,1.28
BATCH_009,28,12.12,0.0,2.54,6.68,1.87
BATCH_009,29,12.21,0.0,2.54,6.68,1.81
BATCH_009,30,12.3,0.0,2.54,6.68,1.81
BATCH_009,31,12.4,0.0,2.54,6.68,1.66
BATCH_009,32,12.5,0.0,2.54,6.68,1.94
BATCH_009,33,12.61,0.0,2.54,6.68,1.9
BATCH_009,34,12.71,0.0,2.54,6.68,1.7
BATCH_009,35,12.82,0.0,2.54,6.68,2.11
BATCH_009,36,12.93,0.0,2.54,6.68,2.17
BATCH_009,37,13.04,0.0,2.54,6.68,2.49
BATCH_009,38,13.15,0.0,2.54,6.68,1.91
BATCH_009,39,13.25,0.0,2.54,6.68,2.49
BATCH_009,40,13.36,0.0,2.54,6.68,2.29
BATCH_009,41,13.46,0.0,2.54,6.68,2.66
BATCH_009,42,13.56,0.0,2.54,6.68,2.74
BATCH_009,43,13.65,0.0,2.54,6.68,2.72
BATCH_009,44,13.74,0.0,2.54,6.68,2.97
BATCH_009,45,13.82,0.0,2.54,6.68,2.62
BATCH_009,46,13.9,0.0,2.54,6.68,3.15
BATCH_009,47,13.97,0.0,2.54,6.68,2.84
BATCH_009,48,14.04,0.0,2.54,6.68,2.72
BATCH_009,49,14.1,0.0,2.54,6.68,3.02
BATCH_009,50,14.16,0.0,2.54,6.68,2.7
BATCH_009,51,14.21,0.0,2.54,6.68,3.21
BATCH_009,52,14.26,0.0,2.54,6.68,3.14
BATCH_009,53,14.31,0.0,2.54,6.68,3.48
BATCH_009,54,14.35,0.0,2.54,6.68,3.39
BATCH_009,55,14.38,0.0,2.54,6.68,3.01
BATCH_009,56,14.41,0.0,2.54,6.68,3.14
BATCH_009,57,14.44,0.0,2.54,6.68,3.44
BATCH_009,58,14.47,0.0,2.54,6.68,3.52
BATCH_009,59,14.49,0.0,2.54,6.68,3.61
BATCH_009,60,14.51,0.0,2.54,6.68,3.63
BATCH_009,61,14.53,0.0,2.54,6.68,3.38
BATCH_009,62,14.55,0.0,2.54,6.68,3.48
BATCH_009,63,14.56,0.0,2.54,6.68,3.68
BATCH_009,64,14.58,0.0,2.54,6.68,3.37
BATCH_009,65,14.59,0.0,2.54,6.68,3.52
BATCH_009,66,14.6,0.0,2.54,6.68,3.38
BATCH_009,67,14.61,0.0,2.54,6.68,3.35
BATCH_009,68,14.62,0.0,2.54,6.68,3.47
BATCH_009,69,14.62,0.0,2.54,6.68,3.33
BATCH_009,70,14.63,0.0,2.54,6.68,3.45
BATCH_009,71,14.64,0.0,2.54,6.68,3.27
BATCH_009,72,14.64,0.0,2.54,6.68,3.44
BATCH_009,73,14.65,0.0,2.54,6.68,3.57
BATCH_009,74,14.65,0.0,2.54,6.68,3.37
BATCH_009,75,14.65,0.0,2.54,6.68,3.49
BATCH_009,76,14.66,0.0,2.54,6.68,3.52
BATCH_009,77,14.66,0.0,2.54,6.68,3.58
BATCH_009,78,14.66,0.0,2.54,6.68,3.47
BATCH_009,79,14.66,0.0,2.54,6.68,3.71
BATCH_009,80,14.67,0.0,2.54,6.68,3.08
BATCH_009,81,14.67,0.0,2.54,6.68,4.09
BATCH_009,82,14.67,0.0,2.54,6.68,3.33
BATCH_009,83,14.67,0.0,2.54,6.68,3.58
BATCH_009,84,14.67,0.0,2.54,6.68,3.32
BATCH_009,85,14.67,0.0,2.54,6.68,3.63
BATCH_009,86,14.67,0.0,2.54,6.68,3.56
BATCH_009,87,14.67,0.0,2.54,6.68,3.38
BATCH_009,88,14.67,0.0,2.54,6.68,3.72
BATCH_009,89,14.67,0.0,2.54,6.68,3.47
BATCH_009,90,14.68,0.0,2.54,6.68,3.62
BATCH_009,91,14.68,0.0,2.54,6.68,3.32
BATCH_009,92,14.68,0.0,2.54,6.68,3.5
BATCH_009,93,14.68,0.0,2.54,6.68,3.91
BATCH_009,94,14.68,0.0,2.54,6.68,3.7
BATCH_009,95,14.68,0.0,2.54,6.68,3.57
BATCH_009,96,14.68,0.0,2.54,6.68,3.42
BATCH_009,97,14.68,0.0,2.54,6.68,3.52
BATCH_009,98,14.68,0.0,2.54,6.68,3.55
BATCH_009,99,14.68,0.0,2.54,6.68,3.6
BATCH_009,100,14.68,0.0,2.54,6.68,3.29
BATCH_009,101,14.68,0.0,2.54,6.68,3.64
BATCH_009,102,14.68,0.0,2.54,6.68,3.29
BATCH_009,103,14.68,0.0,2.54,6.68,3.84
BATCH_009,104,14.68,0.0,2.54,6.68,3.35
BATCH_009,105,14.68,0.0,2.54,6.68,3.57
BATCH_009,106,14.68,0.0,2.54,6.68,3.71
BATCH_009,107,14.68,0.0,2.54,6.68,3.46
BATCH_009,108,14.68,0.0,2.54,6.68,3.58
BATCH_009,109,14.68,0.0,2.54,6.68,3.8
BATCH_009,110,14.68,0.0,2.54,6.68,3.62
BATCH_009,111,14.68,0.0,2.54,6.68,3.58
BATCH_009,112,14.68,0.0,2.54,6.68,3.17
BATCH_009,113,14.68,0.0,2.54,6.68,3.32
BATCH_009,114,14.68,0.0,2.54,6.68,3.72
BATCH_009,115,14.68,0.0,2.54,6.68,3.62
BATCH_009,116,14.68,0.0,2.54,6.68,3.65
BATCH_009,117,14.68,0.0,2.54,6.68,3.64
BATCH_009,118,14.68,0.0,2.54,6.68,3.77
BATCH_009,119,14.68,0.0,2.54,6.68,3.46
BATCH_009,120,14.68,0.0,2.54,6.68,3.53
BATCH_010,0,12.57,13.69,0.45,0.0,5.83
BATCH_010,1,12.57,13.44,0.48,0.12,6.29
BATCH_010,2,12.58,13.16,0.52,0.24,6.42
BATCH_010,3,12.59,12.86,0.57,0.38,7.11
BATCH_010,4,12.59,12.54,0.61,0.53,7.39
BATCH_010,5,12.6,12.19,0.66,0.69,8.43
BATCH_010,6,12.61,11.82,0.71,0.86,8.78
BATCH_010,7,12.62,11.42,0.77,1.04,8.95
BATCH_010,8,12.63,10.99,0.83,1.24,10.09
BATCH_010,9,12.65,10.52,0.89,1.46,10.41
BATCH_010,10,12.66,10.02,0.96,1.69,10.77
BATCH_010,11,12.68,9.49,1.04,1.93,10.98
BATCH_010,12,12.7,8.92,1.12,2.2,12.62
BATCH_010,13,12.72,8.3,1.2,2.48,12.59
BATCH_010,14,12.74,7.64,1.3,2.78,13.27
BATCH_010,15,12.77,6.94,1.39,3.1,14.55
BATCH_010,16,12.8,6.2,1.5,3.45,15.55
BATCH_010,17,12.83,5.41,1.61,3.81,16.02
BATCH_010,18,12.86,4.59,1.72,4.19,16.42
BATCH_010,19,12.9,3.73,1.84,4.58,16.77
BATCH_010,20,12.95,2.85,1.97,4.99,16.77
BATCH_010,21,13.0,1.98,2.09,5.39,15.95
BATCH_010,22,13.05,1.16,2.2,5.76,13.65
BATCH_010,23,13.11,0.48,2.3,6.08,9.18
BATCH_010,24,13.17,0.06,2.36,6.27,3.38
BATCH_010,25,13.24,0.0,2.37,6.3,2.28
BATCH_010,26,13.31,0.0,2.37,6.3,2.43
BATCH_010,27,13.39,0.0,2.37,6.3,2.2
BATCH_010,28,13.47,0.0,2.37,6.3,2.58
BATCH_010,29,13.56,0.0,2.37,6.3,2.47
BATCH_010,30,13.65,0.0,2.37,6.3,2.52
BATCH_010,31,13.75,0.0,2.37,6.3,2.85
BATCH_010,32,13.85,0.0,2.37,6.3,3.17
BATCH_010,33,13.96,0.0,2.37,6.3,3.15
BATCH_010,34,14.06,0.0,2.37,6.3,2.73
BATCH_010,35,14.17,0.0,2.37,6.3,2.93
BATCH_010,36,14.28,0.0,2.37,6.3,3.4
BATCH_010,37,14.39,0.0,2.37,6.3,3.1
BATCH_010,38,14.5,0.0,2.37,6.3,3.33
BATCH_010,39,14.6,0.0,2.37,6.3,3.56
BATCH_010,40,14.71,0.0,2.37,6.3,3.34
BATCH_010,41,14.81,0.0,2.37,6.3,3.63
BATCH_010,42,14.91,0.0,2.37,6.3,3.41
BATCH_010,43,15.0,0.0,2.37,6.3,3.63
BATCH_010,44,15.09,0.0,2.37,6.3,3.88
BATCH_010,45,15.17,0.0,2.37,6.3,3.56
BATCH_010,46,15.25,0.0,2.37,6.3,4.03
BATCH_010,47,15.32,0.0,2.37,6.3,3.99
BATCH_010,48,15.39,0.0,2.37,6.3,4.15
BATCH_010,49,15.45,0.0,2.37,6.3,4.14
BATCH_010,50,15.51,0.0,2.37,6.3,4.41
BATCH_010,51,15.56,0.0,2.37,6.3,4.2
BATCH_010,52,15.61,0.0,2.37,6.3,4.12
BATCH_010,53,15.66,0.0,2.37,6.3,4.27
BATCH_010,54,15.7,0.0,2.37,6.3,4.38
BATCH_010,55,15.73,0.0,2.37,6.3,4.31
BATCH_010,56,15.76,0.0,2.37,6.3,4.33
BATCH_010,57,15.79,0.0,2.37,6.3,4.2
BATCH_010,58,15.82,0.0,2.37,6.3,4.23
BATCH_010,59,15.84,0.0,2.37,6.3,4.1
BATCH_010,60,15.86,0.0,2.37,6.3,4.75
BATCH_010,61,15.88,0.0,2.37,6.3,4.16
BATCH_010,62,15.9,0.0,2.37,6.3,4.29
BATCH_010,63,15.91,0.0,2.37,6.3,4.29
BATCH_010,64,15.93,0.0,2.37,6.3,4.62
BATCH_010,65,15.94,0.0,2.37,6.3,4.4
BATCH_010,66,15.95,0.0,2.37,6.3,4.71
BATCH_010,67,15.96,0.0,2.37,6.3,4.33
BATCH_010,68,15.97,0.0,2.37,6.3,4.53
BATCH_010,69,15.97,0.0,2.37,6.3,4.31
BATCH_010,70,15.98,0.0,2.37,6.3,4.91
BATCH_010,71,15.99,0.0,2.37,6.3,4.25
BATCH_010,72,15.99,0.0,2.37,6.3,4.56
BATCH_010,73,16.0,0.0,2.37,6.3,4.62
BATCH_010,74,16.0,0.0,2.37,6.3,4.58
BATCH_010,75,16.0,0.0,2.37,6.3,4.47
BATCH_010,76,16.01,0.0,2.37,6.3,4.48
BATCH_010,77,16.01,0.0,2.37,6.3,4.52
BATCH_010,78,16.01,0.0,2.37,6.3,4.48
BATCH_010,79,16.01,0.0,2.37,6.3,4.7
BATCH_010,80,16.02,0.0,2.37,6.3,4.95
BATCH_010,81,16.02,0.0,2.37,6.3,4.4
BATCH_010,82,16.02,0.0,2.37,6.3,4.24
BATCH_010,83,16.02,0.0,2.37,6.3,4.5
BATCH_010,84,16.02,0.0,2.37,6.3,5.03
BATCH_010,85,16.02,0.0,2.37,6.3,4.36
BATCH_010,86,16.02,0.0,2.37,6.3,4.85
BATCH_010,87,16.02,0.0,2.37,6.3,4.85
BATCH_010,88,16.02,0.0,2.37,6.3,4.41
BATCH_010,89,16.03,0.0,2.37,6.3,4.63
BATCH_010,90,16.03,0.0,2.37,6.3,4.85
BATCH_010,91,16.03,0.0,2.37,6.3,4.44
BATCH_010,92,16.03,0.0,2.37,6.3,4.48
BATCH_010,93,16.03,0.0,2.37,6.3,4.4
BATCH_010,94,16.03,0.0,2.37,6.3,4.32
BATCH_010,95,16.03,0.0,2.37,6.3,4.39
BATCH_010,96,16.03,0.0,2.37,6.3,4.28
BATCH_010,97,16.03,0.0,2.37,6.3,4.53
BATCH_010,98,16.03,0.0,2.37,6.3,4.37
BATCH_010,99,16.03,0.0,2.37,6.3,4.57
BATCH_010,100,16.03,0.0,2.37,6.3,4.21
BATCH_010,101,16.03,0.0,2.37,6.3,4.59
BATCH_010,102,16.03,0.0,2.37,6.3,4.69
BATCH_010,103,16.03,0.0,2.37,6.3,4.12
BATCH_010,104,16.03,0.0,2.37,6.3,4.6
BATCH_010,105,16.03,0.0,2.37,6.3,4.77
BATCH_010,106,16.03,0.0,2.37,6.3,4.28
BATCH_010,107,16.03,0.0,2.37,6.3,4.86
BATCH_010,108,16.03,0.0,2.37,6.3,4.61
BATCH_010,109,16.03,0.0,2.37,6.3,4.38
BATCH_010,110,16.03,0.0,2.37,6.3,4.51
BATCH_010,111,16.03,0.0,2.37,6.3,4.63
BATCH_010,112,16.03,0.0,2.37,6.3,4.54
BATCH_010,113,16.03,0.0,2.37,6.3,4.63
BATCH_010,114,16.03,0.0,2.37,6.3,4.34
BATCH_010,115,16.03,0.0,2.37,6.3,4.56
BATCH_010,116,16.03,0.0,2.37,6.3,4.24
BATCH_010,117,16.03,0.0,2.37,6.3,4.5
BATCH_010,118,16.03,0.0,2.37,6.3,4.34
BATCH_010,119,16.03,0.0,2.37,6.3,4.38
BATCH_010,120,16.03,0.0,2.37,6.3,4.77
BATCH_011,0,13.08,14.33,0.52,0.0,7.26
BATCH_011,1,13.08,14.02,0.57,0.14,7.49
BATCH_011,2,13.09,13.69,0.61,0.29,8.23
BATCH_011,3,13.1,13.33,0.66,0.46,8.84
BATCH_011,4,13.1,12.95,0.72,0.64,9.21
BATCH_011,5,13.11,12.53,0.78,0.83,9.99
BATCH_011,6,13.12,12.08,0.84,1.03,10.18
BATCH_011,7,13.13,11.6,0.91,1.26,11.0
BATCH_011,8,13.14,11.08,0.98,1.5,11.51
BATCH_011,9,13.16,10.51,1.06,1.75,12.39
BATCH_011,10,13.17,9.91,1.14,2.03,13.17
BATCH_011,11,13.19,9.26,1.23,2.33,13.97
BATCH_011,12,13.21,8.57,1.33,2.65,14.45
BATCH_011,13,13.23,7.83,1.43,2.99,15.32
BATCH_011,14,13.25,7.03,1.55,3.36,16.19
BATCH_011,15,13.28,6.19,1.66,3.74,17.08
BATCH_011,16,13.31,5.3,1.79,4.15,17.87
BATCH_011,17,13.34,4.37,1.92,4.58,18.53
BATCH_011,18,13.37,3.41,2.05,5.02,18.41
BATCH_011,19,13.41,2.43,2.19,5.47,17.77
BATCH_011,20,13.46,1.49,2.32,5.9,16.67
BATCH_011,21,13.51,0.67,2.44,6.28,11.65
BATCH_011,22,13.56,0.11,2.52,6.54,4.59
BATCH_011,23,13.62,0.0,2.53,6.59,2.72
BATCH_011,24,13.68,0.0,2.53,6.59,2.81
BATCH_011,25,13.75,0.0,2.53,6.59,2.81
BATCH_011,26,13.82,0.0,2.53,6.59,2.79
BATCH_011,27,13.9,0.0,2.53,6.59,3.02
BATCH_011,28,13.98,0.0,2.53,6.59,2.9
BATCH_011,29,14.07,0.0,2.53,6.59,3.29
BATCH_011,30,14.16,0.0,2.53,6.59,3.24
BATCH_011,31,14.26,0.0,2.53,6.59,3.31
BATCH_011,32,14.36,0.0,2.53,6.59,3.17
BATCH_011,33,14.47,0.0,2.53,6.59,3.3
BATCH_011,34,14.57,0.0,2.53,6.59,3.19
BATCH_011,35,14.68,0.0,2.53,6.59,3.44
BATCH_011,36,14.79,0.0,2.53,6.59,3.39
BATCH_011,37,14.9,0.0,2.53,6.59,3.94
BATCH_011,38,15.01,0.0,2.53,6.59,3.77
BATCH_011,39,15.11,0.0,2.53,6.59,3.87
BATCH_011,40,15.22,0.0,2.53,6.59,3.87
BATCH_011,41,15.32,0.0,2.53,6.59,4.03
BATCH_011,42,15.42,0.0,2.53,6.59,4.56
BATCH_011,43,15.51,0.0,2.53,6.59,4.07
BATCH_011,44,15.6,0.0,2.53,6.59,4.07
BATCH_011,45,15.68,0.0,2.53,6.59,4.37
BATCH_011,46,15.76,0.0,2.53,6.59,3.82
BATCH_011,47,15.83,0.0,2.53,6.59,4.39
BATCH_011,48,15.9,0.0,2.53,6.59,4.35
BATCH_011,49,15.96,0.0,2.53,6.59,4.27
BATCH_011,50,16.02,0.0,2.53,6.59,4.62
BATCH_011,51,16.07,0.0,2.53,6.59,4.57
BATCH_011,52,16.12,0.0,2.53,6.59,4.23
BATCH_011,53,16.17,0.0,2.53,6.59,4.5
BATCH_011,54,16.21,0.0,2.53,6.59,4.08
BATCH_011,55,16.24,0.0,2.53,6.59,4.74
BATCH_011,56,16.27,0.0,2.53,6.59,4.76
BATCH_011,57,16.3,0.0,2.53,6.59,4.57
BATCH_011,58,16.33,0.0,2.53,6.59,4.86
BATCH_011,59,16.35,0.0,2.53,6.59,4.51
BATCH_011,60,16.37,0.0,2.53,6.59,4.59
BATCH_011,61,16.39,0.0,2.53,6.59,4.88
BATCH_011,62,16.41,0.0,2.53,6.59,4.67
BATCH_011,63,16.42,0.0,2.53,6.59,4.81
BATCH_011,64,16.44,0.0,2.53,6.59,4.72
BATCH_011,65,16.45,0.0,2.53,6.59,4.75
BATCH_011,66,16.46,0.0,2.53,6.59,4.77
BATCH_011,67,16.47,0.0,2.53,6.59,4.71
BATCH_011,68,16.48,0.0,2.53,6.59,4.92
BATCH_011,69,16.48,0.0,2.53,6.59,4.74
BATCH_011,70,16.49,0.0,2.53,6.59,4.87
BATCH_011,71,16.5,0.0,2.53,6.59,4.73
BATCH_011,72,16.5,0.0,2.53,6.59,4.57
BATCH_011,73,16.51,0.0,2.53,6.59,5.06
BATCH_011,74,16.51,0.0,2.53,6.59,4.98
BATCH_011,75,16.51,0.0,2.53,6.59,5.34
BATCH_011,76,16.52,0.0,2.53,6.59,4.68
BATCH_011,77,16.52,0.0,2.53,6.59,4.85
BATCH_011,78,16.52,0.0,2.53,6.59,4.87
BATCH_011,79,16.52,0.0,2.53,6.59,5.09
BATCH_011,80,16.53,0.0,2.53,6.59,4.79
BATCH_011,81,16.53,0.0,2.53,6.59,4.66
BATCH_011,82,16.53,0.0,2.53,6.59,5.14
BATCH_011,83,16.53,0.0,2.53,6.59,4.83
BATCH_011,84,16.53,0.0,2.53,6.59,5.07
BATCH_011,85,16.53,0.0,2.53,6.59,5.05
BATCH_011,86,16.53,0.0,2.53,6.59,4.89
BATCH_011,87,16.53,0.0,2.53,6.59,4.87
BATCH_011,88,16.53,0.0,2.53,6.59,4.82
BATCH_011,89,16.54,0.0,2.53,6.59,4.9
BATCH_011,90,16.54,0.0,2.53,6.59,5.07
BATCH_011,91,16.54,0.0,2.53,6.59,4.74
BATCH_011,92,16.54,0.0,2.53,6.59,4.92
BATCH_011,93,16.54,0.0,2.53,6.59,4.68
BATCH_011,94,16.54,0.0,2.53,6.59,4.7
BATCH_011,95,16.54,0.0,2.53,6.59,4.9
BATCH_011,96,16.54,0.0,2.53,6.59,4.51
BATCH_011,97,16.54,0.0,2.53,6.59,5.32
BATCH_011,98,16.54,0.0,2.53,6.59,4.67
BATCH_011,99,16.54,0.0,2.53,6.59,4.9
BATCH_011,100,16.54,0.0,2.53,6.59,5.14
BATCH_011,101,16.54,0.0,2.53,6.59,4.73
BATCH_011,102,16.54,0.0,2.53,6.59,4.44
BATCH_011,103,16.54,0.0,2.53,6.59,4.82
BATCH_011,104,16.54,0.0,2.53,6.59,4.73
BATCH_011,105,16.54,0.0,2.53,6.59,4.45
BATCH_011,106,16.54,0.0,2.53,6.59,4.96
BATCH_011,107,16.54,0.0,2.53,6.59,4.95
BATCH_011,108,16.54,0.0,2.53,6.59,5.13
BATCH_011,109,16.54,0.0,2.53,6.59,4.68
BATCH_011,110,16.54,0.0,2.53,6.59,4.58
BATCH_011,111,16.54,0.0,2.53,6.59,4.82
BATCH_011,112,16.54,0.0,2.53,6.59,4.89
BATCH_011,113,16.54,0.0,2.53,6.59,5.09
BATCH_011,114,16.54,0.0,2.53,6.59,5.19
BATCH_011,115,16.54,0.0,2.53,6.59,5.15
BATCH_011,116,16.54,0.0,2.53,6.59,4.96
BATCH_011,117,16.54,0.0,2.53,6.59,5.06
BATCH_011,118,16.54,0.0,2.53,6.59,4.78
BATCH_011,119,16.54,0.0,2.53,6.59,4.94
BATCH_011,120,16.54,0.0,2.53,6.59,4.67
BATCH_012,0,12.53,14.02,0.5,0.0,6.99
BATCH_012,1,12.54,13.73,0.54,0.13,6.95
BATCH_012,2,12.55,13.42,0.59,0.27,7.46
BATCH_012,3,12.55,13.09,0.63,0.43,7.59
BATCH_012,4,12.56,12.73,0.68,0.59,8.13
BATCH_012,5,12.57,12.34,0.74,0.77,9.06
BATCH_012,6,12.58,11.92,0.8,0.97,9.22
BATCH_012,7,12.59,11.47,0.86,1.17,9.72
BATCH_012,8,12.6,10.99,0.93,1.39,10.64
BATCH_012,9,12.61,10.47,1.0,1.63,11.41
BATCH_012,10,12.63,9.91,1.08,1.89,12.0
BATCH_012,11,12.64,9.31,1.16,2.17,12.77
BATCH_012,12,12.66,8.67,1.25,2.46,13.16
BATCH_012,13,12.68,7.98,1.35,2.78,13.79
BATCH_012,14,12.71,7.25,1.45,3.11,15.15
BATCH_012,15,12.73,6.47,1.56,3.47,15.55
BATCH_012,16,12.76,5.65,1.68,3.85,16.28
BATCH_012,17,12.79,4.79,1.8,4.25,17.2
BATCH_012,18,12.83,3.89,1.92,4.66,17.43
BATCH_012,19,12.87,2.97,2.05,5.08,17.38
BATCH_012,20,12.91,2.05,2.18,5.51,16.89
BATCH_012,21,12.96,1.18,2.3,5.9,13.98
BATCH_012,22,13.01,0.46,2.4,6.24,9.42
BATCH_012,23,13.07,0.04,2.46,6.43,2.99
BATCH_012,24,13.13,0.0,2.47,6.45,2.4
BATCH_012,25,13.2,0.0,2.47,6.45,2.71
BATCH_012,26,13.28,0.0,2.47,6.45,2.56
BATCH_012,27,13.35,0.0,2.47,6.45,2.62
BATCH_012,28,13.44,0.0,2.47,6.45,2.79
BATCH_012,29,13.53,0.0,2.47,6.45,2.57
BATCH_012,30,13.62,0.0,2.47,6.45,2.55
BATCH_012,31,13.72,0.0,2.47,6.45,2.58
BATCH_012,32,13.82,0.0,2.47,6.45,2.47
BATCH_012,33,13.92,0.0,2.47,6.45,3.35
BATCH_012,34,14.03,0.0,2.47,6.45,2.8
BATCH_012,35,14.14,0.0,2.47,6.45,3.06
BATCH_012,36,14.25,0.0,2.47,6.45,3.13
BATCH_012,37,14.36,0.0,2.47,6.45,3.33
BATCH_012,38,14.46,0.0,2.47,6.45,3.51
BATCH_012,39,14.57,0.0,2.47,6.45,3.6
BATCH_012,40,14.68,0.0,2.47,6.45,3.39
BATCH_012,41,14.78,0.0,2.47,6.45,3.55
BATCH_012,42,14.87,0.0,2.47,6.45,3.71
BATCH_012,43,14.97,0.0,2.47,6.45,3.68
BATCH_012,44,15.06,0.0,2.47,6.45,4.11
BATCH_012,45,15.14,0.0,2.47,6.45,3.95
BATCH_012,46,15.22,0.0,2.47,6.45,4.06
BATCH_012,47,15.29,0.0,2.47,6.45,4.1
BATCH_012,48,15.36,0.0,2.47,6.45,4.25
BATCH_012,49,15.42,0.0,2.47,6.45,4.1
BATCH_012,50,15.48,0.0,2.47,6.45,3.85
BATCH_012,51,15.53,0.0,2.47,6.45,4.23
BATCH_012,52,15.58,0.0,2.47,6.45,4.05
BATCH_012,53,15.62,0.0,2.47,6.45,4.11
BATCH_012,54,15.66,0.0,2.47,6.45,4.36
BATCH_012,55,15.7,0.0,2.47,6.45,4.52
BATCH_012,56,15.73,0.0,2.47,6.45,4.3
BATCH_012,57,15.76,0.0,2.47,6.45,4.38
BATCH_012,58,15.79,0.0,2.47,6.45,4.68
BATCH_012,59,15.81,0.0,2.47,6.45,4.41
BATCH_012,60,15.83,0.0,2.47,6.45,4.89
BATCH_012,61,15.85,0.0,2.47,6.45,4.5
BATCH_012,62,15.87,0.0,2.47,6.45,4.05
BATCH_012,63,15.88,0.0,2.47,6.45,4.56
BATCH_012,64,15.89,0.0,2.47,6.45,4.5
BATCH_012,65,15.91,0.0,2.47,6.45,4.69
BATCH_012,66,15.92,0.0,2.47,6.45,4.57
BATCH_012,67,15.93,0.0,2.47,6.45,4.42
BATCH_012,68,15.93,0.0,2.47,6.45,4.21
BATCH_012,69,15.94,0.0,2.47,6.45,4.41
BATCH_012,70,15.95,0.0,2.47,6.45,4.29
BATCH_012,71,15.95,0.0,2.47,6.45,4.35
BATCH_012,72,15.96,0.0,2.47,6.45,4.59
BATCH_012,73,15.96,0.0,2.47,6.45,4.81
BATCH_012,74,15.97,0.0,2.47,6.45,4.55
BATCH_012,75,15.97,0.0,2.47,6.45,4.24
BATCH_012,76,15.97,0.0,2.47,6.45,4.57
BATCH_012,77,15.98,0.0,2.47,6.45,4.72
BATCH_012,78,15.98,0.0,2.47,6.45,4.36
BATCH_012,79,15.98,0.0,2.47,6.45,4.46
BATCH_012,80,15.98,0.0,2.47,6.45,4.49
BATCH_012,81,15.98,0.0,2.47,6.45,4.33
BATCH_012,82,15.99,0.0,2.47,6.45,4.62
BATCH_012,83,15.99,0.0,2.47,6.45,4.47
BATCH_012,84,15.99,0.0,2.47,6.45,4.57
BATCH_012,85,15.99,0.0,2.47,6.45,4.31
BATCH_012,86,15.99,0.0,2.47,6.45,4.4
BATCH_012,87,15.99,0.0,2.47,6.45,4.64
BATCH_012,88,15.99,0.0,2.47,6.45,4.42
BATCH_012,89,15.99,0.0,2.47,6.45,4.84
BATCH_012,90,15.99,0.0,2.47,6.45,4.41
BATCH_012,91,15.99,0.0,2.47,6.45,4.54
BATCH_012,92,15.99,0.0,2.47,6.45,4.68
BATCH_012,93,15.99,0.0,2.47,6.45,4.21
BATCH_012,94,15.99,0.0,2.47,6.45,4.14
BATCH_012,95,15.99,0.0,2.47,6.45,4.19
BATCH_012,96,15.99,0.0,2.47,6.45,4.75
BATCH_012,97,15.99,0.0,2.47,6.45,4.39
BATCH_012,98,15.99,0.0,2.47,6.45,5.01
BATCH_012,99,16.0,0.0,2.47,6.45,4.38
BATCH_012,100,16.0,0.0,2.47,6.45,4.53
BATCH_012,101,16.0,0.0,2.47,6.45,4.81
BATCH_012,102,16.0,0.0,2.47,6.45,4.9
BATCH_012,103,16.0,0.0,2.47,6.45,4.91
BATCH_012,104,16.0,0.0,2.47,6.45,4.74
BATCH_012,105,16.0,0.0,2.47,6.45,4.7
BATCH_012,106,16.0,0.0,2.47,6.45,4.62
BATCH_012,107,16.0,0.0,2.47,6.45,4.65
BATCH_012,108,16.0,0.0,2.47,6.45,4.39
BATCH_012,109,16.0,0.0,2.47,6.45,4.33
BATCH_012,110,16.0,0.0,2.47,6.45,4.5
BATCH_012,111,16.0,0.0,2.47,6.45,4.46
BATCH_012,112,16.0,0.0,2.47,6.45,4.41
BATCH_012,113,16.0,0.0,2.47,6.45,4.64
BATCH_012,114,16.0,0.0,2.47,6.45,4.69
BATCH_012,115,16.0,0.0,2.47,6.45,4.51
BATCH_012,116,16.0,0.0,2.47,6.45,4.79
BATCH_012,117,16.0,0.0,2.47,6.45,4.27
BATCH_012,118,16.0,0.0,2.47,6.45,4.46
BATCH_012,119,16.0,0.0,2.47,6.45,4.35
BATCH_012,120,16.0,0.0,2.47,6.45,4.12
BATCH_013,0,12.35,13.98,0.5,0.0,6.44
BATCH_013,1,12.36,13.69,0.53,0.13,6.88
BATCH_013,2,12.37,13.39,0.58,0.27,7.53
BATCH_013,3,12.37,13.07,0.62,0.42,7.36
BATCH_013,4,12.38,12.71,0.67,0.58,7.95
BATCH_013,5,12.39,12.34,0.72,0.75,8.56
BATCH_013,6,12.4,11.93,0.78,0.94,9.25
BATCH_013,7,12.41,11.49,0.84,1.14,9.51
BATCH_013,8,12.42,11.02,0.91,1.36,10.4
BATCH_013,9,12.43,10.51,0.98,1.59,10.4
BATCH_013,10,12.45,9.97,1.06,1.84,11.19
BATCH_013,11,12.46,9.39,1.14,2.11,12.2
BATCH_013,12,12.48,8.77,1.22,2.4,12.57
BATCH_013,13,12.5,8.1,1.32,2.7,13.37
BATCH_013,14,12.53,7.39,1.42,3.03,14.26
BATCH_013,15,12.55,6.63,1.52,3.38,15.27
BATCH_013,16,12.58,5.83,1.63,3.75,15.46
BATCH_013,17,12.61,4.99,1.75,4.13,16.5
BATCH_013,18,12.65,4.11,1.88,4.54,17.12
BATCH_013,19,12.69,3.21,2.0,4.95,16.98
BATCH_013,20,12.73,2.3,2.13,5.37,16.4
BATCH_013,21,12.78,1.42,2.25,5.77,14.79
BATCH_013,22,12.83,0.66,2.36,6.13,10.74
BATCH_013,23,12.89,0.13,2.43,6.37,4.66
BATCH_013,24,12.95,0.0,2.45,6.43,1.99
BATCH_013,25,13.02,0.0,2.45,6.43,2.26
BATCH_013,26,13.1,0.0,2.45,6.43,2.36
BATCH_013,27,13.17,0.0,2.45,6.43,2.3
BATCH_013,28,13.26,0.0,2.45,6.43,1.87
BATCH_013,29,13.35,0.0,2.45,6.43,2.48
BATCH_013,30,13.44,0.0,2.45,6.43,2.76
BATCH_013,31,13.54,0.0,2.45,6.43,2.81
BATCH_013,32,13.64,0.0,2.45,6.43,2.8
BATCH_013,33,13.74,0.0,2.45,6.43,2.59
BATCH_013,34,13.85,0.0,2.45,6.43,2.97
BATCH_013,35,13.96,0.0,2.45,6.43,2.85
BATCH_013,36,14.07,0.0,2.45,6.43,3.12
BATCH_013,37,14.18,0.0,2.45,6.43,3.16
BATCH_013,38,14.28,0.0,2.45,6.43,3.02
BATCH_013,39,14.39,0.0,2.45,6.43,3.11
BATCH_013,40,14.49,0.0,2.45,6.43,3.44
BATCH_013,41,14.6,0.0,2.45,6.43,3.4
BATCH_013,42,14.69,0.0,2.45,6.43,3.35
BATCH_013,43,14.79,0.0,2.45,6.43,3.41
BATCH_013,44,14.87,0.0,2.45,6.43,3.6
BATCH_013,45,14.96,0.0,2.45,6.43,4.03
BATCH_013,46,15.04,0.0,2.45,6.43,3.67
BATCH_013,47,15.11,0.0,2.45,6.43,3.83
BATCH_013,48,15.18,0.0,2.45,6.43,3.9
BATCH_013,49,15.24,0.0,2.45,6.43,3.7
BATCH_013,50,15.3,0.0,2.45,6.43,3.62
BATCH_013,51,15.35,0.0,2.45,6.43,3.81
BATCH_013,52,15.4,0.0,2.45,6.43,4.1
BATCH_013,53,15.44,0.0,2.45,6.43,4.1
BATCH_013,54,15.48,0.0,2.45,6.43,4.25
BATCH_013,55,15.52,0.0,2.45,6.43,4.16
BATCH_013,56,15.55,0.0,2.45,6.43,4.14
BATCH_013,57,15.58,0.0,2.45,6.43,4.06
BATCH_013,58,15.61,0.0,2.45,6.43,4.38
BATCH_013,59,15.63,0.0,2.45,6.43,4.04
BATCH_013,60,15.65,0.0,2.45,6.43,4.02
BATCH_013,61,15.67,0.0,2.45,6.43,4.37
BATCH_013,62,15.69,0.0,2.45,6.43,4.0
BATCH_013,63,15.7,0.0,2.45,6.43,4.76
BATCH_013,64,15.71,0.0,2.45,6.43,4.3
BATCH_013,65,15.73,0.0,2.45,6.43,4.36
BATCH_013,66,15.74,0.0,2.45,6.43,4.14
BATCH_013,67,15.74,0.0,2.45,6.43,4.25
BATCH_013,68,15.75,0.0,2.45,6.43,4.23
BATCH_013,69,15.76,0.0,2.45,6.43,4.21
BATCH_013,70,15.77,0.0,2.45,6.43,4.45
BATCH_013,71,15.77,0.0,2.45,6.43,4.24
BATCH_013,72,15.78,0.0,2.45,6.43,4.54
BATCH_013,73,15.78,0.0,2.45,6.43,4.87
BATCH_013,74,15.79,0.0,2.45,6.43,4.28
BATCH_013,75,15.79,0.0,2.45,6.43,4.37
BATCH_013,76,15.79,0.0,2.45,6.43,4.42
BATCH_013,77,15.8,0.0,2.45,6.43,4.71
BATCH_013,78,15.8,0.0,2.45,6.43,4.33
BATCH_013,79,15.8,0.0,2.45,6.43,4.18
BATCH_013,80,15.8,0.0,2.45,6.43,4.1
BATCH_013,81,15.8,0.0,2.45,6.43,4.34
BATCH_013,82,15.8,0.0,2.45,6.43,4.26
BATCH_013,83,15.81,0.0,2.45,6.43,4.76
BATCH_013,84,15.81,0.0,2.45,6.43,4.71
BATCH_013,85,15.81,0.0,2.45,6.43,4.15
BATCH_013,86,15.81,0.0,2.45,6.43,4.21
BATCH_013,87,15.81,0.0,2.45,6.43,4.37
BATCH_013,88,15.81,0.0,2.45,6.43,4.64
BATCH_013,89,15.81,0.0,2.45,6.43,4.37
BATCH_013,90,15.81,0.0,2.45,6.43,4.23
BATCH_013,91,15.81,0.0,2.45,6.43,4.35
BATCH_013,92,15.81,0.0,2.45,6.43,4.23
BATCH_013,93,15.81,0.0,2.45,6.43,4.48
BATCH_013,94,15.81,0.0,2.45,6.43,4.22
BATCH_013,95,15.81,0.0,2.45,6.43,4.26
BATCH_013,96,15.81,0.0,2.45,6.43,4.59
BATCH_013,97,15.81,0.0,2.45,6.43,4.21
BATCH_013,98,15.81,0.0,2.45,6.43,4.07
BATCH_013,99,15.81,0.0,2.45,6.43,4.38
BATCH_013,100,15.81,0.0,2.45,6.43,4.29
BATCH_013,101,15.82,0.0,2.45,6.43,4.46
BATCH_013,102,15.82,0.0,2.45,6.43,4.42
BATCH_013,103,15.82,0.0,2.45,6.43,4.36
BATCH_013,104,15.82,0.0,2.45,6.43,4.35
BATCH_013,105,15.82,0.0,2.45,6.43,4.21
BATCH_013,106,15.82,0.0,2.45,6.43,4.38
BATCH_013,107,15.82,0.0,2.45,6.43,4.54
BATCH_013,108,15.82,0.0,2.45,6.43,4.17
BATCH_013,109,15.82,0.0,2.45,6.43,4.36
BATCH_013,110,15.82,0.0,2.45,6.43,4.57
BATCH_013,111,15.82,0.0,2.45,6.43,4.46
BATCH_013,112,15.82,0.0,2.45,6.43,4.62
BATCH_013,113,15.82,0.0,2.45,6.43,4.25
BATCH_013,114,15.82,0.0,2.45,6.43,4.0
BATCH_013,115,15.82,0.0,2.45,6.43,4.4
BATCH_013,116,15.82,0.0,2.45,6.43,4.43
BATCH_013,117,15.82,0.0,2.45,6.43,4.64
BATCH_013,118,15.82,0.0,2.45,6.43,4.6
BATCH_013,119,15.82,0.0,2.45,6.43,4.47
BATCH_013,120,15.82,0.0,2.45,6.43,4.52
BATCH_014,0,12.57,13.94,0.45,0.0,6.21
BATCH_014,1,12.57,13.68,0.49,0.12,6.39
BATCH_014,2,12.58,13.41,0.53,0.25,7.09
BATCH_014,3,12.59,13.11,0.57,0.38,7.21
BATCH_014,4,12.59,12.78,0.61,0.53,7.62
BATCH_014,5,12.6,12.43,0.66,0.69,7.96
BATCH_014,6,12.61,12.06,0.71,0.87,8.72
BATCH_014,7,12.62,11.65,0.77,1.05,9.56
BATCH_014,8,12.63,11.22,0.83,1.25,9.49
BATCH_014,9,12.65,10.75,0.9,1.47,10.29
BATCH_014,10,12.66,10.25,0.97,1.7,11.19
BATCH_014,11,12.68,9.71,1.04,1.95,11.55
BATCH_014,12,12.7,9.13,1.13,2.21,12.35
BATCH_014,13,12.72,8.51,1.21,2.5,12.77
BATCH_014,14,12.74,7.84,1.31,2.81,13.82
BATCH_014,15,12.77,7.14,1.4,3.13,14.45
BATCH_014,16,12.8,6.38,1.51,3.48,15.43
BATCH_014,17,12.83,5.59,1.62,3.84,16.17
BATCH_014,18,12.86,4.75,1.74,4.23,17.05
BATCH_014,19,12.9,3.88,1.86,4.63,17.04
BATCH_014,20,12.95,2.99,1.99,5.04,17.0
BATCH_014,21,13.0,2.09,2.11,5.45,16.26
BATCH_014,22,13.05,1.25,2.23,5.84,14.07
BATCH_014,23,13.11,0.53,2.33,6.17,9.85
BATCH_014,24,13.17,0.08,2.39,6.38,3.59
BATCH_014,25,13.24,0.0,2.41,6.41,2.46
BATCH_014,26,13.31,0.0,2.41,6.41,2.75
BATCH_014,27,13.39,0.0,2.41,6.41,2.34
BATCH_014,28,13.47,0.0,2.41,6.41,2.83
BATCH_014,29,13.56,0.0,2.41,6.41,2.93
BATCH_014,30,13.65,0.0,2.41,6.41,2.72
BATCH_014,31,13.75,0.0,2.41,6.41,2.39
BATCH_014,32,13.85,0.0,2.41,6.41,2.77
BATCH_014,33,13.96,0.0,2.41,6.41,3.23
BATCH_014,34,14.06,0.0,2.41,6.41,3.04
BATCH_014,35,14.17,0.0,2.41,6.41,2.93
BATCH_014,36,14.28,0.0,2.41,6.41,3.11
BATCH_014,37,14.39,0.0,2.41,6.41,3.46
BATCH_014,38,14.5,0.0,2.41,6.41,3.48
BATCH_014,39,14.61,0.0,2.41,6.41,3.41
BATCH_014,40,14.71,0.0,2.41,6.41,3.46
BATCH_014,41,14.81,0.0,2.41,6.41,3.53
BATCH_014,42,14.91,0.0,2.41,6.41,3.5
BATCH_014,43,15.0,0.0,2.41,6.41,4.07
BATCH_014,44,15.09,0.0,2.41,6.41,3.75
BATCH_014,45,15.17,0.0,2.41,6.41,4.12
BATCH_014,46,15.25,0.0,2.41,6.41,4.24
BATCH_014,47,15.32,0.0,2.41,6.41,4.19
BATCH_014,48,15.39,0.0,2.41,6.41,3.96
BATCH_014,49,15.46,0.0,2.41,6.41,4.17
BATCH_014,50,15.51,0.0,2.41,6.41,4.13
BATCH_014,51,15.57,0.0,2.41,6.41,3.99
BATCH_014,52,15.61,0.0,2.41,6.41,4.28
BATCH_014,53,15.66,0.0,2.41,6.41,4.01
BATCH_014,54,15.7,0.0,2.41,6.41,4.51
BATCH_014,55,15.73,0.0,2.41,6.41,4.21
BATCH_014,56,15.77,0.0,2.41,6.41,4.36
BATCH_014,57,15.79,0.0,2.41,6.41,4.4
BATCH_014,58,15.82,0.0,2.41,6.41,4.31
BATCH_014,59,15.84,0.0,2.41,6.41,4.5
BATCH_014,60,15.86,0.0,2.41,6.41,4.3
BATCH_014,61,15.88,0.0,2.41,6.41,4.59
BATCH_014,62,15.9,0.0,2.41,6.41,4.16
BATCH_014,63,15.92,0.0,2.41,6.41,4.46
BATCH_014,64,15.93,0.0,2.41,6.41,4.83
BATCH_014,65,15.94,0.0,2.41,6.41,4.26
BATCH_014,66,15.95,0.0,2.41,6.41,4.33
BATCH_014,67,15.96,0.0,2.41,6.41,4.57
BATCH_014,68,15.97,0.0,2.41,6.41,4.51
BATCH_014,69,15.98,0.0,2.41,6.41,4.55
BATCH_014,70,15.98,0.0,2.41,6.41,4.58
BATCH_014,71,15.99,0.0,2.41,6.41,4.62
BATCH_014,72,15.99,0.0,2.41,6.41,4.72
BATCH_014,73,16.0,0.0,2.41,6.41,4.58
BATCH_014,74,16.0,0.0,2.41,6.41,4.45
BATCH_014,75,16.0,0.0,2.41,6.41,4.64
BATCH_014,76,16.01,0.0,2.41,6.41,4.89
BATCH_014,77,16.01,0.0,2.41,6.41,4.48
BATCH_014,78,16.01,0.0,2.41,6.41,4.31
BATCH_014,79,16.01,0.0,2.41,6.41,4.73
BATCH_014,80,16.02,0.0,2.41,6.41,4.49
BATCH_014,81,16.02,0.0,2.41,6.41,4.08
BATCH_014,82,16.02,0.0,2.41,6.41,4.68
BATCH_014,83,16.02,0.0,2.41,6.41,4.41
BATCH_014,84,16.02,0.0,2.41,6.41,4.5
BATCH_014,85,16.02,0.0,2.41,6.41,4.58
BATCH_014,86,16.02,0.0,2.41,6.41,4.56
BATCH_014,87,16.03,0.0,2.41,6.41,4.66
BATCH_014,88,16.03,0.0,2.41,6.41,4.43
BATCH_014,89,16.03,0.0,2.41,6.41,4.62
BATCH_014,90,16.03,0.0,2.41,6.41,4.47
BATCH_014,91,16.03,0.0,2.41,6.41,4.67
BATCH_014,92,16.03,0.0,2.41,6.41,4.64
BATCH_014,93,16.03,0.0,2.41,6.41,4.33
BATCH_014,94,16.03,0.0,2.41,6.41,4.74
BATCH_014,95,16.03,0.0,2.41,6.41,4.41
BATCH_014,96,16.03,0.0,2.41,6.41,4.68
BATCH_014,97,16.03,0.0,2.41,6.41,4.6
BATCH_014,98,16.03,0.0,2.41,6.41,4.89
BATCH_014,99,16.03,0.0,2.41,6.41,4.48
BATCH_014,100,16.03,0.0,2.41,6.41,4.45
BATCH_014,101,16.03,0.0,2.41,6.41,4.52
BATCH_014,102,16.03,0.0,2.41,6.41,4.46
BATCH_014,103,16.03,0.0,2.41,6.41,4.68
BATCH_014,104,16.03,0.0,2.41,6.41,4.2
BATCH_014,105,16.03,0.0,2.41,6.41,4.31
BATCH_014,106,16.03,0.0,2.41,6.41,4.31
BATCH_014,107,16.03,0.0,2.41,6.41,4.71
BATCH_014,108,16.03,0.0,2.41,6.41,4.87
BATCH_014,109,16.03,0.0,2.41,6.41,4.5
BATCH_014,110,16.03,0.0,2.41,6.41,4.49
BATCH_014,111,16.03,0.0,2.41,6.41,4.54
BATCH_014,112,16.03,0.0,2.41,6.41,4.76
BATCH_014,113,16.03,0.0,2.41,6.41,4.34
BATCH_014,114,16.03,0.0,2.41,6.41,4.57
BATCH_014,115,16.03,0.0,2.41,6.41,4.72
BATCH_014,116,16.03,0.0,2.41,6.41,4.62
BATCH_014,117,16.03,0.0,2.41,6.41,4.56
BATCH_014,118,16.03,0.0,2.41,6.41,4.72
BATCH_014,119,16.03,0.0,2.41,6.41,3.98
BATCH_014,120,16.03,0.0,2.41,6.41,4.66
BATCH_015,0,12.74,13.8,0.43,0.0,6.28
BATCH_015,1,12.75,13.56,0.46,0.11,6.48
BATCH_015,2,12.75,13.29,0.5,0.23,7.2
BATCH_015,3,12.76,13.01,0.54,0.37,6.93
BATCH_015,4,12.77,12.7,0.58,0.51,7.8
BATCH_015,5,12.77,12.37,0.63,0.66,8.34
BATCH_015,6,12.78,12.01,0.68,0.83,8.25
BATCH_015,7,12.79,11.62,0.73,1.0,9.11
BATCH_015,8,12.81,11.21,0.79,1.19,9.29
BATCH_015,9,12.82,10.76,0.85,1.4,10.06
BATCH_015,10,12.83,10.28,0.92,1.62,10.6
BATCH_015,11,12.85,9.76,0.99,1.86,10.81
BATCH_015,12,12.87,9.21,1.07,2.11,12.05
BATCH_015,13,12.89,8.61,1.15,2.39,12.7
BATCH_015,14,12.91,7.98,1.24,2.68,13.7
BATCH_015,15,12.94,7.3,1.34,2.99,14.27
BATCH_015,16,12.97,6.57,1.44,3.33,15.35
BATCH_015,17,13.0,5.8,1.55,3.68,15.63
BATCH_015,18,13.04,5.0,1.66,4.05,16.22
BATCH_015,19,13.08,4.15,1.78,4.44,16.68
BATCH_015,20,13.12,3.28,1.9,4.84,16.81
BATCH_015,21,13.17,2.39,2.02,5.25,16.07
BATCH_015,22,13.22,1.54,2.14,5.64,15.02
BATCH_015,23,13.28,0.77,2.25,6.0,11.31
BATCH_015,24,13.34,0.21,2.33,6.25,6.03
BATCH_015,25,13.41,0.0,2.36,6.35,2.31
BATCH_015,26,13.48,0.0,2.36,6.35,2.43
BATCH_015,27,13.56,0.0,2.36,6.35,2.54
BATCH_015,28,13.64,0.0,2.36,6.35,2.69
BATCH_015,29,13.73,0.0,2.36,6.35,2.8
BATCH_015,30,13.83,0.0,2.36,6.35,3.09
BATCH_015,31,13.92,0.0,2.36,6.35,2.83
BATCH_015,32,14.02,0.0,2.36,6.35,3.11
BATCH_015,33,14.13,0.0,2.36,6.35,3.64
BATCH_015,34,14.23,0.0,2.36,6.35,3.25
BATCH_015,35,14.34,0.0,2.36,6.35,3.22
BATCH_015,36,14.45,0.0,2.36,6.35,3.18
BATCH_015,37,14.56,0.0,2.36,6.35,3.38
BATCH_015,38,14.67,0.0,2.36,6.35,3.33
BATCH_015,39,14.78,0.0,2.36,6.35,3.64
BATCH_015,40,14.88,0.0,2.36,6.35,3.68
BATCH_015,41,14.98,0.0,2.36,6.35,3.3
BATCH_015,42,15.08,0.0,2.36,6.35,3.81
BATCH_015,43,15.17,0.0,2.36,6.35,4.09
BATCH_015,44,15.26,0.0,2.36,6.35,3.87
BATCH_015,45,15.34,0.0,2.36,6.35,3.88
BATCH_015,46,15.42,0.0,2.36,6.35,3.79
BATCH_015,47,15.5,0.0,2.36,6.35,3.75
BATCH_015,48,15.56,0.0,2.36,6.35,4.34
BATCH_015,49,15.63,0.0,2.36,6.35,4.18
BATCH_015,50,15.68,0.0,2.36,6.35,4.42
BATCH_015,51,15.74,0.0,2.36,6.35,4.61
BATCH_015,52,15.79,0.0,2.36,6.35,4.52
BATCH_015,53,15.83,0.0,2.36,6.35,4.26
BATCH_015,54,15.87,0.0,2.36,6.35,4.43
BATCH_015,55,15.9,0.0,2.36,6.35,4.31
BATCH_015,56,15.94,0.0,2.36,6.35,4.31
BATCH_015,57,15.97,0.0,2.36,6.35,4.54
BATCH_015,58,15.99,0.0,2.36,6.35,4.33
BATCH_015,59,16.02,0.0,2.36,6.35,4.07
BATCH_015,60,16.04,0.0,2.36,6.35,4.35
BATCH_015,61,16.06,0.0,2.36,6.35,4.48
BATCH_015,62,16.07,0.0,2.36,6.35,4.86
BATCH_015,63,16.09,0.0,2.36,6.35,4.47
BATCH_015,64,16.1,0.0,2.36,6.35,4.68
BATCH_015,65,16.11,0.0,2.36,6.35,4.55
BATCH_015,66,16.12,0.0,2.36,6.35,4.84
BATCH_015,67,16.13,0.0,2.36,6.35,4.83
BATCH_015,68,16.14,0.0,2.36,6.35,4.84
BATCH_015,69,16.15,0.0,2.36,6.35,4.26
BATCH_015,70,16.15,0.0,2.36,6.35,4.66
BATCH_015,71,16.16,0.0,2.36,6.35,4.77
BATCH_015,72,16.16,0.0,2.36,6.35,4.7
BATCH_015,73,16.17,0.0,2.36,6.35,4.75
BATCH_015,74,16.17,0.0,2.36,6.35,4.64
BATCH_015,75,16.18,0.0,2.36,6.35,4.48
BATCH_015,76,16.18,0.0,2.36,6.35,4.29
BATCH_015,77,16.18,0.0,2.36,6.35,4.51
BATCH_015,78,16.18,0.0,2.36,6.35,5.17
BATCH_015,79,16.19,0.0,2.36,6.35,4.54
BATCH_015,80,16.19,0.0,2.36,6.35,4.25
BATCH_015,81,16.19,0.0,2.36,6.35,4.79
BATCH_015,82,16.19,0.0,2.36,6.35,4.81
BATCH_015,83,16.19,0.0,2.36,6.35,4.9
BATCH_015,84,16.19,0.0,2.36,6.35,4.74
BATCH_015,85,16.19,0.0,2.36,6.35,4.82
BATCH_015,86,16.2,0.0,2.36,6.35,5.01
BATCH_015,87,16.2,0.0,2.36,6.35,4.5
BATCH_015,88,16.2,0.0,2.36,6.35,4.46
BATCH_015,89,16.2,0.0,2.36,6.35,4.43
BATCH_015,90,16.2,0.0,2.36,6.35,4.6
BATCH_015,91,16.2,0.0,2.36,6.35,4.94
BATCH_015,92,16.2,0.0,2.36,6.35,4.76
BATCH_015,93,16.2,0.0,2.36,6.35,4.75
BATCH_015,94,16.2,0.0,2.36,6.35,4.29
BATCH_015,95,16.2,0.0,2.36,6.35,4.51
BATCH_015,96,16.2,0.0,2.36,6.35,4.28
BATCH_015,97,16.2,0.0,2.36,6.35,4.88
BATCH_015,98,16.2,0.0,2.36,6.35,4.97
BATCH_015,99,16.2,0.0,2.36,6.35,4.81
BATCH_015,100,16.2,0.0,2.36,6.35,4.45
BATCH_015,101,16.2,0.0,2.36,6.35,4.95
BATCH_015,102,16.2,0.0,2.36,6.35,4.6
BATCH_015,103,16.2,0.0,2.36,6.35,4.41
BATCH_015,104,16.2,0.0,2.36,6.35,4.46
BATCH_015,105,16.2,0.0,2.36,6.35,4.57
BATCH_015,106,16.2,0.0,2.36,6.35,4.66
BATCH_015,107,16.2,0.0,2.36,6.35,4.62
BATCH_015,108,16.2,0.0,2.36,6.35,4.37
BATCH_015,109,16.2,0.0,2.36,6.35,4.89
BATCH_015,110,16.2,0.0,2.36,6.35,4.62
BATCH_015,111,16.2,0.0,2.36,6.35,4.51
BATCH_015,112,16.2,0.0,2.36,6.35,4.87
BATCH_015,113,16.2,0.0,2.36,6.35,4.42
BATCH_015,114,16.2,0.0,2.36,6.35,4.33
BATCH_015,115,16.2,0.0,2.36,6.35,4.91
BATCH_015,116,16.2,0.0,2.36,6.35,5.03
BATCH_015,117,16.2,0.0,2.36,6.35,4.56
BATCH_015,118,16.2,0.0,2.36,6.35,4.64
BATCH_015,119,16.2,0.0,2.36,6.35,4.42
BATCH_015,120,16.2,0.0,2.36,6.35,4.65
BATCH_016,0,11.12,13.86,0.5,0.0,5.34
BATCH_016,1,11.13,13.59,0.53,0.12,5.57
BATCH_016,2,11.14,13.3,0.57,0.26,5.87
BATCH_016,3,11.14,12.99,0.62,0.4,6.27
BATCH_016,4,11.15,12.66,0.66,0.55,7.05
BATCH_016,5,11.16,12.31,0.71,0.71,7.28
BATCH_016,6,11.17,11.92,0.77,0.89,7.57
BATCH_016,7,11.18,11.52,0.82,1.08,8.26
BATCH_016,8,11.19,11.08,0.89,1.28,8.57
BATCH_016,9,11.2,10.61,0.95,1.49,9.43
BATCH_016,10,11.22,10.1,1.02,1.73,9.85
BATCH_016,11,11.23,9.57,1.1,1.97,10.37
BATCH_016,12,11.25,8.99,1.18,2.24,11.13
BATCH_016,13,11.27,8.38,1.26,2.52,11.39
BATCH_016,14,11.3,7.73,1.35,2.82,12.16
BATCH_016,15,11.32,7.04,1.45,3.14,12.84
BATCH_016,16,11.35,6.31,1.55,3.47,13.78
BATCH_016,17,11.38,5.53,1.66,3.83,14.73
BATCH_016,18,11.42,4.72,1.77,4.2,15.37
BATCH_016,19,11.46,3.88,1.89,4.59,15.4
BATCH_016,20,11.5,3.03,2.01,4.98,15.38
BATCH_016,21,11.55,2.17,2.13,5.38,14.31
BATCH_016,22,11.6,1.35,2.25,5.75,12.82
BATCH_016,23,11.66,0.64,2.35,6.08,9.14
BATCH_016,24,11.72,0.15,2.41,6.31,3.65
BATCH_016,25,11.79,0.0,2.44,6.37,1.31
BATCH_016,26,11.87,0.0,2.44,6.37,1.3
BATCH_016,27,11.94,0.0,2.44,6.37,1.06
BATCH_016,28,12.03,0.0,2.44,6.37,1.67
BATCH_016,29,12.12,0.0,2.44,6.37,1.37
BATCH_016,30,12.21,0.0,2.44,6.37,1.7
BATCH_016,31,12.31,0.0,2.44,6.37,2.14
BATCH_016,32,12.41,0.0,2.44,6.37,1.62
BATCH_016,33,12.51,0.0,2.44,6.37,1.38
BATCH_016,34,12.62,0.0,2.44,6.37,1.91
BATCH_016,35,12.73,0.0,2.44,6.37,2.27
BATCH_016,36,12.84,0.0,2.44,6.37,2.52
BATCH_016,37,12.95,0.0,2.44,6.37,1.96
BATCH_016,38,13.05,0.0,2.44,6.37,2.39
BATCH_016,39,13.16,0.0,2.44,6.37,2.28
BATCH_016,40,13.26,0.0,2.44,6.37,2.43
BATCH_016,41,13.37,0.0,2.44,6.37,3.05
BATCH_016,42,13.46,0.0,2.44,6.37,2.3
BATCH_016,43,13.56,0.0,2.44,6.37,2.72
BATCH_016,44,13.64,0.0,2.44,6.37,2.83
BATCH_016,45,13.73,0.0,2.44,6.37,3.01
BATCH_016,46,13.81,0.0,2.44,6.37,2.87
BATCH_016,47,13.88,0.0,2.44,6.37,2.97
BATCH_016,48,13.95,0.0,2.44,6.37,2.88
BATCH_016,49,14.01,0.0,2.44,6.37,3.06
BATCH_016,50,14.07,0.0,2.44,6.37,2.98
BATCH_016,51,14.12,0.0,2.44,6.37,3.21
BATCH_016,52,14.17,0.0,2.44,6.37,3.05
BATCH_016,53,14.21,0.0,2.44,6.37,3.23
BATCH_016,54,14.25,0.0,2.44,6.37,3.18
BATCH_016,55,14.29,0.0,2.44,6.37,3.44
BATCH_016,56,14.32,0.0,2.44,6.37,3.23
BATCH_016,57,14.35,0.0,2.44,6.37,2.91
BATCH_016,58,14.38,0.0,2.44,6.37,3.53
BATCH_016,59,14.4,0.0,2.44,6.37,3.12
BATCH_016,60,14.42,0.0,2.44,6.37,3.18
BATCH_016,61,14.44,0.0,2.44,6.37,3.21
BATCH_016,62,14.46,0.0,2.44,6.37,3.62
BATCH_016,63,14.47,0.0,2.44,6.37,2.93
BATCH_016,64,14.48,0.0,2.44,6.37,3.99
BATCH_016,65,14.49,0.0,2.44,6.37,3.58
BATCH_016,66,14.51,0.0,2.44,6.37,3.42
BATCH_016,67,14.51,0.0,2.44,6.37,3.37
BATCH_016,68,14.52,0.0,2.44,6.37,3.45
BATCH_016,69,14.53,0.0,2.44,6.37,3.5
BATCH_016,70,14.54,0.0,2.44,6.37,3.53
BATCH_016,71,14.54,0.0,2.44,6.37,3.52
BATCH_016,72,14.55,0.0,2.44,6.37,3.43
BATCH_016,73,14.55,0.0,2.44,6.37,3.37
BATCH_016,74,14.56,0.0,2.44,6.37,3.39
BATCH_016,75,14.56,0.0,2.44,6.37,3.38
BATCH_016,76,14.56,0.0,2.44,6.37,3.65
BATCH_016,77,14.57,0.0,2.44,6.37,3.54
BATCH_016,78,14.57,0.0,2.44,6.37,2.84
BATCH_016,79,14.57,0.0,2.44,6.37,3.56
BATCH_016,80,14.57,0.0,2.44,6.37,3.47
BATCH_016,81,14.57,0.0,2.44,6.37,3.43
BATCH_016,82,14.57,0.0,2.44,6.37,3.35
BATCH_016,83,14.58,0.0,2.44,6.37,3.66
BATCH_016,84,14.58,0.0,2.44,6.37,3.62
BATCH_016,85,14.58,0.0,2.44,6.37,3.28
BATCH_016,86,14.58,0.0,2.44,6.37,3.52
BATCH_016,87,14.58,0.0,2.44,6.37,3.24
BATCH_016,88,14.58,0.0,2.44,6.37,3.16
BATCH_016,89,14.58,0.0,2.44,6.37,3.31
BATCH_016,90,14.58,0.0,2.44,6.37,3.61
BATCH_016,91,14.58,0.0,2.44,6.37,3.63
BATCH_016,92,14.58,0.0,2.44,6.37,3.54
BATCH_016,93,14.58,0.0,2.44,6.37,3.58
BATCH_016,94,14.58,0.0,2.44,6.37,3.54
BATCH_016,95,14.58,0.0,2.44,6.37,3.31
BATCH_016,96,14.58,0.0,2.44,6.37,3.52
BATCH_016,97,14.58,0.0,2.44,6.37,3.6
BATCH_016,98,14.58,0.0,2.44,6.37,3.59
BATCH_016,99,14.58,0.0,2.44,6.37,3.68
BATCH_016,100,14.58,0.0,2.44,6.37,3.58
BATCH_016,101,14.58,0.0,2.44,6.37,3.51
BATCH_016,102,14.58,0.0,2.44,6.37,3.65
BATCH_016,103,14.58,0.0,2.44,6.37,3.43
BATCH_016,104,14.59,0.0,2.44,6.37,3.26
BATCH_016,105,14.59,0.0,2.44,6.37,3.41
BATCH_016,106,14.59,0.0,2.44,6.37,3.29
BATCH_016,107,14.59,0.0,2.44,6.37,3.3
BATCH_016,108,14.59,0.0,2.44,6.37,3.41
BATCH_016,109,14.59,0.0,2.44,6.37,3.28
BATCH_016,110,14.59,0.0,2.44,6.37,3.38
BATCH_016,111,14.59,0.0,2.44,6.37,3.06
BATCH_016,112,14.59,0.0,2.44,6.37,3.48
BATCH_016,113,14.59,0.0,2.44,6.37,3.44
BATCH_016,114,14.59,0.0,2.44,6.37,3.28
BATCH_016,115,14.59,0.0,2.44,6.37,3.57
BATCH_016,116,14.59,0.0,2.44,6.37,3.63
BATCH_016,117,14.59,0.0,2.44,6.37,3.12
BATCH_016,118,14.59,0.0,2.44,6.37,3.29
BATCH_016,119,14.59,0.0,2.44,6.37,3.29
BATCH_016,120,14.59,0.0,2.44,6.37,3.25
BATCH_017,0,11.75,14.25,0.49,0.0,5.5
BATCH_017,1,11.75,13.98,0.53,0.13,6.13
BATCH_017,2,11.76,13.68,0.57,0.26,6.55
BATCH_017,3,11.76,13.37,0.62,0.41,6.94
BATCH_017,4,11.77,13.03,0.66,0.56,7.03
BATCH_017,5,11.78,12.66,0.71,0.73,8.06
BATCH_017,6,11.79,12.27,0.77,0.91,8.13
BATCH_017,7,11.8,11.85,0.83,1.11,8.89
BATCH_017,8,11.81,11.39,0.89,1.31,9.38
BATCH_017,9,11.82,10.91,0.96,1.54,10.17
BATCH_017,10,11.84,10.38,1.03,1.78,11.04
BATCH_017,11,11.85,9.83,1.11,2.03,11.0
BATCH_017,12,11.87,9.23,1.2,2.31,11.82
BATCH_017,13,11.89,8.59,1.28,2.6,12.7
BATCH_017,14,11.92,7.91,1.38,2.92,13.18
BATCH_017,15,11.94,7.18,1.48,3.25,14.3
BATCH_017,16,11.97,6.41,1.59,3.6,15.04
BATCH_017,17,12.01,5.6,1.7,3.98,15.67
BATCH_017,18,12.04,4.75,1.82,4.37,16.17
BATCH_017,19,12.08,3.87,1.95,4.78,16.76
BATCH_017,20,12.12,2.96,2.07,5.19,16.21
BATCH_017,21,12.17,2.06,2.2,5.61,15.66
BATCH_017,22,12.23,1.21,2.32,6.0,13.29
BATCH_017,23,12.28,0.5,2.42,6.33,9.08
BATCH_017,24,12.35,0.06,2.48,6.53,2.43
BATCH_017,25,12.41,0.0,2.49,6.55,1.8
BATCH_017,26,12.49,0.0,2.49,6.55,1.93
BATCH_017,27,12.57,0.0,2.49,6.55,1.73
BATCH_017,28,12.65,0.0,2.49,6.55,1.86
BATCH_017,29,12.74,0.0,2.49,6.55,2.06
BATCH_017,30,12.83,0.0,2.49,6.55,2.31
BATCH_017,31,12.93,0.0,2.49,6.55,1.99
BATCH_017,32,13.03,0.0,2.49,6.55,2.1
BATCH_017,33,13.13,0.0,2.49,6.55,2.57
BATCH_017,34,13.24,0.0,2.49,6.55,2.38
BATCH_017,35,13.35,0.0,2.49,6.55,2.36
BATCH_017,36,13.46,0.0,2.49,6.55,2.74
BATCH_017,37,13.57,0.0,2.49,6.55,2.58
BATCH_017,38,13.67,0.0,2.49,6.55,2.96
BATCH_017,39,13.78,0.0,2.49,6.55,2.7
BATCH_017,40,13.89,0.0,2.49,6.55,2.88
BATCH_017,41,13.99,0.0,2.49,6.55,3.18
BATCH_017,42,14.08,0.0,2.49,6.55,3.02
BATCH_017,43,14.18,0.0,2.49,6.55,3.28
BATCH_017,44,14.27,0.0,2.49,6.55,3.19
BATCH_017,45,14.35,0.0,2.49,6.55,3.66
BATCH_017,46,14.43,0.0,2.49,6.55,3.63
BATCH_017,47,14.5,0.0,2.49,6.55,3.11
BATCH_017,48,14.57,0.0,2.49,6.55,3.53
BATCH_017,49,14.63,0.0,2.49,6.55,3.31
BATCH_017,50,14.69,0.0,2.49,6.55,3.56
BATCH_017,51,14.74,0.0,2.49,6.55,3.57
BATCH_017,52,14.79,0.0,2.49,6.55,3.38
BATCH_017,53,14.83,0.0,2.49,6.55,3.84
BATCH_017,54,14.87,0.0,2.49,6.55,3.7
BATCH_017,55,14.91,0.0,2.49,6.55,3.63
BATCH_017,56,14.94,0.0,2.49,6.55,3.62
BATCH_017,57,14.97,0.0,2.49,6.55,3.76
BATCH_017,58,15.0,0.0,2.49,6.55,3.83
BATCH_017,59,15.02,0.0,2.49,6.55,3.74
BATCH_017,60,15.04,0.0,2.49,6.55,3.21
BATCH_017,61,15.06,0.0,2.49,6.55,3.8
BATCH_017,62,15.08,0.0,2.49,6.55,3.52
BATCH_017,63,15.09,0.0,2.49,6.55,3.78
BATCH_017,64,15.1,0.0,2.49,6.55,3.55
BATCH_017,65,15.12,0.0,2.49,6.55,3.55
BATCH_017,66,15.13,0.0,2.49,6.55,4.09
BATCH_017,67,15.14,0.0,2.49,6.55,3.79
BATCH_017,68,15.14,0.0,2.49,6.55,3.78
BATCH_017,69,15.15,0.0,2.49,6.55,3.96
BATCH_017,70,15.16,0.0,2.49,6.55,3.79
BATCH_017,71,15.16,0.0,2.49,6.55,4.29
BATCH_017,72,15.17,0.0,2.49,6.55,3.82
BATCH_017,73,15.17,0.0,2.49,6.55,3.95
BATCH_017,74,15.18,0.0,2.49,6.55,4.08
BATCH_017,75,15.18,0.0,2.49,6.55,4.21
BATCH_017,76,15.18,0.0,2.49,6.55,3.74
BATCH_017,77,15.19,0.0,2.49,6.55,3.81
BATCH_017,78,15.19,0.0,2.49,6.55,4.15
BATCH_017,79,15.19,0.0,2.49,6.55,4.06
BATCH_017,80,15.19,0.0,2.49,6.55,4.11
BATCH_017,81,15.19,0.0,2.49,6.55,3.62
BATCH_017,82,15.2,0.0,2.49,6.55,4.21
BATCH_017,83,15.2,0.0,2.49,6.55,3.75
BATCH_017,84,15.2,0.0,2.49,6.55,3.94
BATCH_017,85,15.2,0.0,2.49,6.55,3.87
BATCH_017,86,15.2,0.0,2.49,6.55,3.72
BATCH_017,87,15.2,0.0,2.49,6.55,3.62
BATCH_017,88,15.2,0.0,2.49,6.55,3.55
BATCH_017,89,15.2,0.0,2.49,6.55,3.93
BATCH_017,90,15.2,0.0,2.49,6.55,3.6
BATCH_017,91,15.2,0.0,2.49,6.55,3.68
BATCH_017,92,15.2,0.0,2.49,6.55,3.86
BATCH_017,93,15.2,0.0,2.49,6.55,3.38
BATCH_017,94,15.2,0.0,2.49,6.55,4.06
BATCH_017,95,15.21,0.0,2.49,6.55,3.42
BATCH_017,96,15.21,0.0,2.49,6.55,3.89
BATCH_017,97,15.21,0.0,2.49,6.55,3.91
BATCH_017,98,15.21,0.0,2.49,6.55,4.01
BATCH_017,99,15.21,0.0,2.49,6.55,3.9
BATCH_017,100,15.21,0.0,2.49,6.55,4.31
BATCH_017,101,15.21,0.0,2.49,6.55,3.95
BATCH_017,102,15.21,0.0,2.49,6.55,4.12
BATCH_017,103,15.21,0.0,2.49,6.55,3.76
BATCH_017,104,15.21,0.0,2.49,6.55,3.93
BATCH_017,105,15.21,0.0,2.49,6.55,4.21
BATCH_017,106,15.21,0.0,2.49,6.55,3.86
BATCH_017,107,15.21,0.0,2.49,6.55,3.94
BATCH_017,108,15.21,0.0,2.49,6.55,4.1
BATCH_017,109,15.21,0.0,2.49,6.55,3.76
BATCH_017,110,15.21,0.0,2.49,6.55,3.47
BATCH_017,111,15.21,0.0,2.49,6.55,3.96
BATCH_017,112,15.21,0.0,2.49,6.55,4.1
BATCH_017,113,15.21,0.0,2.49,6.55,3.64
BATCH_017,114,15.21,0.0,2.49,6.55,4.04
BATCH_017,115,15.21,0.0,2.49,6.55,4.04
BATCH_017,116,15.21,0.0,2.49,6.55,3.45
BATCH_017,117,15.21,0.0,2.49,6.55,3.72
BATCH_017,118,15.21,0.0,2.49,6.55,3.83
BATCH_017,119,15.21,0.0,2.49,6.55,3.87
BATCH_017,120,15.21,0.0,2.49,6.55,3.76
BATCH_018,0,12.08,13.76,0.57,0.0,6.78
BATCH_018,1,12.09,13.44,0.61,0.15,7.21
BATCH_018,2,12.09,13.1,0.66,0.3,7.69
BATCH_018,3,12.1,12.73,0.71,0.47,7.85
BATCH_018,4,12.11,12.34,0.77,0.65,8.48
BATCH_018,5,12.11,11.91,0.83,0.85,9.06
BATCH_018,6,12.12,11.45,0.89,1.06,9.64
BATCH_018,7,12.13,10.96,0.96,1.29,10.56
BATCH_018,8,12.14,10.44,1.03,1.53,11.05
BATCH_018,9,12.16,9.87,1.11,1.79,11.39
BATCH_018,10,12.17,9.26,1.2,2.07,12.36
BATCH_018,11,12.19,8.62,1.29,2.37,13.14
BATCH_018,12,12.21,7.93,1.38,2.68,14.02
BATCH_018,13,12.23,7.19,1.49,3.02,14.87
BATCH_018,14,12.25,6.41,1.6,3.38,15.09
BATCH_018,15,12.28,5.59,1.71,3.76,15.81
BATCH_018,16,12.31,4.72,1.83,4.16,16.29
BATCH_018,17,12.34,3.82,1.96,4.57,16.84
BATCH_018,18,12.38,2.91,2.09,4.99,16.89
BATCH_018,19,12.42,2.0,2.21,5.41,16.09
BATCH_018,20,12.46,1.14,2.33,5.8,13.44
BATCH_018,21,12.51,0.44,2.43,6.13,8.48
BATCH_018,22,12.56,0.04,2.49,6.31,2.54
BATCH_018,23,12.62,0.0,2.49,6.33,1.8
BATCH_018,24,12.68,0.0,2.49,6.33,2.43
BATCH_018,25,12.75,0.0,2.49,6.33,1.74
BATCH_018,26,12.82,0.0,2.49,6.33,2.15
BATCH_018,27,12.9,0.0,2.49,6.33,2.58
BATCH_018,28,12.98,0.0,2.49,6.33,2.24
BATCH_018,29,13.07,0.0,2.49,6.33,2.27
BATCH_018,30,13.17,0.0,2.49,6.33,2.3
BATCH_018,31,13.26,0.0,2.49,6.33,2.41
BATCH_018,32,13.36,0.0,2.49,6.33,2.8
BATCH_018,33,13.47,0.0,2.49,6.33,2.16
BATCH_018,34,13.57,0.0,2.49,6.33,2.99
BATCH_018,35,13.68,0.0,2.49,6.33,2.48
BATCH_018,36,13.79,0.0,2.49,6.33,2.79
BATCH_018,37,13.9,0.0,2.49,6.33,2.84
BATCH_018,38,14.01,0.0,2.49,6.33,3.13
BATCH_018,39,14.12,0.0,2.49,6.33,2.77
BATCH_018,40,14.22,0.0,2.49,6.33,3.26
BATCH_018,41,14.32,0.0,2.49,6.33,3.65
BATCH_018,42,14.42,0.0,2.49,6.33,3.04
BATCH_018,43,14.51,0.0,2.49,6.33,3.42
BATCH_018,44,14.6,0.0,2.49,6.33,3.32
BATCH_018,45,14.68,0.0,2.49,6.33,3.6
BATCH_018,46,14.76,0.0,2.49,6.33,3.58
BATCH_018,47,14.84,0.0,2.49,6.33,3.5
BATCH_018,48,14.9,0.0,2.49,6.33,3.78
BATCH_018,49,14.97,0.0,2.49,6.33,4.09
BATCH_018,50,15.02,0.0,2.49,6.33,3.73
BATCH_018,51,15.08,0.0,2.49,6.33,3.95
BATCH_018,52,15.13,0.0,2.49,6.33,3.59
BATCH_018,53,15.17,0.0,2.49,6.33,3.69
BATCH_018,54,15.21,0.0,2.49,6.33,4.0
BATCH_018,55,15.24,0.0,2.49,6.33,4.23
BATCH_018,56,15.28,0.0,2.49,6.33,4.03
BATCH_018,57,15.31,0.0,2.49,6.33,3.92
BATCH_018,58,15.33,0.0,2.49,6.33,4.0
BATCH_018,59,15.36,0.0,2.49,6.33,3.77
BATCH_018,60,15.38,0.0,2.49,6.33,4.15
BATCH_018,61,15.4,0.0,2.49,6.33,4.22
BATCH_018,62,15.41,0.0,2.49,6.33,3.97
BATCH_018,63,15.43,0.0,2.49,6.33,3.98
BATCH_018,64,15.44,0.0,2.49,6.33,4.13
BATCH_018,65,15.45,0.0,2.49,6.33,4.0
BATCH_018,66,15.46,0.0,2.49,6.33,4.08
BATCH_018,67,15.47,0.0,2.49,6.33,4.52
BATCH_018,68,15.48,0.0,2.49,6.33,4.06
BATCH_018,69,15.49,0.0,2.49,6.33,4.04
BATCH_018,70,15.49,0.0,2.49,6.33,3.99
BATCH_018,71,15.5,0.0,2.49,6.33,4.27
BATCH_018,72,15.5,0.0,2.49,6.33,4.09
BATCH_018,73,15.51,0.0,2.49,6.33,4.0
BATCH_018,74,15.51,0.0,2.49,6.33,4.4
BATCH_018,75,15.52,0.0,2.49,6.33,4.42
BATCH_018,76,15.52,0.0,2.49,6.33,4.02
BATCH_018,77,15.52,0.0,2.49,6.33,3.77
BATCH_018,78,15.52,0.0,2.49,6.33,4.34
BATCH_018,79,15.53,0.0,2.49,6.33,4.01
BATCH_018,80,15.53,0.0,2.49,6.33,4.3
BATCH_018,81,15.53,0.0,2.49,6.33,3.75
BATCH_018,82,15.53,0.0,2.49,6.33,4.33
BATCH_018,83,15.53,0.0,2.49,6.33,3.91
BATCH_018,84,15.53,0.0,2.49,6.33,4.3
BATCH_018,85,15.53,0.0,2.49,6.33,4.15
BATCH_018,86,15.54,0.0,2.49,6.33,3.96
BATCH_018,87,15.54,0.0,2.49,6.33,4.07
BATCH_018,88,15.54,0.0,2.49,6.33,4.29
BATCH_018,89,15.54,0.0,2.49,6.33,4.17
BATCH_018,90,15.54,0.0,2.49,6.33,4.27
BATCH_018,91,15.54,0.0,2.49,6.33,4.55
BATCH_018,92,15.54,0.0,2.49,6.33,3.84
BATCH_018,93,15.54,0.0,2.49,6.33,4.48
BATCH_018,94,15.54,0.0,2.49,6.33,4.18
BATCH_018,95,15.54,0.0,2.49,6.33,3.98
BATCH_018,96,15.54,0.0,2.49,6.33,3.89
BATCH_018,97,15.54,0.0,2.49,6.33,4.12
BATCH_018,98,15.54,0.0,2.49,6.33,4.34
BATCH_018,99,15.54,0.0,2.49,6.33,4.13
BATCH_018,100,15.54,0.0,2.49,6.33,4.46
BATCH_018,101,15.54,0.0,2.49,6.33,3.87
BATCH_018,102,15.54,0.0,2.49,6.33,4.15
BATCH_018,103,15.54,0.0,2.49,6.33,3.91
BATCH_018,104,15.54,0.0,2.49,6.33,4.23
BATCH_018,105,15.54,0.0,2.49,6.33,4.33
BATCH_018,106,15.54,0.0,2.49,6.33,4.07
BATCH_018,107,15.54,0.0,2.49,6.33,3.64
BATCH_018,108,15.54,0.0,2.49,6.33,4.2
BATCH_018,109,15.54,0.0,2.49,6.33,4.24
BATCH_018,110,15.54,0.0,2.49,6.33,4.24
BATCH_018,111,15.54,0.0,2.49,6.33,4.4
BATCH_018,112,15.54,0.0,2.49,6.33,3.94
BATCH_018,113,15.54,0.0,2.49,6.33,4.29
BATCH_018,114,15.54,0.0,2.49,6.33,4.4
BATCH_018,115,15.54,0.0,2.49,6.33,3.8
BATCH_018,116,15.54,0.0,2.49,6.33,4.22
BATCH_018,117,15.54,0.0,2.49,6.33,4.06
BATCH_018,118,15.54,0.0,2.49,6.33,4.14
BATCH_018,119,15.54,0.0,2.49,6.33,4.23
BATCH_018,120,15.54,0.0,2.49,6.33,4.06
BATCH_019,0,13.18,13.8,0.5,0.0,7.08
BATCH_019,1,13.18,13.5,0.54,0.13,7.41
BATCH_019,2,13.19,13.19,0.59,0.28,7.83
BATCH_019,3,13.2,12.85,0.63,0.44,8.34
BATCH_019,4,13.2,12.48,0.69,0.61,9.22
BATCH_019,5,13.21,12.08,0.74,0.79,9.67
BATCH_019,6,13.22,11.65,0.8,0.99,10.01
BATCH_019,7,13.23,11.18,0.87,1.2,10.88
BATCH_019,8,13.24,10.69,0.94,1.43,11.08
BATCH_019,9,13.26,10.15,1.01,1.68,11.73
BATCH_019,10,13.27,9.57,1.09,1.94,12.85
BATCH_019,11,13.29,8.95,1.18,2.23,13.54
BATCH_019,12,13.31,8.29,1.27,2.53,14.11
BATCH_019,13,13.33,7.58,1.37,2.86,14.77
BATCH_019,14,13.35,6.82,1.48,3.21,16.08
BATCH_019,15,13.38,6.01,1.59,3.58,16.21
BATCH_019,16,13.41,5.16,1.71,3.97,17.12
BATCH_019,17,13.44,4.27,1.83,4.38,17.81
BATCH_019,18,13.47,3.35,1.96,4.8,18.31
BATCH_019,19,13.51,2.42,2.09,5.23,17.6
BATCH_019,20,13.56,1.52,2.22,5.65,15.98
BATCH_019,21,13.61,0.72,2.33,6.02,11.92
BATCH_019,22,13.66,0.15,2.41,6.28,5.41
BATCH_019,23,13.72,0.0,2.44,6.35,2.81
BATCH_019,24,13.78,0.0,2.44,6.35,2.52
BATCH_019,25,13.85,0.0,2.44,6.35,3.04
BATCH_019,26,13.92,0.0,2.44,6.35,3.13
BATCH_019,27,14.0,0.0,2.44,6.35,3.16
BATCH_019,28,14.08,0.0,2.44,6.35,3.07
BATCH_019,29,14.17,0.0,2.44,6.35,2.94
BATCH_019,30,14.26,0.0,2.44,6.35,2.74
BATCH_019,31,14.36,0.0,2.44,6.35,3.3
BATCH_019,32,14.46,0.0,2.44,6.35,3.56
BATCH_019,33,14.57,0.0,2.44,6.35,3.62
BATCH_019,34,14.67,0.0,2.44,6.35,3.67
BATCH_019,35,14.78,0.0,2.44,6.35,3.57
BATCH_019,36,14.89,0.0,2.44,6.35,3.89
BATCH_019,37,15.0,0.0,2.44,6.35,3.93
BATCH_019,38,15.11,0.0,2.44,6.35,3.75
BATCH_019,39,15.22,0.0,2.44,6.35,4.05
BATCH_019,40,15.32,0.0,2.44,6.35,3.88
BATCH_019,41,15.42,0.0,2.44,6.35,4.17
BATCH_019,42,15.52,0.0,2.44,6.35,3.88
BATCH_019,43,15.61,0.0,2.44,6.35,3.96
BATCH_019,44,15.7,0.0,2.44,6.35,4.49
BATCH_019,45,15.78,0.0,2.44,6.35,4.52
BATCH_019,46,15.86,0.0,2.44,6.35,4.52
BATCH_019,47,15.93,0.0,2.44,6.35,4.47
BATCH_019,48,16.0,0.0,2.44,6.35,4.02
BATCH_019,49,16.06,0.0,2.44,6.35,4.53
BATCH_019,50,16.12,0.0,2.44,6.35,4.68
BATCH_019,51,16.18,0.0,2.44,6.35,4.52
BATCH_019,52,16.22,0.0,2.44,6.35,4.53
BATCH_019,53,16.27,0.0,2.44,6.35,4.99
BATCH_019,54,16.31,0.0,2.44,6.35,4.72
BATCH_019,55,16.34,0.0,2.44,6.35,4.85
BATCH_019,56,16.38,0.0,2.44,6.35,4.94
BATCH_019,57,16.4,0.0,2.44,6.35,4.6
BATCH_019,58,16.43,0.0,2.44,6.35,4.86
BATCH_019,59,16.45,0.0,2.44,6.35,5.1
BATCH_019,60,16.47,0.0,2.44,6.35,5.22
BATCH_019,61,16.49,0.0,2.44,6.35,4.88
BATCH_019,62,16.51,0.0,2.44,6.35,4.84
BATCH_019,63,16.52,0.0,2.44,6.35,4.95
BATCH_019,64,16.54,0.0,2.44,6.35,4.95
BATCH_019,65,16.55,0.0,2.44,6.35,5.19
BATCH_019,66,16.56,0.0,2.44,6.35,4.72
BATCH_019,67,16.57,0.0,2.44,6.35,4.87
BATCH_019,68,16.58,0.0,2.44,6.35,4.71
BATCH_019,69,16.59,0.0,2.44,6.35,4.74
BATCH_019,70,16.59,0.0,2.44,6.35,5.02
BATCH_019,71,16.6,0.0,2.44,6.35,5.11
BATCH_019,72,16.6,0.0,2.44,6.35,4.82
BATCH_019,73,16.61,0.0,2.44,6.35,5.11
BATCH_019,74,16.61,0.0,2.44,6.35,5.18
BATCH_019,75,16.61,0.0,2.44,6.35,5.35
BATCH_019,76,16.62,0.0,2.44,6.35,4.98
BATCH_019,77,16.62,0.0,2.44,6.35,4.84
BATCH_019,78,16.62,0.0,2.44,6.35,4.77
BATCH_019,79,16.62,0.0,2.44,6.35,4.75
BATCH_019,80,16.63,0.0,2.44,6.35,5.22
BATCH_019,81,16.63,0.0,2.44,6.35,4.67
BATCH_019,82,16.63,0.0,2.44,6.35,5.22
BATCH_019,83,16.63,0.0,2.44,6.35,4.8
BATCH_019,84,16.63,0.0,2.44,6.35,4.84
BATCH_019,85,16.63,0.0,2.44,6.35,4.94
BATCH_019,86,16.63,0.0,2.44,6.35,4.83
BATCH_019,87,16.63,0.0,2.44,6.35,5.16
BATCH_019,88,16.64,0.0,2.44,6.35,5.34
BATCH_019,89,16.64,0.0,2.44,6.35,4.85
BATCH_019,90,16.64,0.0,2.44,6.35,4.89
BATCH_019,91,16.64,0.0,2.44,6.35,4.95
BATCH_019,92,16.64,0.0,2.44,6.35,5.09
BATCH_019,93,16.64,0.0,2.44,6.35,4.95
BATCH_019,94,16.64,0.0,2.44,6.35,5.26
BATCH_019,95,16.64,0.0,2.44,6.35,5.21
BATCH_019,96,16.64,0.0,2.44,6.35,4.74
BATCH_019,97,16.64,0.0,2.44,6.35,5.08
BATCH_019,98,16.64,0.0,2.44,6.35,5.28
BATCH_019,99,16.64,0.0,2.44,6.35,4.88
BATCH_019,100,16.64,0.0,2.44,6.35,4.92
BATCH_019,101,16.64,0.0,2.44,6.35,4.87
BATCH_019,102,16.64,0.0,2.44,6.35,4.88
BATCH_019,103,16.64,0.0,2.44,6.35,4.65
BATCH_019,104,16.64,0.0,2.44,6.35,4.71
BATCH_019,105,16.64,0.0,2.44,6.35,5.0
BATCH_019,106,16.64,0.0,2.44,6.35,5.28
BATCH_019,107,16.64,0.0,2.44,6.35,4.86
BATCH_019,108,16.64,0.0,2.44,6.35,4.85
BATCH_019,109,16.64,0.0,2.44,6.35,5.32
BATCH_019,110,16.64,0.0,2.44,6.35,4.76
BATCH_019,111,16.64,0.0,2.44,6.35,4.65
BATCH_019,112,16.64,0.0,2.44,6.35,4.81
BATCH_019,113,16.64,0.0,2.44,6.35,4.85
BATCH_019,114,16.64,0.0,2.44,6.35,4.63
BATCH_019,115,16.64,0.0,2.44,6.35,4.95
BATCH_019,116,16.64,0.0,2.44,6.35,5.17
BATCH_019,117,16.64,0.0,2.44,6.35,4.72
BATCH_019,118,16.64,0.0,2.44,6.35,5.0
BATCH_019,119,16.64,0.0,2.44,6.35,5.06
BATCH_019,120,16.64,0.0,2.44,6.35,4.96
BATCH_020,0,12.41,14.06,0.51,0.0,6.41
BATCH_020,1,12.42,13.77,0.55,0.13,6.69
BATCH_020,2,12.42,13.46,0.59,0.28,7.52
BATCH_020,3,12.43,13.12,0.64,0.43,7.95
BATCH_020,4,12.43,12.76,0.69,0.6,8.02
BATCH_020,5,12.44,12.37,0.74,0.78,8.91
BATCH_020,6,12.45,11.95,0.8,0.97,9.58
BATCH_020,7,12.46,11.5,0.87,1.18,9.62
BATCH_020,8,12.47,11.02,0.93,1.4,10.26
BATCH_020,9,12.49,10.49,1.01,1.64,11.29
BATCH_020,10,12.5,9.94,1.08,1.9,11.82
BATCH_020,11,12.52,9.34,1.17,2.17,12.59
BATCH_020,12,12.54,8.69,1.26,2.47,13.29
BATCH_020,13,12.56,8.01,1.35,2.78,14.06
BATCH_020,14,12.58,7.28,1.46,3.12,14.49
BATCH_020,15,12.61,6.5,1.57,3.48,15.73
BATCH_020,16,12.64,5.68,1.68,3.85,16.46
BATCH_020,17,12.67,4.82,1.8,4.25,16.79
BATCH_020,18,12.71,3.92,1.93,4.66,17.22
BATCH_020,19,12.75,3.0,2.06,5.09,16.9
BATCH_020,20,12.79,2.08,2.18,5.51,16.51
BATCH_020,21,12.84,1.21,2.31,5.91,14.23
BATCH_020,22,12.89,0.48,2.41,6.24,9.33
BATCH_020,23,12.95,0.05,2.47,6.44,3.24
BATCH_020,24,13.01,0.0,2.48,6.47,2.19
BATCH_020,25,13.08,0.0,2.48,6.47,2.42
BATCH_020,26,13.15,0.0,2.48,6.47,2.16
BATCH_020,27,13.23,0.0,2.48,6.47,2.42
BATCH_020,28,13.31,0.0,2.48,6.47,2.45
BATCH_020,29,13.4,0.0,2.48,6.47,2.6
BATCH_020,30,13.49,0.0,2.48,6.47,2.55
BATCH_020,31,13.59,0.0,2.48,6.47,2.67
BATCH_020,32,13.69,0.0,2.48,6.47,2.94
BATCH_020,33,13.8,0.0,2.48,6.47,2.76
BATCH_020,34,13.9,0.0,2.48,6.47,2.61
BATCH_020,35,14.01,0.0,2.48,6.47,3.36
BATCH_020,36,14.12,0.0,2.48,6.47,3.37
BATCH_020,37,14.23,0.0,2.48,6.47,2.91
BATCH_020,38,14.34,0.0,2.48,6.47,3.39
BATCH_020,39,14.45,0.0,2.48,6.47,3.23
BATCH_020,40,14.55,0.0,2.48,6.47,3.47
BATCH_020,41,14.65,0.0,2.48,6.47,3.55
BATCH_020,42,14.75,0.0,2.48,6.47,3.51
BATCH_020,43,14.84,0.0,2.48,6.47,3.47
BATCH_020,44,14.93,0.0,2.48,6.47,3.56
BATCH_020,45,15.01,0.0,2.48,6.47,3.58
BATCH_020,46,15.09,0.0,2.48,6.47,3.65
BATCH_020,47,15.17,0.0,2.48,6.47,3.86
BATCH_020,48,15.23,0.0,2.48,6.47,3.78
BATCH_020,49,15.3,0.0,2.48,6.47,4.11
BATCH_020,50,15.35,0.0,2.48,6.47,4.31
BATCH_020,51,15.41,0.0,2.48,6.47,3.94
BATCH_020,52,15.45,0.0,2.48,6.47,4.14
BATCH_020,53,15.5,0.0,2.48,6.47,4.22
BATCH_020,54,15.54,0.0,2.48,6.47,4.25
BATCH_020,55,15.57,0.0,2.48,6.47,4.2
BATCH_020,56,15.61,0.0,2.48,6.47,4.35
BATCH_020,57,15.64,0.0,2.48,6.47,4.32
BATCH_020,58,15.66,0.0,2.48,6.47,4.0
BATCH_020,59,15.69,0.0,2.48,6.47,4.44
BATCH_020,60,15.71,0.0,2.48,6.47,4.46
BATCH_020,61,15.72,0.0,2.48,6.47,4.14
BATCH_020,62,15.74,0.0,2.48,6.47,4.31
BATCH_020,63,15.76,0.0,2.48,6.47,4.45
BATCH_020,64,15.77,0.0,2.48,6.47,4.29
BATCH_020,65,15.78,0.0,2.48,6.47,4.55
BATCH_020,66,15.79,0.0,2.48,6.47,4.82
BATCH_020,67,15.8,0.0,2.48,6.47,4.19
BATCH_020,68,15.81,0.0,2.48,6.47,4.08
BATCH_020,69,15.82,0.0,2.48,6.47,4.42
BATCH_020,70,15.82,0.0,2.48,6.47,4.51
BATCH_020,71,15.83,0.0,2.48,6.47,4.33
BATCH_020,72,15.83,0.0,2.48,6.47,4.67
BATCH_020,73,15.84,0.0,2.48,6.47,4.11
BATCH_020,74,15.84,0.0,2.48,6.47,4.52
BATCH_020,75,15.85,0.0,2.48,6.47,4.26
BATCH_020,76,15.85,0.0,2.48,6.47,4.73
BATCH_020,77,15.85,0.0,2.48,6.47,4.79
BATCH_020,78,15.85,0.0,2.48,6.47,4.24
BATCH_020,79,15.86,0.0,2.48,6.47,4.28
BATCH_020,80,15.86,0.0,2.48,6.47,4.57
BATCH_020,81,15.86,0.0,2.48,6.47,4.32
BATCH_020,82,15.86,0.0,2.48,6.47,4.39
BATCH_020,83,15.86,0.0,2.48,6.47,4.4
BATCH_020,84,15.86,0.0,2.48,6.47,4.01
BATCH_020,85,15.86,0.0,2.48,6.47,4.4
BATCH_020,86,15.87,0.0,2.48,6.47,4.26
BATCH_020,87,15.87,0.0,2.48,6.47,4.3
BATCH_020,88,15.87,0.0,2.48,6.47,4.69
BATCH_020,89,15.87,0.0,2.48,6.47,4.15
BATCH_020,90,15.87,0.0,2.48,6.47,4.56
BATCH_020,91,15.87,0.0,2.48,6.47,4.35
BATCH_020,92,15.87,0.0,2.48,6.47,4.35
BATCH_020,93,15.87,0.0,2.48,6.47,4.56
BATCH_020,94,15.87,0.0,2.48,6.47,4.47
BATCH_020,95,15.87,0.0,2.48,6.47,4.52
BATCH_020,96,15.87,0.0,2.48,6.47,4.6
BATCH_020,97,15.87,0.0,2.48,6.47,4.34
BATCH_020,98,15.87,0.0,2.48,6.47,4.28
BATCH_020,99,15.87,0.0,2.48,6.47,4.19
BATCH_020,100,15.87,0.0,2.48,6.47,4.24
BATCH_020,101,15.87,0.0,2.48,6.47,4.99
BATCH_020,102,15.87,0.0,2.48,6.47,4.65
BATCH_020,103,15.87,0.0,2.48,6.47,4.13
BATCH_020,104,15.87,0.0,2.48,6.47,4.14
BATCH_020,105,15.87,0.0,2.48,6.47,4.5
BATCH_020,106,15.87,0.0,2.48,6.47,4.51
BATCH_020,107,15.87,0.0,2.48,6.47,4.51
BATCH_020,108,15.87,0.0,2.48,6.47,4.35
BATCH_020,109,15.87,0.0,2.48,6.47,4.38
BATCH_020,110,15.87,0.0,2.48,6.47,4.47
BATCH_020,111,15.87,0.0,2.48,6.47,4.42
BATCH_020,112,15.87,0.0,2.48,6.47,3.96
BATCH_020,113,15.87,0.0,2.48,6.47,4.36
BATCH_020,114,15.87,0.0,2.48,6.47,4.23
BATCH_020,115,15.87,0.0,2.48,6.47,4.44
BATCH_020,116,15.87,0.0,2.48,6.47,5.0
BATCH_020,117,15.87,0.0,2.48,6.47,4.48
BATCH_020,118,15.87,0.0,2.48,6.47,4.34
BATCH_020,119,15.87,0.0,2.48,6.47,4.59
BATCH_020,120,15.87,0.0,2.48,6.47,4.5
BATCH_021,0,12.0,14.13,0.52,0.0,6.12
BATCH_021,1,12.01,13.83,0.57,0.13,6.79
BATCH_021,2,12.02,13.52,0.61,0.28,6.93
BATCH_021,3,12.02,13.18,0.66,0.44,7.66
BATCH_021,4,12.03,12.81,0.71,0.61,7.81
BATCH_021,5,12.04,12.42,0.76,0.79,8.66
BATCH_021,6,12.05,11.99,0.82,0.98,9.06
BATCH_021,7,12.06,11.54,0.89,1.19,9.95
BATCH_021,8,12.07,11.05,0.95,1.42,10.15
BATCH_021,9,12.08,10.53,1.03,1.66,10.92
BATCH_021,10,12.1,9.96,1.11,1.91,11.35
BATCH_021,11,12.11,9.36,1.19,2.19,12.15
BATCH_021,12,12.13,8.72,1.28,2.49,12.96
BATCH_021,13,12.15,8.03,1.38,2.8,13.39
BATCH_021,14,12.18,7.3,1.48,3.14,14.17
BATCH_021,15,12.2,6.52,1.59,3.5,15.32
BATCH_021,16,12.23,5.7,1.7,3.88,15.88
BATCH_021,17,12.26,4.84,1.82,4.27,16.38
BATCH_021,18,12.3,3.94,1.95,4.69,16.73
BATCH_021,19,12.34,3.02,2.08,5.11,16.72
BATCH_021,20,12.38,2.11,2.21,5.53,16.11
BATCH_021,21,12.43,1.24,2.33,5.93,13.96
BATCH_021,22,12.48,0.51,2.43,6.26,8.83
BATCH_021,23,12.54,0.06,2.49,6.47,3.19
BATCH_021,24,12.6,0.0,2.5,6.5,2.22
BATCH_021,25,12.67,0.0,2.5,6.5,1.54
BATCH_021,26,12.75,0.0,2.5,6.5,2.28
BATCH_021,27,12.82,0.0,2.5,6.5,2.33
BATCH_021,28,12.91,0.0,2.5,6.5,2.18
BATCH_021,29,13.0,0.0,2.5,6.5,1.99
BATCH_021,30,13.09,0.0,2.5,6.5,2.52
BATCH_021,31,13.19,0.0,2.5,6.5,2.34
BATCH_021,32,13.29,0.0,2.5,6.5,2.58
BATCH_021,33,13.39,0.0,2.5,6.5,2.99
BATCH_021,34,13.5,0.0,2.5,6.5,2.67
BATCH_021,35,13.61,0.0,2.5,6.5,2.52
BATCH_021,36,13.72,0.0,2.5,6.5,2.72
BATCH_021,37,13.83,0.0,2.5,6.5,2.71
BATCH_021,38,13.93,0.0,2.5,6.5,3.04
BATCH_021,39,14.04,0.0,2.5,6.5,2.87
BATCH_021,40,14.14,0.0,2.5,6.5,3.01
BATCH_021,41,14.25,0.0,2.5,6.5,2.93
BATCH_021,42,14.34,0.0,2.5,6.5,3.23
BATCH_021,43,14.44,0.0,2.5,6.5,3.36
BATCH_021,44,14.52,0.0,2.5,6.5,2.86
BATCH_021,45,14.61,0.0,2.5,6.5,3.51
BATCH_021,46,14.69,0.0,2.5,6.5,3.51
BATCH_021,47,14.76,0.0,2.5,6.5,3.42
BATCH_021,48,14.83,0.0,2.5,6.5,4.03
BATCH_021,49,14.89,0.0,2.5,6.5,3.86
BATCH_021,50,14.95,0.0,2.5,6.5,3.49
BATCH_021,51,15.0,0.0,2.5,6.5,3.92
BATCH_021,52,15.05,0.0,2.5,6.5,4.04
BATCH_021,53,15.09,0.0,2.5,6.5,3.85
BATCH_021,54,15.13,0.0,2.5,6.5,3.92
BATCH_021,55,15.17,0.0,2.5,6.5,3.94
BATCH_021,56,15.2,0.0,2.5,6.5,3.48
BATCH_021,57,15.23,0.0,2.5,6.5,3.89
BATCH_021,58,15.26,0.0,2.5,6.5,3.89
BATCH_021,59,15.28,0.0,2.5,6.5,4.25
BATCH_021,60,15.3,0.0,2.5,6.5,4.04
BATCH_021,61,15.32,0.0,2.5,6.5,3.93
BATCH_021,62,15.34,0.0,2.5,6.5,3.98
BATCH_021,63,15.35,0.0,2.5,6.5,4.22
BATCH_021,64,15.36,0.0,2.5,6.5,3.99
BATCH_021,65,15.38,0.0,2.5,6.5,3.89
BATCH_021,66,15.39,0.0,2.5,6.5,3.98
BATCH_021,67,15.4,0.0,2.5,6.5,4.23
BATCH_021,68,15.4,0.0,2.5,6.5,4.15
BATCH_021,69,15.41,0.0,2.5,6.5,4.07
BATCH_021,70,15.42,0.0,2.5,6.5,4.1
BATCH_021,71,15.42,0.0,2.5,6.5,3.96
BATCH_021,72,15.43,0.0,2.5,6.5,4.03
BATCH_021,73,15.43,0.0,2.5,6.5,3.94
BATCH_021,74,15.44,0.0,2.5,6.5,4.02
BATCH_021,75,15.44,0.0,2.5,6.5,4.35
BATCH_021,76,15.44,0.0,2.5,6.5,3.87
BATCH_021,77,15.45,0.0,2.5,6.5,3.95
BATCH_021,78,15.45,0.0,2.5,6.5,3.84
BATCH_021,79,15.45,0.0,2.5,6.5,3.79
BATCH_021,80,15.45,0.0,2.5,6.5,4.05
BATCH_021,81,15.45,0.0,2.5,6.5,3.97
BATCH_021,82,15.46,0.0,2.5,6.5,4.44
BATCH_021,83,15.46,0.0,2.5,6.5,4.04
BATCH_021,84,15.46,0.0,2.5,6.5,4.35
BATCH_021,85,15.46,0.0,2.5,6.5,4.29
BATCH_021,86,15.46,0.0,2.5,6.5,4.05
BATCH_021,87,15.46,0.0,2.5,6.5,4.52
BATCH_021,88,15.46,0.0,2.5,6.5,4.15
BATCH_021,89,15.46,0.0,2.5,6.5,4.4
BATCH_021,90,15.46,0.0,2.5,6.5,4.38
BATCH_021,91,15.46,0.0,2.5,6.5,4.18
BATCH_021,92,15.46,0.0,2.5,6.5,4.25
BATCH_021,93,15.46,0.0,2.5,6.5,4.22
BATCH_021,94,15.46,0.0,2.5,6.5,3.87
BATCH_021,95,15.46,0.0,2.5,6.5,4.11
BATCH_021,96,15.46,0.0,2.5,6.5,4.31
BATCH_021,97,15.46,0.0,2.5,6.5,4.4
BATCH_021,98,15.46,0.0,2.5,6.5,3.95
BATCH_021,99,15.46,0.0,2.5,6.5,4.2
BATCH_021,100,15.47,0.0,2.5,6.5,4.13
BATCH_021,101,15.47,0.0,2.5,6.5,4.08
BATCH_021,102,15.47,0.0,2.5,6.5,4.17
BATCH_021,103,15.47,0.0,2.5,6.5,4.14
BATCH_021,104,15.47,0.0,2.5,6.5,4.21
BATCH_021,105,15.47,0.0,2.5,6.5,4.39
BATCH_021,106,15.47,0.0,2.5,6.5,4.26
BATCH_021,107,15.47,0.0,2.5,6.5,4.16
BATCH_021,108,15.47,0.0,2.5,6.5,4.47
BATCH_021,109,15.47,0.0,2.5,6.5,4.32
BATCH_021,110,15.47,0.0,2.5,6.5,4.08
BATCH_021,111,15.47,0.0,2.5,6.5,3.86
BATCH_021,112,15.47,0.0,2.5,6.5,3.9
BATCH_021,113,15.47,0.0,2.5,6.5,4.29
BATCH_021,114,15.47,0.0,2.5,6.5,3.97
BATCH_021,115,15.47,0.0,2.5,6.5,3.9
BATCH_021,116,15.47,0.0,2.5,6.5,3.95
BATCH_021,117,15.47,0.0,2.5,6.5,3.96
BATCH_021,118,15.47,0.0,2.5,6.5,4.27
BATCH_021,119,15.47,0.0,2.5,6.5,4.07
BATCH_021,120,15.47,0.0,2.5,6.5,3.83
BATCH_022,0,11.88,14.01,0.51,0.0,5.99
BATCH_022,1,11.89,13.73,0.55,0.13,6.55
BATCH_022,2,11.89,13.42,0.59,0.27,7.04
BATCH_022,3,11.9,13.09,0.64,0.42,7.12
BATCH_022,4,11.91,12.74,0.69,0.58,7.86
BATCH_022,5,11.91,12.36,0.74,0.76,7.95
BATCH_022,6,11.92,11.95,0.8,0.95,8.85
BATCH_022,7,11.93,11.51,0.86,1.15,9.25
BATCH_022,8,11.94,11.04,0.92,1.36,9.9
BATCH_022,9,11.96,10.54,0.99,1.6,10.17
BATCH_022,10,11.97,10.0,1.07,1.85,10.87
BATCH_022,11,11.99,9.42,1.15,2.11,11.84
BATCH_022,12,12.01,8.8,1.24,2.4,12.24
BATCH_022,13,12.03,8.14,1.33,2.7,13.25
BATCH_022,14,12.05,7.43,1.43,3.03,13.62
BATCH_022,15,12.08,6.68,1.53,3.37,14.8
BATCH_022,16,12.11,5.89,1.65,3.74,15.09
BATCH_022,17,12.14,5.06,1.76,4.12,16.06
BATCH_022,18,12.18,4.19,1.88,4.52,16.53
BATCH_022,19,12.22,3.29,2.01,4.93,16.4
BATCH_022,20,12.26,2.39,2.14,5.35,16.2
BATCH_022,21,12.31,1.52,2.26,5.75,14.57
BATCH_022,22,12.36,0.74,2.37,6.1,10.85
BATCH_022,23,12.42,0.19,2.44,6.36,4.67
BATCH_022,24,12.48,0.0,2.47,6.44,1.47
BATCH_022,25,12.55,0.0,2.47,6.44,1.98
BATCH_022,26,12.62,0.0,2.47,6.44,1.65
BATCH_022,27,12.7,0.0,2.47,6.44,2.04
BATCH_022,28,12.78,0.0,2.47,6.44,2.03
BATCH_022,29,12.87,0.0,2.47,6.44,2.29
BATCH_022,30,12.97,0.0,2.47,6.44,2.16
BATCH_022,31,13.06,0.0,2.47,6.44,2.23
BATCH_022,32,13.16,0.0,2.47,6.44,2.52
BATCH_022,33,13.27,0.0,2.47,6.44,2.52
BATCH_022,34,13.37,0.0,2.47,6.44,2.59
BATCH_022,35,13.48,0.0,2.47,6.44,2.71
BATCH_022,36,13.59,0.0,2.47,6.44,2.39
BATCH_022,37,13.7,0.0,2.47,6.44,2.93
BATCH_022,38,13.81,0.0,2.47,6.44,2.98
BATCH_022,39,13.92,0.0,2.47,6.44,2.73
BATCH_022,40,14.02,0.0,2.47,6.44,2.97
BATCH_022,41,14.12,0.0,2.47,6.44,3.08
BATCH_022,42,14.22,0.0,2.47,6.44,3.14
BATCH_022,43,14.31,0.0,2.47,6.44,3.3
BATCH_022,44,14.4,0.0,2.47,6.44,3.59
BATCH_022,45,14.48,0.0,2.47,6.44,3.58
BATCH_022,46,14.56,0.0,2.47,6.44,3.16
BATCH_022,47,14.64,0.0,2.47,6.44,3.6
BATCH_022,48,14.7,0.0,2.47,6.44,3.79
BATCH_022,49,14.77,0.0,2.47,6.44,3.65
BATCH_022,50,14.82,0.0,2.47,6.44,3.84
BATCH_022,51,14.88,0.0,2.47,6.44,4.06
BATCH_022,52,14.92,0.0,2.47,6.44,3.9
BATCH_022,53,14.97,0.0,2.47,6.44,3.78
BATCH_022,54,15.01,0.0,2.47,6.44,3.97
BATCH_022,55,15.04,0.0,2.47,6.44,3.81
BATCH_022,56,15.08,0.0,2.47,6.44,3.81
BATCH_022,57,15.11,0.0,2.47,6.44,3.76
BATCH_022,58,15.13,0.0,2.47,6.44,4.16
BATCH_022,59,15.16,0.0,2.47,6.44,3.7
BATCH_022,60,15.18,0.0,2.47,6.44,4.19
BATCH_022,61,15.19,0.0,2.47,6.44,4.0
BATCH_022,62,15.21,0.0,2.47,6.44,3.63
BATCH_022,63,15.23,0.0,2.47,6.44,3.99
BATCH_022,64,15.24,0.0,2.47,6.44,3.51
BATCH_022,65,15.25,0.0,2.47,6.44,4.06
BATCH_022,66,15.26,0.0,2.47,6.44,4.12
BATCH_022,67,15.27,0.0,2.47,6.44,3.83
BATCH_022,68,15.28,0.0,2.47,6.44,3.98
BATCH_022,69,15.29,0.0,2.47,6.44,4.36
BATCH_022,70,15.29,0.0,2.47,6.44,3.87
BATCH_022,71,15.3,0.0,2.47,6.44,3.76
BATCH_022,72,15.3,0.0,2.47,6.44,4.27
BATCH_022,73,15.31,0.0,2.47,6.44,4.37
BATCH_022,74,15.31,0.0,2.47,6.44,3.98
BATCH_022,75,15.32,0.0,2.47,6.44,4.19
BATCH_022,76,15.32,0.0,2.47,6.44,4.26
BATCH_022,77,15.32,0.0,2.47,6.44,3.84
BATCH_022,78,15.32,0.0,2.47,6.44,3.9
BATCH_022,79,15.33,0.0,2.47,6.44,4.24
BATCH_022,80,15.33,0.0,2.47,6.44,4.33
BATCH_022,81,15.33,0.0,2.47,6.44,4.11
BATCH_022,82,15.33,0.0,2.47,6.44,3.82
BATCH_022,83,15.33,0.0,2.47,6.44,4.4
BATCH_022,84,15.33,0.0,2.47,6.44,3.89
BATCH_022,85,15.33,0.0,2.47,6.44,3.93
BATCH_022,86,15.34,0.0,2.47,6.44,4.07
BATCH_022,87,15.34,0.0,2.47,6.44,4.31
BATCH_022,88,15.34,0.0,2.47,6.44,4.17
BATCH_022,89,15.34,0.0,2.47,6.44,4.09
BATCH_022,90,15.34,0.0,2.47,6.44,4.1
BATCH_022,91,15.34,0.0,2.47,6.44,4.01
BATCH_022,92,15.34,0.0,2.47,6.44,4.12
BATCH_022,93,15.34,0.0,2.47,6.44,3.5
BATCH_022,94,15.34,0.0,2.47,6.44,3.95
BATCH_022,95,15.34,0.0,2.47,6.44,4.05
BATCH_022,96,15.34,0.0,2.47,6.44,3.77
BATCH_022,97,15.34,0.0,2.47,6.44,4.08
BATCH_022,98,15.34,0.0,2.47,6.44,3.96
BATCH_022,99,15.34,0.0,2.47,6.44,4.36
BATCH_022,100,15.34,0.0,2.47,6.44,4.32
BATCH_022,101,15.34,0.0,2.47,6.44,3.91
BATCH_022,102,15.34,0.0,2.47,6.44,3.98
BATCH_022,103,15.34,0.0,2.47,6.44,3.99
BATCH_022,104,15.34,0.0,2.47,6.44,3.92
BATCH_022,105,15.34,0.0,2.47,6.44,4.05
BATCH_022,106,15.34,0.0,2.47,6.44,3.85
BATCH_022,107,15.34,0.0,2.47,6.44,3.78
BATCH_022,108,15.34,0.0,2.47,6.44,4.13
BATCH_022,109,15.34,0.0,2.47,6.44,4.13
BATCH_022,110,15.34,0.0,2.47,6.44,3.85
BATCH_022,111,15.34,0.0,2.47,6.44,4.19
BATCH_022,112,15.34,0.0,2.47,6.44,3.88
BATCH_022,113,15.34,0.0,2.47,6.44,4.06
BATCH_022,114,15.34,0.0,2.47,6.44,4.17
BATCH_022,115,15.34,0.0,2.47,6.44,4.0
BATCH_022,116,15.34,0.0,2.47,6.44,4.1
BATCH_022,117,15.34,0.0,2.47,6.44,3.9
BATCH_022,118,15.34,0.0,2.47,6.44,3.97
BATCH_022,119,15.34,0.0,2.47,6.44,3.97
BATCH_022,120,15.34,0.0,2.47,6.44,3.86
BATCH_023,0,11.63,13.95,0.44,0.0,4.86
BATCH_023,1,11.63,13.71,0.47,0.11,5.42
BATCH_023,2,11.64,13.45,0.51,0.23,5.72
BATCH_023,3,11.65,13.17,0.55,0.36,6.4
BATCH_023,4,11.65,12.87,0.59,0.5,6.36
BATCH_023,5,11.66,12.54,0.63,0.65,6.82
BATCH_023,6,11.67,12.2,0.68,0.81,7.33
BATCH_023,7,11.68,11.82,0.74,0.98,7.75
BATCH_023,8,11.69,11.42,0.79,1.16,8.63
BATCH_023,9,11.71,10.99,0.85,1.36,8.65
BATCH_023,10,11.72,10.53,0.92,1.57,9.36
BATCH_023,11,11.74,10.04,0.99,1.8,10.09
BATCH_023,12,11.76,9.51,1.06,2.04,10.83
BATCH_023,13,11.78,8.95,1.14,2.3,11.22
BATCH_023,14,11.8,8.34,1.22,2.58,11.59
BATCH_023,15,11.83,7.7,1.31,2.87,12.64
BATCH_023,16,11.86,7.01,1.41,3.19,13.65
BATCH_023,17,11.89,6.29,1.51,3.52,14.12
BATCH_023,18,11.92,5.52,1.62,3.88,14.76
BATCH_023,19,11.96,4.71,1.73,4.25,15.06
BATCH_023,20,12.01,3.88,1.85,4.63,15.41
BATCH_023,21,12.06,3.02,1.97,5.03,15.69
BATCH_023,22,12.11,2.16,2.09,5.42,14.81
BATCH_023,23,12.17,1.35,2.2,5.8,13.52
BATCH_023,24,12.23,0.63,2.3,6.12,9.55
BATCH_023,25,12.3,0.15,2.37,6.35,4.14
BATCH_023,26,12.37,0.0,2.39,6.42,1.4
BATCH_023,27,12.45,0.0,2.39,6.42,1.76
BATCH_023,28,12.53,0.0,2.39,6.42,1.66
BATCH_023,29,12.62,0.0,2.39,6.42,1.5
BATCH_023,30,12.71,0.0,2.39,6.42,2.14
BATCH_023,31,12.81,0.0,2.39,6.42,2.44
BATCH_023,32,12.91,0.0,2.39,6.42,2.41
BATCH_023,33,13.02,0.0,2.39,6.42,2.4
BATCH_023,34,13.12,0.0,2.39,6.42,2.26
BATCH_023,35,13.23,0.0,2.39,6.42,2.58
BATCH_023,36,13.34,0.0,2.39,6.42,2.75
BATCH_023,37,13.45,0.0,2.39,6.42,2.61
BATCH_023,38,13.56,0.0,2.39,6.42,2.43
BATCH_023,39,13.67,0.0,2.39,6.42,2.65
BATCH_023,40,13.77,0.0,2.39,6.42,3.17
BATCH_023,41,13.87,0.0,2.39,6.42,2.89
BATCH_023,42,13.97,0.0,2.39,6.42,2.31
BATCH_023,43,14.06,0.0,2.39,6.42,2.75
BATCH_023,44,14.15,0.0,2.39,6.42,3.03
BATCH_023,45,14.23,0.0,2.39,6.42,3.38
BATCH_023,46,14.31,0.0,2.39,6.42,3.18
BATCH_023,47,14.38,0.0,2.39,6.42,3.5
BATCH_023,48,14.45,0.0,2.39,6.42,3.23
BATCH_023,49,14.52,0.0,2.39,6.42,2.99
BATCH_023,50,14.57,0.0,2.39,6.42,3.33
BATCH_023,51,14.63,0.0,2.39,6.42,3.54
BATCH_023,52,14.67,0.0,2.39,6.42,3.56
BATCH_023,53,14.72,0.0,2.39,6.42,3.29
BATCH_023,54,14.76,0.0,2.39,6.42,3.5
BATCH_023,55,14.79,0.0,2.39,6.42,4.13
BATCH_023,56,14.83,0.0,2.39,6.42,3.37
BATCH_023,57,14.85,0.0,2.39,6.42,3.77
BATCH_023,58,14.88,0.0,2.39,6.42,3.24
BATCH_023,59,14.9,0.0,2.39,6.42,3.85
BATCH_023,60,14.92,0.0,2.39,6.42,3.52
BATCH_023,61,14.94,0.0,2.39,6.42,3.79
BATCH_023,62,14.96,0.0,2.39,6.42,3.46
BATCH_023,63,14.98,0.0,2.39,6.42,3.79
BATCH_023,64,14.99,0.0,2.39,6.42,3.56
BATCH_023,65,15.0,0.0,2.39,6.42,3.61
BATCH_023,66,15.01,0.0,2.39,6.42,3.85
BATCH_023,67,15.02,0.0,2.39,6.42,3.68
BATCH_023,68,15.03,0.0,2.39,6.42,3.85
BATCH_023,69,15.04,0.0,2.39,6.42,3.74
BATCH_023,70,15.04,0.0,2.39,6.42,3.79
BATCH_023,71,15.05,0.0,2.39,6.42,3.87
BATCH_023,72,15.05,0.0,2.39,6.42,3.72
BATCH_023,73,15.06,0.0,2.39,6.42,3.59
BATCH_023,74,15.06,0.0,2.39,6.42,3.69
BATCH_023,75,15.06,0.0,2.39,6.42,4.04
BATCH_023,76,15.07,0.0,2.39,6.42,3.82
BATCH_023,77,15.07,0.0,2.39,6.42,3.63
BATCH_023,78,15.07,0.0,2.39,6.42,3.88
BATCH_023,79,15.07,0.0,2.39,6.42,3.9
BATCH_023,80,15.08,0.0,2.39,6.42,3.91
BATCH_023,81,15.08,0.0,2.39,6.42,3.61
BATCH_023,82,15.08,0.0,2.39,6.42,3.67
BATCH_023,83,15.08,0.0,2.39,6.42,3.68
BATCH_023,84,15.08,0.0,2.39,6.42,3.74
BATCH_023,85,15.08,0.0,2.39,6.42,3.92
BATCH_023,86,15.08,0.0,2.39,6.42,3.87
BATCH_023,87,15.08,0.0,2.39,6.42,3.89
BATCH_023,88,15.09,0.0,2.39,6.42,4.08
BATCH_023,89,15.09,0.0,2.39,6.42,3.95
BATCH_023,90,15.09,0.0,2.39,6.42,3.79
BATCH_023,91,15.09,0.0,2.39,6.42,3.58
BATCH_023,92,15.09,0.0,2.39,6.42,3.67
BATCH_023,93,15.09,0.0,2.39,6.42,3.76
BATCH_023,94,15.09,0.0,2.39,6.42,3.98
BATCH_023,95,15.09,0.0,2.39,6.42,3.81
BATCH_023,96,15.09,0.0,2.39,6.42,3.69
BATCH_023,97,15.09,0.0,2.39,6.42,3.67
BATCH_023,98,15.09,0.0,2.39,6.42,3.8
BATCH_023,99,15.09,0.0,2.39,6.42,4.0
BATCH_023,100,15.09,0.0,2.39,6.42,4.14
BATCH_023,101,15.09,0.0,2.39,6.42,3.78
BATCH_023,102,15.09,0.0,2.39,6.42,3.81
BATCH_023,103,15.09,0.0,2.39,6.42,3.57
BATCH_023,104,15.09,0.0,2.39,6.42,4.21
BATCH_023,105,15.09,0.0,2.39,6.42,3.54
BATCH_023,106,15.09,0.0,2.39,6.42,4.05
BATCH_023,107,15.09,0.0,2.39,6.42,3.74
BATCH_023,108,15.09,0.0,2.39,6.42,3.7
BATCH_023,109,15.09,0.0,2.39,6.42,3.6
BATCH_023,110,15.09,0.0,2.39,6.42,4.3
BATCH_023,111,15.09,0.0,2.39,6.42,3.86
BATCH_023,112,15.09,0.0,2.39,6.42,3.82
BATCH_023,113,15.09,0.0,2.39,6.42,4.0
BATCH_023,114,15.09,0.0,2.39,6.42,3.69
BATCH_023,115,15.09,0.0,2.39,6.42,3.82
BATCH_023,116,15.09,0.0,2.39,6.42,3.83
BATCH_023,117,15.09,0.0,2.39,6.42,3.72
BATCH_023,118,15.09,0.0,2.39,6.42,4.06
BATCH_023,119,15.09,0.0,2.39,6.42,3.77
BATCH_023,120,15.09,0.0,2.39,6.42,3.51
BATCH_024,0,11.66,13.91,0.51,0.0,5.7
BATCH_024,1,11.66,13.63,0.55,0.13,6.15
BATCH_024,2,11.67,13.33,0.59,0.27,6.39
BATCH_024,3,11.67,13.0,0.64,0.42,6.94
BATCH_024,4,11.68,12.65,0.69,0.58,7.71
BATCH_024,5,11.69,12.28,0.74,0.75,7.82
BATCH_024,6,11.7,11.87,0.8,0.94,8.5
BATCH_024,7,11.71,11.44,0.86,1.14,8.81
BATCH_024,8,11.72,10.97,0.92,1.35,9.67
BATCH_024,9,11.73,10.47,0.99,1.58,10.25
BATCH_024,10,11.75,9.94,1.07,1.83,11.11
BATCH_024,11,11.77,9.37,1.15,2.09,11.37
BATCH_024,12,11.78,8.76,1.23,2.37,12.23
BATCH_024,13,11.81,8.11,1.32,2.67,12.83
BATCH_024,14,11.83,7.41,1.42,2.99,13.79
BATCH_024,15,11.85,6.68,1.52,3.33,14.1
BATCH_024,16,11.88,5.9,1.63,3.69,15.08
BATCH_024,17,11.92,5.08,1.75,4.06,15.5
BATCH_024,18,11.95,4.22,1.87,4.46,15.98
BATCH_024,19,11.99,3.34,1.99,4.86,16.17
BATCH_024,20,12.04,2.45,2.11,5.27,15.82
BATCH_024,21,12.08,1.59,2.23,5.67,14.34
BATCH_024,22,12.14,0.81,2.34,6.02,11.18
BATCH_024,23,12.19,0.24,2.42,6.29,5.85
BATCH_024,24,12.26,0.0,2.46,6.4,1.89
BATCH_024,25,12.32,0.0,2.46,6.4,1.92
BATCH_024,26,12.4,0.0,2.46,6.4,1.71
BATCH_024,27,12.48,0.0,2.46,6.4,1.68
BATCH_024,28,12.56,0.0,2.46,6.4,2.11
BATCH_024,29,12.65,0.0,2.46,6.4,2.16
BATCH_024,30,12.74,0.0,2.46,6.4,2.35
BATCH_024,31,12.84,0.0,2.46,6.4,2.01
BATCH_024,32,12.94,0.0,2.46,6.4,2.16
BATCH_024,33,13.04,0.0,2.46,6.4,1.96
BATCH_024,34,13.15,0.0,2.46,6.4,2.28
BATCH_024,35,13.26,0.0,2.46,6.4,2.64
BATCH_024,36,13.37,0.0,2.46,6.4,2.43
BATCH_024,37,13.48,0.0,2.46,6.4,2.74
BATCH_024,38,13.59,0.0,2.46,6.4,2.65
BATCH_024,39,13.69,0.0,2.46,6.4,2.83
BATCH_024,40,13.8,0.0,2.46,6.4,2.62
BATCH_024,41,13.9,0.0,2.46,6.4,2.94
BATCH_024,42,14.0,0.0,2.46,6.4,2.4
BATCH_024,43,14.09,0.0,2.46,6.4,3.03
BATCH_024,44,14.18,0.0,2.46,6.4,2.81
BATCH_024,45,14.26,0.0,2.46,6.4,3.44
BATCH_024,46,14.34,0.0,2.46,6.4,3.41
BATCH_024,47,14.41,0.0,2.46,6.4,3.4
BATCH_024,48,14.48,0.0,2.46,6.4,3.66
BATCH_024,49,14.54,0.0,2.46,6.4,3.22
BATCH_024,50,14.6,0.0,2.46,6.4,3.8
BATCH_024,51,14.65,0.0,2.46,6.4,3.68
BATCH_024,52,14.7,0.0,2.46,6.4,3.48
BATCH_024,53,14.74,0.0,2.46,6.4,3.79
BATCH_024,54,14.78,0.0,2.46,6.4,3.37
BATCH_024,55,14.82,0.0,2.46,6.4,3.45
BATCH_024,56,14.85,0.0,2.46,6.4,3.52
BATCH_024,57,14.88,0.0,2.46,6.4,3.56
BATCH_024,58,14.91,0.0,2.46,6.4,3.47
BATCH_024,59,14.93,0.0,2.46,6.4,3.94
BATCH_024,60,14.95,0.0,2.46,6.4,3.66
BATCH_024,61,14.97,0.0,2.46,6.4,3.8
BATCH_024,62,14.99,0.0,2.46,6.4,3.63
BATCH_024,63,15.0,0.0,2.46,6.4,3.39
BATCH_024,64,15.02,0.0,2.46,6.4,3.82
BATCH_024,65,15.03,0.0,2.46,6.4,3.39
BATCH_024,66,15.04,0.0,2.46,6.4,3.76
BATCH_024,67,15.05,0.0,2.46,6.4,3.51
BATCH_024,68,15.06,0.0,2.46,6.4,4.19
BATCH_024,69,15.06,0.0,2.46,6.4,3.98
BATCH_024,70,15.07,0.0,2.46,6.4,3.82
BATCH_024,71,15.07,0.0,2.46,6.4,4.06
BATCH_024,72,15.08,0.0,2.46,6.4,3.64
BATCH_024,73,15.08,0.0,2.46,6.4,3.92
BATCH_024,74,15.09,0.0,2.46,6.4,3.86
BATCH_024,75,15.09,0.0,2.46,6.4,3.87
BATCH_024,76,15.09,0.0,2.46,6.4,4.08
BATCH_024,77,15.1,0.0,2.46,6.4,3.97
BATCH_024,78,15.1,0.0,2.46,6.4,3.88
BATCH_024,79,15.1,0.0,2.46,6.4,3.5
BATCH_024,80,15.1,0.0,2.46,6.4,3.64
BATCH_024,81,15.11,0.0,2.46,6.4,3.8
BATCH_024,82,15.11,0.0,2.46,6.4,3.85
BATCH_024,83,15.11,0.0,2.46,6.4,3.61
BATCH_024,84,15.11,0.0,2.46,6.4,4.31
BATCH_024,85,15.11,0.0,2.46,6.4,4.14
BATCH_024,86,15.11,0.0,2.46,6.4,3.95
BATCH_024,87,15.11,0.0,2.46,6.4,3.85
BATCH_024,88,15.11,0.0,2.46,6.4,3.79
BATCH_024,89,15.11,0.0,2.46,6.4,3.64
BATCH_024,90,15.11,0.0,2.46,6.4,3.85
BATCH_024,91,15.11,0.0,2.46,6.4,3.89
BATCH_024,92,15.12,0.0,2.46,6.4,3.59
BATCH_024,93,15.12,0.0,2.46,6.4,3.9
BATCH_024,94,15.12,0.0,2.46,6.4,3.81
BATCH_024,95,15.12,0.0,2.46,6.4,3.46
BATCH_024,96,15.12,0.0,2.46,6.4,3.67
BATCH_024,97,15.12,0.0,2.46,6.4,3.75
BATCH_024,98,15.12,0.0,2.46,6.4,4.22
BATCH_024,99,15.12,0.0,2.46,6.4,3.95
BATCH_024,100,15.12,0.0,2.46,6.4,3.57
BATCH_024,101,15.12,0.0,2.46,6.4,3.94
BATCH_024,102,15.12,0.0,2.46,6.4,3.53
BATCH_024,103,15.12,0.0,2.46,6.4,4.05
BATCH_024,104,15.12,0.0,2.46,6.4,3.74
BATCH_024,105,15.12,0.0,2.46,6.4,3.82
BATCH_024,106,15.12,0.0,2.46,6.4,4.1
BATCH_024,107,15.12,0.0,2.46,6.4,3.58
BATCH_024,108,15.12,0.0,2.46,6.4,3.56
BATCH_024,109,15.12,0.0,2.46,6.4,3.72
BATCH_024,110,15.12,0.0,2.46,6.4,4.05
BATCH_024,111,15.12,0.0,2.46,6.4,3.53
BATCH_024,112,15.12,0.0,2.46,6.4,3.27
BATCH_024,113,15.12,0.0,2.46,6.4,3.75
BATCH_024,114,15.12,0.0,2.46,6.4,3.95
BATCH_024,115,15.12,0.0,2.46,6.4,4.08
BATCH_024,116,15.12,0.0,2.46,6.4,3.75
BATCH_024,117,15.12,0.0,2.46,6.4,3.76
BATCH_024,118,15.12,0.0,2.46,6.4,4.07
BATCH_024,119,15.12,0.0,2.46,6.4,3.46
BATCH_024,120,15.12,0.0,2.46,6.4,3.76
BATCH_025,0,12.21,14.06,0.52,0.0,6.47
BATCH_025,1,12.21,13.77,0.56,0.13,6.75
BATCH_025,2,12.22,13.45,0.6,0.28,7.03
BATCH_025,3,12.23,13.11,0.65,0.44,7.63
BATCH_025,4,12.23,12.75,0.7,0.6,8.19
BATCH_025,5,12.24,12.35,0.76,0.78,8.66
BATCH_025,6,12.25,11.93,0.82,0.98,9.53
BATCH_025,7,12.26,11.48,0.88,1.19,9.85
BATCH_025,8,12.27,10.99,0.95,1.41,10.33
BATCH_025,9,12.29,10.46,1.02,1.65,10.85
BATCH_025,10,12.3,9.9,1.1,1.91,11.72
BATCH_025,11,12.32,9.3,1.18,2.19,12.19
BATCH_025,12,12.34,8.65,1.27,2.49,13.15
BATCH_025,13,12.36,7.97,1.37,2.8,13.97
BATCH_025,14,12.38,7.23,1.47,3.14,14.59
BATCH_025,15,12.41,6.45,1.58,3.5,15.26
BATCH_025,16,12.43,5.63,1.7,3.88,15.65
BATCH_025,17,12.47,4.77,1.82,4.27,16.9
BATCH_025,18,12.5,3.87,1.94,4.69,17.12
BATCH_025,19,12.54,2.95,2.07,5.11,17.07
BATCH_025,20,12.59,2.03,2.2,5.53,15.82
BATCH_025,21,12.63,1.17,2.32,5.93,14.04
BATCH_025,22,12.69,0.46,2.42,6.25,8.82
BATCH_025,23,12.75,0.04,2.48,6.45,2.68
BATCH_025,24,12.81,0.0,2.49,6.47,1.89
BATCH_025,25,12.88,0.0,2.49,6.47,1.8
BATCH_025,26,12.95,0.0,2.49,6.47,2.44
BATCH_025,27,13.03,0.0,2.49,6.47,2.53
BATCH_025,28,13.11,0.0,2.49,6.47,2.3
BATCH_025,29,13.2,0.0,2.49,6.47,2.26
BATCH_025,30,13.29,0.0,2.49,6.47,2.39
BATCH_025,31,13.39,0.0,2.49,6.47,2.47
BATCH_025,32,13.49,0.0,2.49,6.47,2.38
BATCH_025,33,13.6,0.0,2.49,6.47,2.64
BATCH_025,34,13.7,0.0,2.49,6.47,2.81
BATCH_025,35,13.81,0.0,2.49,6.47,3.06
BATCH_025,36,13.92,0.0,2.49,6.47,2.94
BATCH_025,37,14.03,0.0,2.49,6.47,2.71
BATCH_025,38,14.14,0.0,2.49,6.47,3.17
BATCH_025,39,14.24,0.0,2.49,6.47,3.13
BATCH_025,40,14.35,0.0,2.49,6.47,3.54
BATCH_025,41,14.45,0.0,2.49,6.47,3.62
BATCH_025,42,14.55,0.0,2.49,6.47,3.7
BATCH_025,43,14.64,0.0,2.49,6.47,3.37
BATCH_025,44,14.73,0.0,2.49,6.47,3.94
BATCH_025,45,14.81,0.0,2.49,6.47,3.68
BATCH_025,46,14.89,0.0,2.49,6.47,3.99
BATCH_025,47,14.96,0.0,2.49,6.47,3.62
BATCH_025,48,15.03,0.0,2.49,6.47,3.71
BATCH_025,49,15.09,0.0,2.49,6.47,3.88
BATCH_025,50,15.15,0.0,2.49,6.47,3.89
BATCH_025,51,15.2,0.0,2.49,6.47,4.15
BATCH_025,52,15.25,0.0,2.49,6.47,3.89
BATCH_025,53,15.3,0.0,2.49,6.47,4.2
BATCH_025,54,15.34,0.0,2.49,6.47,4.15
BATCH_025,55,15.37,0.0,2.49,6.47,3.99
BATCH_025,56,15.4,0.0,2.49,6.47,4.18
BATCH_025,57,15.43,0.0,2.49,6.47,3.98
BATCH_025,58,15.46,0.0,2.49,6.47,4.56
BATCH_025,59,15.48,0.0,2.49,6.47,3.58
BATCH_025,60,15.5,0.0,2.49,6.47,4.26
BATCH_025,61,15.52,0.0,2.49,6.47,3.79
BATCH_025,62,15.54,0.0,2.49,6.47,4.11
BATCH_025,63,15.55,0.0,2.49,6.47,4.15
BATCH_025,64,15.57,0.0,2.49,6.47,4.48
BATCH_025,65,15.58,0.0,2.49,6.47,4.05
BATCH_025,66,15.59,0.0,2.49,6.47,4.45
BATCH_025,67,15.6,0.0,2.49,6.47,3.96
BATCH_025,68,15.61,0.0,2.49,6.47,4.47
BATCH_025,69,15.61,0.0,2.49,6.47,4.12
BATCH_025,70,15.62,0.0,2.49,6.47,4.23
BATCH_025,71,15.63,0.0,2.49,6.47,4.15
BATCH_025,72,15.63,0.0,2.49,6.47,4.48
BATCH_025,73,15.64,0.0,2.49,6.47,4.44
BATCH_025,74,15.64,0.0,2.49,6.47,4.32
BATCH_025,75,15.64,0.0,2.49,6.47,4.0
BATCH_025,76,15.65,0.0,2.49,6.47,4.09
BATCH_025,77,15.65,0.0,2.49,6.47,4.03
BATCH_025,78,15.65,0.0,2.49,6.47,3.79
BATCH_025,79,15.65,0.0,2.49,6.47,4.49
BATCH_025,80,15.66,0.0,2.49,6.47,4.18
BATCH_025,81,15.66,0.0,2.49,6.47,4.17
BATCH_025,82,15.66,0.0,2.49,6.47,4.54
BATCH_025,83,15.66,0.0,2.49,6.47,4.15
BATCH_025,84,15.66,0.0,2.49,6.47,4.08
BATCH_025,85,15.66,0.0,2.49,6.47,4.2
BATCH_025,86,15.66,0.0,2.49,6.47,4.02
BATCH_025,87,15.66,0.0,2.49,6.47,4.32
BATCH_025,88,15.66,0.0,2.49,6.47,4.17
BATCH_025,89,15.66,0.0,2.49,6.47,4.15
BATCH_025,90,15.67,0.0,2.49,6.47,4.13
BATCH_025,91,15.67,0.0,2.49,6.47,4.23
BATCH_025,92,15.67,0.0,2.49,6.47,4.27
BATCH_025,93,15.67,0.0,2.49,6.47,4.15
BATCH_025,94,15.67,0.0,2.49,6.47,4.18
BATCH_025,95,15.67,0.0,2.49,6.47,4.23
BATCH_025,96,15.67,0.0,2.49,6.47,4.21
BATCH_025,97,15.67,0.0,2.49,6.47,4.26
BATCH_025,98,15.67,0.0,2.49,6.47,4.12
BATCH_025,99,15.67,0.0,2.49,6.47,4.45
BATCH_025,100,15.67,0.0,2.49,6.47,4.27
BATCH_025,101,15.67,0.0,2.49,6.47,4.15
BATCH_025,102,15.67,0.0,2.49,6.47,4.32
BATCH_025,103,15.67,0.0,2.49,6.47,4.24
BATCH_025,104,15.67,0.0,2.49,6.47,3.9
BATCH_025,105,15.67,0.0,2.49,6.47,4.32
BATCH_025,106,15.67,0.0,2.49,6.47,4.05
BATCH_025,107,15.67,0.0,2.49,6.47,4.44
BATCH_025,108,15.67,0.0,2.49,6.47,4.2
BATCH_025,109,15.67,0.0,2.49,6.47,4.41
BATCH_025,110,15.67,0.0,2.49,6.47,4.13
BATCH_025,111,15.67,0.0,2.49,6.47,4.27
BATCH_025,112,15.67,0.0,2.49,6.47,4.49
BATCH_025,113,15.67,0.0,2.49,6.47,4.2
BATCH_025,114,15.67,0.0,2.49,6.47,4.13
BATCH_025,115,15.67,0.0,2.49,6.47,4.38
BATCH_025,116,15.67,0.0,2.49,6.47,4.38
BATCH_025,117,15.67,0.0,2.49,6.47,4.14
BATCH_025,118,15.67,0.0,2.49,6.47,3.85
BATCH_025,119,15.67,0.0,2.49,6.47,4.13
BATCH_025,120,15.67,0.0,2.49,6.47,4.39
BATCH_026,0,12.01,13.77,0.5,0.0,5.98
BATCH_026,1,12.02,13.49,0.54,0.13,6.26
BATCH_026,2,12.02,13.19,0.58,0.27,6.53
BATCH_026,3,12.03,12.86,0.63,0.42,7.02
BATCH_026,4,12.04,12.52,0.67,0.58,7.73
BATCH_026,5,12.04,12.14,0.73,0.75,8.44
BATCH_026,6,12.05,11.74,0.78,0.93,8.74
BATCH_026,7,12.06,11.31,0.84,1.13,9.09
BATCH_026,8,12.08,10.84,0.91,1.35,9.87
BATCH_026,9,12.09,10.34,0.98,1.57,10.29
BATCH_026,10,12.1,9.81,1.05,1.82,10.88
BATCH_026,11,12.12,9.24,1.13,2.08,11.46
BATCH_026,12,12.14,8.63,1.22,2.37,12.04
BATCH_026,13,12.16,7.97,1.31,2.67,13.03
BATCH_026,14,12.18,7.28,1.41,2.99,13.87
BATCH_026,15,12.21,6.54,1.51,3.33,14.54
BATCH_026,16,12.24,5.75,1.62,3.69,15.16
BATCH_026,17,12.27,4.93,1.74,4.06,15.65
BATCH_026,18,12.31,4.08,1.86,4.46,16.39
BATCH_026,19,12.35,3.19,1.98,4.86,16.11
BATCH_026,20,12.39,2.31,2.1,5.27,16.03
BATCH_026,21,12.44,1.45,2.22,5.66,14.05
BATCH_026,22,12.49,0.7,2.33,6.01,10.5
BATCH_026,23,12.55,0.17,2.4,6.25,4.43
BATCH_026,24,12.61,0.0,2.43,6.33,1.86
BATCH_026,25,12.68,0.0,2.43,6.33,2.2
BATCH_026,26,12.75,0.0,2.43,6.33,2.17
BATCH_026,27,12.83,0.0,2.43,6.33,2.32
BATCH_026,28,12.91,0.0,2.43,6.33,2.29
BATCH_026,29,13.0,0.0,2.43,6.33,2.03
BATCH_026,30,13.1,0.0,2.43,6.33,2.26
BATCH_026,31,13.19,0.0,2.43,6.33,2.24
BATCH_026,32,13.29,0.0,2.43,6.33,2.74
BATCH_026,33,13.4,0.0,2.43,6.33,2.31
BATCH_026,34,13.51,0.0,2.43,6.33,2.81
BATCH_026,35,13.61,0.0,2.43,6.33,2.89
BATCH_026,36,13.72,0.0,2.43,6.33,3.16
BATCH_026,37,13.83,0.0,2.43,6.33,2.79
BATCH_026,38,13.94,0.0,2.43,6.33,3.1
BATCH_026,39,14.05,0.0,2.43,6.33,3.49
BATCH_026,40,14.15,0.0,2.43,6.33,2.99
BATCH_026,41,14.25,0.0,2.43,6.33,2.88
BATCH_026,42,14.35,0.0,2.43,6.33,2.89
BATCH_026,43,14.44,0.0,2.43,6.33,3.47
BATCH_026,44,14.53,0.0,2.43,6.33,3.02
BATCH_026,45,14.61,0.0,2.43,6.33,3.39
BATCH_026,46,14.69,0.0,2.43,6.33,3.61
BATCH_026,47,14.77,0.0,2.43,6.33,3.61
BATCH_026,48,14.83,0.0,2.43,6.33,3.71
BATCH_026,49,14.9,0.0,2.43,6.33,3.72
BATCH_026,50,14.95,0.0,2.43,6.33,3.97
BATCH_026,51,15.01,0.0,2.43,6.33,3.56
BATCH_026,52,15.06,0.0,2.43,6.33,3.66
BATCH_026,53,15.1,0.0,2.43,6.33,3.67
BATCH_026,54,15.14,0.0,2.43,6.33,4.02
BATCH_026,55,15.17,0.0,2.43,6.33,4.06
BATCH_026,56,15.21,0.0,2.43,6.33,4.0
BATCH_026,57,15.24,0.0,2.43,6.33,4.16
BATCH_026,58,15.26,0.0,2.43,6.33,3.71
BATCH_026,59,15.29,0.0,2.43,6.33,4.3
BATCH_026,60,15.31,0.0,2.43,6.33,4.28
BATCH_026,61,15.33,0.0,2.43,6.33,4.14
BATCH_026,62,15.34,0.0,2.43,6.33,4.36
BATCH_026,63,15.36,0.0,2.43,6.33,3.69
BATCH_026,64,15.37,0.0,2.43,6.33,3.92
BATCH_026,65,15.38,0.0,2.43,6.33,3.89
BATCH_026,66,15.39,0.0,2.43,6.33,4.19
BATCH_026,67,15.4,0.0,2.43,6.33,3.84
BATCH_026,68,15.41,0.0,2.43,6.33,4.21
BATCH_026,69,15.42,0.0,2.43,6.33,4.34
BATCH_026,70,15.42,0.0,2.43,6.33,4.21
BATCH_026,71,15.43,0.0,2.43,6.33,4.13
BATCH_026,72,15.43,0.0,2.43,6.33,3.88
BATCH_026,73,15.44,0.0,2.43,6.33,3.91
BATCH_026,74,15.44,0.0,2.43,6.33,4.33
BATCH_026,75,15.45,0.0,2.43,6.33,4.24
BATCH_026,76,15.45,0.0,2.43,6.33,4.08
BATCH_026,77,15.45,0.0,2.43,6.33,4.01
BATCH_026,78,15.45,0.0,2.43,6.33,3.69
BATCH_026,79,15.46,0.0,2.43,6.33,3.88
BATCH_026,80,15.46,0.0,2.43,6.33,4.48
BATCH_026,81,15.46,0.0,2.43,6.33,3.84
BATCH_026,82,15.46,0.0,2.43,6.33,4.13
BATCH_026,83,15.46,0.0,2.43,6.33,4.3
BATCH_026,84,15.46,0.0,2.43,6.33,3.85
BATCH_026,85,15.46,0.0,2.43,6.33,4.14
BATCH_026,86,15.47,0.0,2.43,6.33,4.29
BATCH_026,87,15.47,0.0,2.43,6.33,4.1
BATCH_026,88,15.47,0.0,2.43,6.33,4.67
BATCH_026,89,15.47,0.0,2.43,6.33,3.77
BATCH_026,90,15.47,0.0,2.43,6.33,4.31
BATCH_026,91,15.47,0.0,2.43,6.33,4.07
BATCH_026,92,15.47,0.0,2.43,6.33,4.26
BATCH_026,93,15.47,0.0,2.43,6.33,4.19
BATCH_026,94,15.47,0.0,2.43,6.33,3.96
BATCH_026,95,15.47,0.0,2.43,6.33,4.15
BATCH_026,96,15.47,0.0,2.43,6.33,3.73
BATCH_026,97,15.47,0.0,2.43,6.33,4.22
BATCH_026,98,15.47,0.0,2.43,6.33,4.16
BATCH_026,99,15.47,0.0,2.43,6.33,4.23
BATCH_026,100,15.47,0.0,2.43,6.33,4.32
BATCH_026,101,15.47,0.0,2.43,6.33,4.18
BATCH_026,102,15.47,0.0,2.43,6.33,4.13
BATCH_026,103,15.47,0.0,2.43,6.33,3.93
BATCH_026,104,15.47,0.0,2.43,6.33,3.96
BATCH_026,105,15.47,0.0,2.43,6.33,4.34
BATCH_026,106,15.47,0.0,2.43,6.33,4.39
BATCH_026,107,15.47,0.0,2.43,6.33,4.06
BATCH_026,108,15.47,0.0,2.43,6.33,4.11
BATCH_026,109,15.47,0.0,2.43,6.33,3.92
BATCH_026,110,15.47,0.0,2.43,6.33,4.34
BATCH_026,111,15.47,0.0,2.43,6.33,4.24
BATCH_026,112,15.47,0.0,2.43,6.33,4.49
BATCH_026,113,15.47,0.0,2.43,6.33,3.93
BATCH_026,114,15.47,0.0,2.43,6.33,4.03
BATCH_026,115,15.47,0.0,2.43,6.33,4.15
BATCH_026,116,15.47,0.0,2.43,6.33,4.23
BATCH_026,117,15.47,0.0,2.43,6.33,4.06
BATCH_026,118,15.47,0.0,2.43,6.33,3.93
BATCH_026,119,15.47,0.0,2.43,6.33,4.28
BATCH_026,120,15.47,0.0,2.43,6.33,4.25
BATCH_027,0,11.6,13.73,0.55,0.0,6.23
BATCH_027,1,11.6,13.42,0.6,0.14,6.55
BATCH_027,2,11.61,13.09,0.64,0.29,7.14
BATCH_027,3,11.62,12.74,0.69,0.45,8.01
BATCH_027,4,11.62,12.36,0.74,0.63,7.94
BATCH_027,5,11.63,11.96,0.8,0.81,8.25
BATCH_027,6,11.64,11.52,0.86,1.01,9.23
BATCH_027,7,11.65,11.05,0.93,1.23,9.19
BATCH_027,8,11.66,10.55,1.0,1.46,9.83
BATCH_027,9,11.68,10.01,1.07,1.71,10.62
BATCH_027,10,11.69,9.44,1.15,1.97,11.35
BATCH_027,11,11.71,8.83,1.24,2.25,11.97
BATCH_027,12,11.73,8.17,1.33,2.56,12.8
BATCH_027,13,11.75,7.47,1.43,2.88,13.58
BATCH_027,14,11.77,6.73,1.53,3.22,14.46
BATCH_027,15,11.8,5.95,1.64,3.58,14.95
BATCH_027,16,11.83,5.13,1.76,3.96,15.43
BATCH_027,17,11.86,4.27,1.88,4.35,16.2
BATCH_027,18,11.89,3.38,2.0,4.76,16.0
BATCH_027,19,11.93,2.49,2.13,5.17,15.46
BATCH_027,20,11.98,1.62,2.25,5.57,14.65
BATCH_027,21,12.03,0.84,2.36,5.93,11.46
BATCH_027,22,12.08,0.25,2.44,6.2,5.48
BATCH_027,23,12.14,0.0,2.48,6.31,1.52
BATCH_027,24,12.2,0.0,2.48,6.31,1.47
BATCH_027,25,12.27,0.0,2.48,6.31,1.76
BATCH_027,26,12.34,0.0,2.48,6.31,2.1
BATCH_027,27,12.42,0.0,2.48,6.31,1.95
BATCH_027,28,12.5,0.0,2.48,6.31,2.08
BATCH_027,29,12.59,0.0,2.48,6.31,2.11
BATCH_027,30,12.68,0.0,2.48,6.31,2.01
BATCH_027,31,12.78,0.0,2.48,6.31,2.3
BATCH_027,32,12.88,0.0,2.48,6.31,2.31
BATCH_027,33,12.99,0.0,2.48,6.31,2.53
BATCH_027,34,13.09,0.0,2.48,6.31,2.23
BATCH_027,35,13.2,0.0,2.48,6.31,2.05
BATCH_027,36,13.31,0.0,2.48,6.31,2.69
BATCH_027,37,13.42,0.0,2.48,6.31,2.63
BATCH_027,38,13.53,0.0,2.48,6.31,2.59
BATCH_027,39,13.63,0.0,2.48,6.31,2.68
BATCH_027,40,13.74,0.0,2.48,6.31,3.31
BATCH_027,41,13.84,0.0,2.48,6.31,2.75
BATCH_027,42,13.94,0.0,2.48,6.31,2.78
BATCH_027,43,14.03,0.0,2.48,6.31,3.04
BATCH_027,44,14.12,0.0,2.48,6.31,3.33
BATCH_027,45,14.2,0.0,2.48,6.31,3.61
BATCH_027,46,14.28,0.0,2.48,6.31,3.34
BATCH_027,47,14.35,0.0,2.48,6.31,3.01
BATCH_027,48,14.42,0.0,2.48,6.31,3.71
BATCH_027,49,14.48,0.0,2.48,6.31,3.36
BATCH_027,50,14.54,0.0,2.48,6.31,3.24
BATCH_027,51,14.59,0.0,2.48,6.31,3.23
BATCH_027,52,14.64,0.0,2.48,6.31,3.65
BATCH_027,53,14.69,0.0,2.48,6.31,3.56
BATCH_027,54,14.73,0.0,2.48,6.31,3.61
BATCH_027,55,14.76,0.0,2.48,6.31,3.83
BATCH_027,56,14.79,0.0,2.48,6.31,3.44
BATCH_027,57,14.82,0.0,2.48,6.31,3.89
BATCH_027,58,14.85,0.0,2.48,6.31,3.53
BATCH_027,59,14.87,0.0,2.48,6.31,4.09
BATCH_027,60,14.89,0.0,2.48,6.31,3.79
BATCH_027,61,14.91,0.0,2.48,6.31,3.5
BATCH_027,62,14.93,0.0,2.48,6.31,3.29
BATCH_027,63,14.94,0.0,2.48,6.31,3.87
BATCH_027,64,14.96,0.0,2.48,6.31,3.64
BATCH_027,65,14.97,0.0,2.48,6.31,3.7
BATCH_027,66,14.98,0.0,2.48,6.31,3.89
BATCH_027,67,14.99,0.0,2.48,6.31,3.94
BATCH_027,68,15.0,0.0,2.48,6.31,3.99
BATCH_027,69,15.0,0.0,2.48,6.31,3.52
BATCH_027,70,15.01,0.0,2.48,6.31,4.04
BATCH_027,71,15.02,0.0,2.48,6.31,3.65
BATCH_027,72,15.02,0.0,2.48,6.31,3.31
BATCH_027,73,15.03,0.0,2.48,6.31,3.53
BATCH_027,74,15.03,0.0,2.48,6.31,3.82
BATCH_027,75,15.03,0.0,2.48,6.31,3.58
BATCH_027,76,15.04,0.0,2.48,6.31,3.76
BATCH_027,77,15.04,0.0,2.48,6.31,3.85
BATCH_027,78,15.04,0.0,2.48,6.31,3.74
BATCH_027,79,15.04,0.0,2.48,6.31,3.68
BATCH_027,80,15.05,0.0,2.48,6.31,3.53
BATCH_027,81,15.05,0.0,2.48,6.31,3.79
BATCH_027,82,15.05,0.0,2.48,6.31,3.37
BATCH_027,83,15.05,0.0,2.48,6.31,3.65
BATCH_027,84,15.05,0.0,2.48,6.31,3.6
BATCH_027,85,15.05,0.0,2.48,6.31,3.74
BATCH_027,86,15.05,0.0,2.48,6.31,3.75
BATCH_027,87,15.05,0.0,2.48,6.31,3.98
BATCH_027,88,15.05,0.0,2.48,6.31,4.11
BATCH_027,89,15.06,0.0,2.48,6.31,3.57
BATCH_027,90,15.06,0.0,2.48,6.31,4.19
BATCH_027,91,15.06,0.0,2.48,6.31,3.64
BATCH_027,92,15.06,0.0,2.48,6.31,3.83
BATCH_027,93,15.06,0.0,2.48,6.31,3.89
BATCH_027,94,15.06,0.0,2.48,6.31,4.28
BATCH_027,95,15.06,0.0,2.48,6.31,3.68
BATCH_027,96,15.06,0.0,2.48,6.31,3.43
BATCH_027,97,15.06,0.0,2.48,6.31,4.09
BATCH_027,98,15.06,0.0,2.48,6.31,3.63
BATCH_027,99,15.06,0.0,2.48,6.31,3.72
BATCH_027,100,15.06,0.0,2.48,6.31,3.57
BATCH_027,101,15.06,0.0,2.48,6.31,3.72
BATCH_027,102,15.06,0.0,2.48,6.31,3.63
BATCH_027,103,15.06,0.0,2.48,6.31,3.93
BATCH_027,104,15.06,0.0,2.48,6.31,3.81
BATCH_027,105,15.06,0.0,2.48,6.31,3.66
BATCH_027,106,15.06,0.0,2.48,6.31,3.99
BATCH_027,107,15.06,0.0,2.48,6.31,3.85
BATCH_027,108,15.06,0.0,2.48,6.31,3.43
BATCH_027,109,15.06,0.0,2.48,6.31,3.98
BATCH_027,110,15.06,0.0,2.48,6.31,3.83
BATCH_027,111,15.06,0.0,2.48,6.31,4.07
BATCH_027,112,15.06,0.0,2.48,6.31,3.82
BATCH_027,113,15.06,0.0,2.48,6.31,3.64
BATCH_027,114,15.06,0.0,2.48,6.31,3.75
BATCH_027,115,15.06,0.0,2.48,6.31,3.96
BATCH_027,116,15.06,0.0,2.48,6.31,3.64
BATCH_027,117,15.06,0.0,2.48,6.31,3.71
BATCH_027,118,15.06,0.0,2.48,6.31,3.75
BATCH_027,119,15.06,0.0,2.48,6.31,3.56
BATCH_027,120,15.06,0.0,2.48,6.31,3.64
BATCH_028,0,11.21,14.05,0.55,0.0,5.88
BATCH_028,1,11.22,13.75,0.59,0.14,6.64
BATCH_028,2,11.23,13.44,0.63,0.28,6.5
BATCH_028,3,11.23,13.09,0.68,0.44,7.1
BATCH_028,4,11.24,12.72,0.73,0.61,7.56
BATCH_028,5,11.25,12.33,0.79,0.79,7.97
BATCH_028,6,11.26,11.9,0.85,0.99,8.42
BATCH_028,7,11.27,11.45,0.91,1.2,9.07
BATCH_028,8,11.28,10.96,0.98,1.42,9.06
BATCH_028,9,11.29,10.44,1.05,1.66,10.31
BATCH_028,10,11.31,9.88,1.13,1.92,10.84
BATCH_028,11,11.32,9.29,1.22,2.19,11.44
BATCH_028,12,11.34,8.65,1.3,2.48,12.6
BATCH_028,13,11.36,7.97,1.4,2.8,12.77
BATCH_028,14,11.39,7.25,1.5,3.13,13.54
BATCH_028,15,11.41,6.49,1.61,3.48,14.73
BATCH_028,16,11.44,5.69,1.72,3.85,14.83
BATCH_028,17,11.47,4.84,1.84,4.24,15.44
BATCH_028,18,11.51,3.97,1.96,4.64,15.89
BATCH_028,19,11.55,3.07,2.09,5.05,16.09
BATCH_028,20,11.59,2.18,2.21,5.46,15.29
BATCH_028,21,11.64,1.33,2.33,5.85,13.05
BATCH_028,22,11.69,0.59,2.43,6.19,9.14
BATCH_028,23,11.75,0.11,2.5,6.41,3.02
BATCH_028,24,11.81,0.0,2.52,6.46,1.35
BATCH_028,25,11.88,0.0,2.52,6.46,1.5
BATCH_028,26,11.96,0.0,2.52,6.46,1.55
BATCH_028,27,12.03,0.0,2.52,6.46,1.17
BATCH_028,28,12.12,0.0,2.52,6.46,1.8
BATCH_028,29,12.21,0.0,2.52,6.46,1.71
BATCH_028,30,12.3,0.0,2.52,6.46,2.0
BATCH_028,31,12.4,0.0,2.52,6.46,1.89
BATCH_028,32,12.5,0.0,2.52,6.46,2.09
BATCH_028,33,12.6,0.0,2.52,6.46,2.04
BATCH_028,34,12.71,0.0,2.52,6.46,2.3
BATCH_028,35,12.82,0.0,2.52,6.46,2.22
BATCH_028,36,12.93,0.0,2.52,6.46,2.18
BATCH_028,37,13.04,0.0,2.52,6.46,2.73
BATCH_028,38,13.14,0.0,2.52,6.46,2.54
BATCH_028,39,13.25,0.0,2.52,6.46,2.55
BATCH_028,40,13.36,0.0,2.52,6.46,2.26
BATCH_028,41,13.46,0.0,2.52,6.46,2.33
BATCH_028,42,13.55,0.0,2.52,6.46,2.72
BATCH_028,43,13.65,0.0,2.52,6.46,2.76
BATCH_028,44,13.74,0.0,2.52,6.46,2.68
BATCH_028,45,13.82,0.0,2.52,6.46,2.89
BATCH_028,46,13.9,0.0,2.52,6.46,3.24
BATCH_028,47,13.97,0.0,2.52,6.46,3.12
BATCH_028,48,14.04,0.0,2.52,6.46,2.8
BATCH_028,49,14.1,0.0,2.52,6.46,3.05
BATCH_028,50,14.16,0.0,2.52,6.46,2.96
BATCH_028,51,14.21,0.0,2.52,6.46,3.08
BATCH_028,52,14.26,0.0,2.52,6.46,3.11
BATCH_028,53,14.3,0.0,2.52,6.46,3.13
BATCH_028,54,14.34,0.0,2.52,6.46,3.01
BATCH_028,55,14.38,0.0,2.52,6.46,3.26
BATCH_028,56,14.41,0.0,2.52,6.46,3.2
BATCH_028,57,14.44,0.0,2.52,6.46,2.74
BATCH_028,58,14.47,0.0,2.52,6.46,3.76
BATCH_028,59,14.49,0.0,2.52,6.46,3.58
BATCH_028,60,14.51,0.0,2.52,6.46,3.31
BATCH_028,61,14.53,0.0,2.52,6.46,3.4
BATCH_028,62,14.55,0.0,2.52,6.46,3.17
BATCH_028,63,14.56,0.0,2.52,6.46,3.76
BATCH_028,64,14.57,0.0,2.52,6.46,3.81
BATCH_028,65,14.59,0.0,2.52,6.46,3.47
BATCH_028,66,14.6,0.0,2.52,6.46,3.65
BATCH_028,67,14.61,0.0,2.52,6.46,3.49
BATCH_028,68,14.61,0.0,2.52,6.46,3.19
BATCH_028,69,14.62,0.0,2.52,6.46,3.38
BATCH_028,70,14.63,0.0,2.52,6.46,3.5
BATCH_028,71,14.63,0.0,2.52,6.46,3.38
BATCH_028,72,14.64,0.0,2.52,6.46,3.43
BATCH_028,73,14.64,0.0,2.52,6.46,3.46
BATCH_028,74,14.65,0.0,2.52,6.46,3.47
BATCH_028,75,14.65,0.0,2.52,6.46,3.5
BATCH_028,76,14.65,0.0,2.52,6.46,3.28
BATCH_028,77,14.66,0.0,2.52,6.46,3.35
BATCH_028,78,14.66,0.0,2.52,6.46,3.24
BATCH_028,79,14.66,0.0,2.52,6.46,3.69
BATCH_028,80,14.66,0.0,2.52,6.46,3.08
BATCH_028,81,14.66,0.0,2.52,6.46,3.73
BATCH_028,82,14.67,0.0,2.52,6.46,3.78
BATCH_028,83,14.67,0.0,2.52,6.46,3.44
BATCH_028,84,14.67,0.0,2.52,6.46,2.98
BATCH_028,85,14.67,0.0,2.52,6.46,3.43
BATCH_028,86,14.67,0.0,2.52,6.46,3.49
BATCH_028,87,14.67,0.0,2.52,6.46,3.3
BATCH_028,88,14.67,0.0,2.52,6.46,3.4
BATCH_028,89,14.67,0.0,2.52,6.46,3.81
BATCH_028,90,14.67,0.0,2.52,6.46,3.64
BATCH_028,91,14.67,0.0,2.52,6.46,3.32
BATCH_028,92,14.67,0.0,2.52,6.46,3.19
BATCH_028,93,14.67,0.0,2.52,6.46,3.44
BATCH_028,94,14.67,0.0,2.52,6.46,3.46
BATCH_028,95,14.67,0.0,2.52,6.46,3.6
BATCH_028,96,14.67,0.0,2.52,6.46,3.4
BATCH_028,97,14.67,0.0,2.52,6.46,3.61
BATCH_028,98,14.67,0.0,2.52,6.46,3.89
BATCH_028,99,14.68,0.0,2.52,6.46,3.67
BATCH_028,100,14.68,0.0,2.52,6.46,3.5
BATCH_028,101,14.68,0.0,2.52,6.46,3.47
BATCH_028,102,14.68,0.0,2.52,6.46,3.44
BATCH_028,103,14.68,0.0,2.52,6.46,3.74
BATCH_028,104,14.68,0.0,2.52,6.46,3.38
BATCH_028,105,14.68,0.0,2.52,6.46,3.52
BATCH_028,106,14.68,0.0,2.52,6.46,3.52
BATCH_028,107,14.68,0.0,2.52,6.46,3.41
BATCH_028,108,14.68,0.0,2.52,6.46,3.23
BATCH_028,109,14.68,0.0,2.52,6.46,3.57
BATCH_028,110,14.68,0.0,2.52,6.46,3.49
BATCH_028,111,14.68,0.0,2.52,6.46,3.61
BATCH_028,112,14.68,0.0,2.52,6.46,3.4
BATCH_028,113,14.68,0.0,2.52,6.46,3.75
BATCH_028,114,14.68,0.0,2.52,6.46,3.33
BATCH_028,115,14.68,0.0,2.52,6.46,3.85
BATCH_028,116,14.68,0.0,2.52,6.46,3.16
BATCH_028,117,14.68,0.0,2.52,6.46,3.59
BATCH_028,118,14.68,0.0,2.52,6.46,3.6
BATCH_028,119,14.68,0.0,2.52,6.46,3.35
BATCH_028,120,14.68,0.0,2.52,6.46,3.59
BATCH_029,0,11.92,14.38,0.41,0.0,5.27
BATCH_029,1,11.93,14.15,0.44,0.11,5.53
BATCH_029,2,11.94,13.91,0.48,0.22,5.93
BATCH_029,3,11.94,13.64,0.52,0.34,6.03
BATCH_029,4,11.95,13.35,0.56,0.47,6.36
BATCH_029,5,11.96,13.04,0.6,0.62,6.9
BATCH_029,6,11.97,12.71,0.65,0.77,7.65
BATCH_029,7,11.98,12.35,0.7,0.93,7.59
BATCH_029,8,11.99,11.97,0.75,1.11,7.79
BATCH_029,9,12.0,11.56,0.81,1.3,8.72
BATCH_029,10,12.02,11.11,0.87,1.51,9.61
BATCH_029,11,12.03,10.64,0.94,1.72,9.62
BATCH_029,12,12.05,10.12,1.01,1.96,10.35
BATCH_029,13,12.07,9.58,1.08,2.21,11.29
BATCH_029,14,12.1,8.99,1.17,2.48,12.44
BATCH_029,15,12.12,8.36,1.25,2.77,12.36
BATCH_029,16,12.15,7.69,1.35,3.08,13.09
BATCH_029,17,12.18,6.98,1.45,3.41,14.17
BATCH_029,18,12.22,6.22,1.55,3.75,15.07
BATCH_029,19,12.26,5.43,1.67,4.12,15.37
BATCH_029,20,12.3,4.59,1.78,4.5,15.73
BATCH_029,21,12.35,3.72,1.9,4.9,16.47
BATCH_029,22,12.4,2.84,2.03,5.31,16.43
BATCH_029,23,12.46,1.96,2.15,5.72,15.81
BATCH_029,24,12.52,1.13,2.27,6.1,13.28
BATCH_029,25,12.59,0.45,2.36,6.41,8.72
BATCH_029,26,12.67,0.05,2.42,6.59,2.77
BATCH_029,27,12.74,0.0,2.43,6.62,2.55
BATCH_029,28,12.83,0.0,2.43,6.62,2.04
BATCH_029,29,12.92,0.0,2.43,6.62,2.06
BATCH_029,30,13.01,0.0,2.43,6.62,2.62
BATCH_029,31,13.11,0.0,2.43,6.62,2.03
BATCH_029,32,13.21,0.0,2.43,6.62,2.04
BATCH_029,33,13.31,0.0,2.43,6.62,2.51
BATCH_029,34,13.42,0.0,2.43,6.62,2.56
BATCH_029,35,13.53,0.0,2.43,6.62,2.6
BATCH_029,36,13.64,0.0,2.43,6.62,2.93
BATCH_029,37,13.75,0.0,2.43,6.62,2.63
BATCH_029,38,13.85,0.0,2.43,6.62,2.9
BATCH_029,39,13.96,0.0,2.43,6.62,2.9
BATCH_029,40,14.06,0.0,2.43,6.62,2.87
BATCH_029,41,14.17,0.0,2.43,6.62,3.11
BATCH_029,42,14.26,0.0,2.43,6.62,3.37
BATCH_029,43,14.36,0.0,2.43,6.62,3.69
BATCH_029,44,14.44,0.0,2.43,6.62,3.45
BATCH_029,45,14.53,0.0,2.43,6.62,2.89
BATCH_029,46,14.61,0.0,2.43,6.62,3.45
BATCH_029,47,14.68,0.0,2.43,6.62,3.52
BATCH_029,48,14.75,0.0,2.43,6.62,3.75
BATCH_029,49,14.81,0.0,2.43,6.62,3.64
BATCH_029,50,14.87,0.0,2.43,6.62,3.9
BATCH_029,51,14.92,0.0,2.43,6.62,3.77
BATCH_029,52,14.97,0.0,2.43,6.62,4.04
BATCH_029,53,15.01,0.0,2.43,6.62,3.67
BATCH_029,54,15.05,0.0,2.43,6.62,3.82
BATCH_029,55,15.09,0.0,2.43,6.62,3.98
BATCH_029,56,15.12,0.0,2.43,6.62,3.73
BATCH_029,57,15.15,0.0,2.43,6.62,3.7
BATCH_029,58,15.18,0.0,2.43,6.62,3.76
BATCH_029,59,15.2,0.0,2.43,6.62,3.75
BATCH_029,60,15.22,0.0,2.43,6.62,4.02
BATCH_029,61,15.24,0.0,2.43,6.62,3.56
BATCH_029,62,15.26,0.0,2.43,6.62,3.63
BATCH_029,63,15.27,0.0,2.43,6.62,4.33
BATCH_029,64,15.28,0.0,2.43,6.62,3.82
BATCH_029,65,15.3,0.0,2.43,6.62,4.01
BATCH_029,66,15.31,0.0,2.43,6.62,3.68
BATCH_029,67,15.31,0.0,2.43,6.62,4.0
BATCH_029,68,15.32,0.0,2.43,6.62,3.85
BATCH_029,69,15.33,0.0,2.43,6.62,3.69
BATCH_029,70,15.34,0.0,2.43,6.62,4.27
BATCH_029,71,15.34,0.0,2.43,6.62,4.24
BATCH_029,72,15.35,0.0,2.43,6.62,3.99
BATCH_029,73,15.35,0.0,2.43,6.62,4.21
BATCH_029,74,15.36,0.0,2.43,6.62,4.4
BATCH_029,75,15.36,0.0,2.43,6.62,4.17
BATCH_029,76,15.36,0.0,2.43,6.62,4.12
BATCH_029,77,15.37,0.0,2.43,6.62,4.06
BATCH_029,78,15.37,0.0,2.43,6.62,4.16
BATCH_029,79,15.37,0.0,2.43,6.62,3.95
BATCH_029,80,15.37,0.0,2.43,6.62,3.97
BATCH_029,81,15.37,0.0,2.43,6.62,4.12
BATCH_029,82,15.37,0.0,2.43,6.62,3.94
BATCH_029,83,15.38,0.0,2.43,6.62,3.96
BATCH_029,84,15.38,0.0,2.43,6.62,4.03
BATCH_029,85,15.38,0.0,2.43,6.62,4.26
BATCH_029,86,15.38,0.0,2.43,6.62,3.81
BATCH_029,87,15.38,0.0,2.43,6.62,4.19
BATCH_029,88,15.38,0.0,2.43,6.62,4.19
BATCH_029,89,15.38,0.0,2.43,6.62,4.19
BATCH_029,90,15.38,0.0,2.43,6.62,3.88
BATCH_029,91,15.38,0.0,2.43,6.62,3.7
BATCH_029,92,15.38,0.0,2.43,6.62,4.15
BATCH_029,93,15.38,0.0,2.43,6.62,4.07
BATCH_029,94,15.38,0.0,2.43,6.62,4.24
BATCH_029,95,15.38,0.0,2.43,6.62,3.9
BATCH_029,96,15.38,0.0,2.43,6.62,4.19
BATCH_029,97,15.38,0.0,2.43,6.62,4.25
BATCH_029,98,15.38,0.0,2.43,6.62,4.02
BATCH_029,99,15.38,0.0,2.43,6.62,4.12
BATCH_029,100,15.38,0.0,2.43,6.62,4.12
BATCH_029,101,15.38,0.0,2.43,6.62,3.87
BATCH_029,102,15.39,0.0,2.43,6.62,4.15
BATCH_029,103,15.39,0.0,2.43,6.62,4.36
BATCH_029,104,15.39,0.0,2.43,6.62,4.04
BATCH_029,105,15.39,0.0,2.43,6.62,3.75
BATCH_029,106,15.39,0.0,2.43,6.62,3.9
BATCH_029,107,15.39,0.0,2.43,6.62,3.68
BATCH_029,108,15.39,0.0,2.43,6.62,4.3
BATCH_029,109,15.39,0.0,2.43,6.62,4.19
BATCH_029,110,15.39,0.0,2.43,6.62,3.94
BATCH_029,111,15.39,0.0,2.43,6.62,3.76
BATCH_029,112,15.39,0.0,2.43,6.62,3.87
BATCH_029,113,15.39,0.0,2.43,6.62,3.91
BATCH_029,114,15.39,0.0,2.43,6.62,4.06
BATCH_029,115,15.39,0.0,2.43,6.62,4.05
BATCH_029,116,15.39,0.0,2.43,6.62,4.31
BATCH_029,117,15.39,0.0,2.43,6.62,3.9
BATCH_029,118,15.39,0.0,2.43,6.62,3.74
BATCH_029,119,15.39,0.0,2.43,6.62,3.81
BATCH_029,120,15.39,0.0,2.43,6.62,4.03
BATCH_030,0,11.74,13.78,0.49,0.0,5.66
BATCH_030,1,11.74,13.51,0.53,0.12,6.15
BATCH_030,2,11.75,13.22,0.57,0.26,6.51
BATCH_030,3,11.75,12.91,0.61,0.4,7.01
BATCH_030,4,11.76,12.57,0.66,0.56,7.19
BATCH_030,5,11.77,12.21,0.71,0.72,7.81
BATCH_030,6,11.78,11.82,0.76,0.9,8.32
BATCH_030,7,11.79,11.41,0.82,1.09,8.81
BATCH_030,8,11.8,10.96,0.88,1.3,9.1
BATCH_030,9,11.81,10.48,0.95,1.52,9.87
BATCH_030,10,11.83,9.97,1.02,1.75,10.52
BATCH_030,11,11.84,9.42,1.1,2.01,11.09
BATCH_030,12,11.86,8.83,1.18,2.28,11.35
BATCH_030,13,11.88,8.2,1.27,2.57,12.49
BATCH_030,14,11.91,7.53,1.36,2.88,13.61
BATCH_030,15,11.93,6.82,1.46,3.2,13.81
BATCH_030,16,11.96,6.07,1.57,3.55,14.43
BATCH_030,17,12.0,5.27,1.68,3.91,15.27
BATCH_030,18,12.03,4.44,1.8,4.3,15.77
BATCH_030,19,12.07,3.58,1.92,4.69,16.21
BATCH_030,20,12.11,2.71,2.04,5.09,15.55
BATCH_030,21,12.16,1.85,2.16,5.49,14.96
BATCH_030,22,12.22,1.05,2.27,5.86,12.47
BATCH_030,23,12.27,0.4,2.36,6.16,7.64
BATCH_030,24,12.34,0.04,2.41,6.32,2.43
BATCH_030,25,12.4,0.0,2.42,6.34,2.01
BATCH_030,26,12.48,0.0,2.42,6.34,2.03
BATCH_030,27,12.56,0.0,2.42,6.34,1.69
BATCH_030,28,12.64,0.0,2.42,6.34,2.14
BATCH_030,29,12.73,0.0,2.42,6.34,2.03
BATCH_030,30,12.82,0.0,2.42,6.34,2.13
BATCH_030,31,12.92,0.0,2.42,6.34,2.2
BATCH_030,32,13.02,0.0,2.42,6.34,2.23
BATCH_030,33,13.12,0.0,2.42,6.34,2.58
BATCH_030,34,13.23,0.0,2.42,6.34,2.41
BATCH_030,35,13.34,0.0,2.42,6.34,2.28
BATCH_030,36,13.45,0.0,2.42,6.34,2.51
BATCH_030,37,13.56,0.0,2.42,6.34,2.7
BATCH_030,38,13.66,0.0,2.42,6.34,2.99
BATCH_030,39,13.77,0.0,2.42,6.34,2.95
BATCH_030,40,13.88,0.0,2.42,6.34,2.74
BATCH_030,41,13.98,0.0,2.42,6.34,3.48
BATCH_030,42,14.07,0.0,2.42,6.34,3.11
BATCH_030,43,14.17,0.0,2.42,6.34,3.38
BATCH_030,44,14.26,0.0,2.42,6.34,3.16
BATCH_030,45,14.34,0.0,2.42,6.34,3.36
BATCH_030,46,14.42,0.0,2.42,6.34,3.48
BATCH_030,47,14.49,0.0,2.42,6.34,3.61
BATCH_030,48,14.56,0.0,2.42,6.34,3.63
BATCH_030,49,14.62,0.0,2.42,6.34,3.64
BATCH_030,50,14.68,0.0,2.42,6.34,3.45
BATCH_030,51,14.73,0.0,2.42,6.34,3.43
BATCH_030,52,14.78,0.0,2.42,6.34,3.65
BATCH_030,53,14.82,0.0,2.42,6.34,3.8
BATCH_030,54,14.86,0.0,2.42,6.34,3.6
BATCH_030,55,14.9,0.0,2.42,6.34,3.89
BATCH_030,56,14.93,0.0,2.42,6.34,3.99
BATCH_030,57,14.96,0.0,2.42,6.34,3.54
BATCH_030,58,14.99,0.0,2.42,6.34,3.57
BATCH_030,59,15.01,0.0,2.42,6.34,3.73
BATCH_030,60,15.03,0.0,2.42,6.34,3.83
BATCH_030,61,15.05,0.0,2.42,6.34,3.68
BATCH_030,62,15.07,0.0,2.42,6.34,4.07
BATCH_030,63,15.08,0.0,2.42,6.34,3.9
BATCH_030,64,15.09,0.0,2.42,6.34,3.83
BATCH_030,65,15.11,0.0,2.42,6.34,3.54
BATCH_030,66,15.12,0.0,2.42,6.34,3.57
BATCH_030,67,15.13,0.0,2.42,6.34,3.9
BATCH_030,68,15.13,0.0,2.42,6.34,3.42
BATCH_030,69,15.14,0.0,2.42,6.34,4.06
BATCH_030,70,15.15,0.0,2.42,6.34,3.83
BATCH_030,71,15.15,0.0,2.42,6.34,4.51
BATCH_030,72,15.16,0.0,2.42,6.34,4.33
BATCH_030,73,15.16,0.0,2.42,6.34,3.84
BATCH_030,74,15.17,0.0,2.42,6.34,3.85
BATCH_030,75,15.17,0.0,2.42,6.34,4.08
BATCH_030,76,15.17,0.0,2.42,6.34,4.22
BATCH_030,77,15.18,0.0,2.42,6.34,3.55
BATCH_030,78,15.18,0.0,2.42,6.34,3.53
BATCH_030,79,15.18,0.0,2.42,6.34,3.76
BATCH_030,80,15.18,0.0,2.42,6.34,4.0
BATCH_030,81,15.18,0.0,2.42,6.34,3.99
BATCH_030,82,15.19,0.0,2.42,6.34,4.1
BATCH_030,83,15.19,0.0,2.42,6.34,3.65
BATCH_030,84,15.19,0.0,2.42,6.34,3.43
BATCH_030,85,15.19,0.0,2.42,6.34,4.06
BATCH_030,86,15.19,0.0,2.42,6.34,3.73
BATCH_030,87,15.19,0.0,2.42,6.34,3.49
BATCH_030,88,15.19,0.0,2.42,6.34,3.92
BATCH_030,89,15.19,0.0,2.42,6.34,4.05
BATCH_030,90,15.19,0.0,2.42,6.34,3.87
BATCH_030,91,15.19,0.0,2.42,6.34,3.8
BATCH_030,92,15.19,0.0,2.42,6.34,3.86
BATCH_030,93,15.19,0.0,2.42,6.34,3.82
BATCH_030,94,15.19,0.0,2.42,6.34,3.63
BATCH_030,95,15.2,0.0,2.42,6.34,3.75
BATCH_030,96,15.2,0.0,2.42,6.34,4.0
BATCH_030,97,15.2,0.0,2.42,6.34,3.96
BATCH_030,98,15.2,0.0,2.42,6.34,3.93
BATCH_030,99,15.2,0.0,2.42,6.34,3.7
BATCH_030,100,15.2,0.0,2.42,6.34,3.86
BATCH_030,101,15.2,0.0,2.42,6.34,3.46
BATCH_030,102,15.2,0.0,2.42,6.34,3.93
BATCH_030,103,15.2,0.0,2.42,6.34,4.18
BATCH_030,104,15.2,0.0,2.42,6.34,3.6
BATCH_030,105,15.2,0.0,2.42,6.34,3.78
BATCH_030,106,15.2,0.0,2.42,6.34,3.96
BATCH_030,107,15.2,0.0,2.42,6.34,4.15
BATCH_030,108,15.2,0.0,2.42,6.34,3.81
BATCH_030,109,15.2,0.0,2.42,6.34,3.76
BATCH_030,110,15.2,0.0,2.42,6.34,3.5
BATCH_030,111,15.2,0.0,2.42,6.34,3.92
BATCH_030,112,15.2,0.0,2.42,6.34,4.31
BATCH_030,113,15.2,0.0,2.42,6.34,3.95
BATCH_030,114,15.2,0.0,2.42,6.34,3.89
BATCH_030,115,15.2,0.0,2.42,6.34,3.96
BATCH_030,116,15.2,0.0,2.42,6.34,3.9
BATCH_030,117,15.2,0.0,2.42,6.34,3.74
BATCH_030,118,15.2,0.0,2.42,6.34,4.06
BATCH_030,119,15.2,0.0,2.42,6.34,3.94
BATCH_030,120,15.2,0.0,2.42,6.34,3.9
BATCH_031,0,11.05,13.71,0.55,0.0,5.41
BATCH_031,1,11.06,13.41,0.59,0.14,5.95
BATCH_031,2,11.06,13.09,0.64,0.28,6.34
BATCH_031,3,11.07,12.75,0.69,0.44,7.07
BATCH_031,4,11.08,12.38,0.74,0.61,7.09
BATCH_031,5,11.09,11.99,0.79,0.79,7.62
BATCH_031,6,11.1,11.57,0.85,0.98,8.33
BATCH_031,7,11.11,11.11,0.92,1.19,8.55
BATCH_031,8,11.12,10.63,0.98,1.42,9.25
BATCH_031,9,11.13,10.11,1.06,1.65,9.65
BATCH_031,10,11.15,9.56,1.13,1.91,10.79
BATCH_031,11,11.16,8.97,1.22,2.18,11.2
BATCH_031,12,11.18,8.34,1.3,2.47,11.94
BATCH_031,13,11.2,7.67,1.4,2.78,12.82
BATCH_031,14,11.23,6.96,1.5,3.1,13.18
BATCH_031,15,11.25,6.21,1.6,3.45,13.94
BATCH_031,16,11.28,5.41,1.71,3.81,14.41
BATCH_031,17,11.31,4.59,1.83,4.2,14.91
BATCH_031,18,11.35,3.73,1.95,4.59,15.23
BATCH_031,19,11.39,2.86,2.07,4.99,15.21
BATCH_031,20,11.43,1.99,2.19,5.39,14.4
BATCH_031,21,11.48,1.18,2.31,5.76,12.39
BATCH_031,22,11.53,0.5,2.4,6.08,7.92
BATCH_031,23,11.59,0.08,2.46,6.27,2.56
BATCH_031,24,11.65,0.0,2.47,6.31,1.34
BATCH_031,25,11.72,0.0,2.47,6.31,1.2
BATCH_031,26,11.79,0.0,2.47,6.31,1.19
BATCH_031,27,11.87,0.0,2.47,6.31,1.42
BATCH_031,28,11.96,0.0,2.47,6.31,1.43
BATCH_031,29,12.05,0.0,2.47,6.31,1.58
BATCH_031,30,12.14,0.0,2.47,6.31,1.92
BATCH_031,31,12.24,0.0,2.47,6.31,1.69
BATCH_031,32,12.34,0.0,2.47,6.31,1.62
BATCH_031,33,12.44,0.0,2.47,6.31,1.65
BATCH_031,34,12.55,0.0,2.47,6.31,1.74
BATCH_031,35,12.66,0.0,2.47,6.31,1.7
BATCH_031,36,12.77,0.0,2.47,6.31,2.26
BATCH_031,37,12.87,0.0,2.47,6.31,1.71
BATCH_031,38,12.98,0.0,2.47,6.31,2.33
BATCH_031,39,13.09,0.0,2.47,6.31,2.14
BATCH_031,40,13.19,0.0,2.47,6.31,2.29
BATCH_031,41,13.3,0.0,2.47,6.31,2.29
BATCH_031,42,13.39,0.0,2.47,6.31,2.83
BATCH_031,43,13.49,0.0,2.47,6.31,2.62
BATCH_031,44,13.57,0.0,2.47,6.31,2.84
BATCH_031,45,13.66,0.0,2.47,6.31,3.0
BATCH_031,46,13.74,0.0,2.47,6.31,2.83
BATCH_031,47,13.81,0.0,2.47,6.31,2.62
BATCH_031,48,13.88,0.0,2.47,6.31,2.86
BATCH_031,49,13.94,0.0,2.47,6.31,2.81
BATCH_031,50,14.0,0.0,2.47,6.31,2.9
BATCH_031,51,14.05,0.0,2.47,6.31,3.02
BATCH_031,52,14.1,0.0,2.47,6.31,3.05
BATCH_031,53,14.14,0.0,2.47,6.31,3.19
BATCH_031,54,14.18,0.0,2.47,6.31,3.25
BATCH_031,55,14.22,0.0,2.47,6.31,3.14
BATCH_031,56,14.25,0.0,2.47,6.31,3.27
BATCH_031,57,14.28,0.0,2.47,6.31,3.1
BATCH_031,58,14.31,0.0,2.47,6.31,3.49
BATCH_031,59,14.33,0.0,2.47,6.31,3.13
BATCH_031,60,14.35,0.0,2.47,6.31,3.5
BATCH_031,61,14.37,0.0,2.47,6.31,2.98
BATCH_031,62,14.38,0.0,2.47,6.31,3.21
BATCH_031,63,14.4,0.0,2.47,6.31,3.23
BATCH_031,64,14.41,0.0,2.47,6.31,3.37
BATCH_031,65,14.42,0.0,2.47,6.31,3.49
BATCH_031,66,14.43,0.0,2.47,6.31,3.08
BATCH_031,67,14.44,0.0,2.47,6.31,3.11
BATCH_031,68,14.45,0.0,2.47,6.31,3.06
BATCH_031,69,14.46,0.0,2.47,6.31,3.61
BATCH_031,70,14.47,0.0,2.47,6.31,3.41
BATCH_031,71,14.47,0.0,2.47,6.31,3.14
BATCH_031,72,14.48,0.0,2.47,6.31,3.27
BATCH_031,73,14.48,0.0,2.47,6.31,3.6
BATCH_031,74,14.49,0.0,2.47,6.31,3.31
BATCH_031,75,14.49,0.0,2.47,6.31,3.3
BATCH_031,76,14.49,0.0,2.47,6.31,3.21
BATCH_031,77,14.49,0.0,2.47,6.31,3.17
BATCH_031,78,14.5,0.0,2.47,6.31,3.61
BATCH_031,79,14.5,0.0,2.47,6.31,3.71
BATCH_031,80,14.5,0.0,2.47,6.31,3.18
BATCH_031,81,14.5,0.0,2.47,6.31,3.66
BATCH_031,82,14.5,0.0,2.47,6.31,3.28
BATCH_031,83,14.51,0.0,2.47,6.31,3.49
BATCH_031,84,14.51,0.0,2.47,6.31,3.66
BATCH_031,85,14.51,0.0,2.47,6.31,3.35
BATCH_031,86,14.51,0.0,2.47,6.31,3.32
BATCH_031,87,14.51,0.0,2.47,6.31,3.54
BATCH_031,88,14.51,0.0,2.47,6.31,3.16
BATCH_031,89,14.51,0.0,2.47,6.31,3.61
BATCH_031,90,14.51,0.0,2.47,6.31,3.41
BATCH_031,91,14.51,0.0,2.47,6.31,3.27
BATCH_031,92,14.51,0.0,2.47,6.31,3.26
BATCH_031,93,14.51,0.0,2.47,6.31,3.11
BATCH_031,94,14.51,0.0,2.47,6.31,3.28
BATCH_031,95,14.51,0.0,2.47,6.31,3.33
BATCH_031,96,14.51,0.0,2.47,6.31,3.17
BATCH_031,97,14.51,0.0,2.47,6.31,3.38
BATCH_031,98,14.51,0.0,2.47,6.31,3.48
BATCH_031,99,14.51,0.0,2.47,6.31,3.34
BATCH_031,100,14.51,0.0,2.47,6.31,3.52
BATCH_031,101,14.51,0.0,2.47,6.31,3.22
BATCH_031,102,14.51,0.0,2.47,6.31,3.59
BATCH_031,103,14.51,0.0,2.47,6.31,3.41
BATCH_031,104,14.51,0.0,2.47,6.31,3.7
BATCH_031,105,14.51,0.0,2.47,6.31,3.87
BATCH_031,106,14.51,0.0,2.47,6.31,3.29
BATCH_031,107,14.51,0.0,2.47,6.31,3.3
BATCH_031,108,14.51,0.0,2.47,6.31,3.34
BATCH_031,109,14.51,0.0,2.47,6.31,3.51
BATCH_031,110,14.52,0.0,2.47,6.31,3.65
BATCH_031,111,14.52,0.0,2.47,6.31,3.26
BATCH_031,112,14.52,0.0,2.47,6.31,3.46
BATCH_031,113,14.52,0.0,2.47,6.31,3.36
BATCH_031,114,14.52,0.0,2.47,6.31,3.51
BATCH_031,115,14.52,0.0,2.47,6.31,3.69
BATCH_031,116,14.52,0.0,2.47,6.31,3.34
BATCH_031,117,14.52,0.0,2.47,6.31,3.05
BATCH_031,118,14.52,0.0,2.47,6.31,3.54
BATCH_031,119,14.52,0.0,2.47,6.31,3.22
BATCH_031,120,14.52,0.0,2.47,6.31,3.36
BATCH_032,0,12.02,14.24,0.51,0.0,6.23
BATCH_032,1,12.02,13.95,0.55,0.13,6.17
BATCH_032,2,12.03,13.64,0.6,0.27,6.98
BATCH_032,3,12.03,13.31,0.64,0.43,7.46
BATCH_032,4,12.04,12.95,0.69,0.59,8.06
BATCH_032,5,12.05,12.56,0.75,0.77,8.51
BATCH_032,6,12.06,12.15,0.8,0.96,9.01
BATCH_032,7,12.07,11.71,0.87,1.16,9.28
BATCH_032,8,12.08,11.23,0.93,1.38,9.65
BATCH_032,9,12.09,10.71,1.01,1.62,10.58
BATCH_032,10,12.11,10.16,1.08,1.87,11.52
BATCH_032,11,12.13,9.57,1.16,2.15,12.29
BATCH_032,12,12.14,8.94,1.25,2.44,12.88
BATCH_032,13,12.17,8.27,1.35,2.75,13.58
BATCH_032,14,12.19,7.55,1.45,3.08,14.33
BATCH_032,15,12.22,6.78,1.56,3.43,14.9
BATCH_032,16,12.24,5.97,1.67,3.8,15.71
BATCH_032,17,12.28,5.12,1.79,4.19,16.71
BATCH_032,18,12.31,4.23,1.91,4.6,16.66
BATCH_032,19,12.35,3.32,2.04,5.02,17.31
BATCH_032,20,12.4,2.39,2.17,5.45,16.44
BATCH_032,21,12.44,1.5,2.29,5.86,15.11
BATCH_032,22,12.5,0.71,2.4,6.22,10.76
BATCH_032,23,12.55,0.16,2.48,6.48,4.66
BATCH_032,24,12.62,0.0,2.51,6.55,1.82
BATCH_032,25,12.69,0.0,2.51,6.55,1.73
BATCH_032,26,12.76,0.0,2.51,6.55,2.11
BATCH_032,27,12.84,0.0,2.51,6.55,2.33
BATCH_032,28,12.92,0.0,2.51,6.55,2.02
BATCH_032,29,13.01,0.0,2.51,6.55,1.96
BATCH_032,30,13.1,0.0,2.51,6.55,2.31
BATCH_032,31,13.2,0.0,2.51,6.55,2.38
BATCH_032,32,13.3,0.0,2.51,6.55,2.58
BATCH_032,33,13.4,0.0,2.51,6.55,2.74
BATCH_032,34,13.51,0.0,2.51,6.55,2.62
BATCH_032,35,13.62,0.0,2.51,6.55,3.09
BATCH_032,36,13.73,0.0,2.51,6.55,2.84
BATCH_032,37,13.84,0.0,2.51,6.55,2.81
BATCH_032,38,13.95,0.0,2.51,6.55,2.64
BATCH_032,39,14.05,0.0,2.51,6.55,2.99
BATCH_032,40,14.16,0.0,2.51,6.55,3.05
BATCH_032,41,14.26,0.0,2.51,6.55,3.39
BATCH_032,42,14.36,0.0,2.51,6.55,3.36
BATCH_032,43,14.45,0.0,2.51,6.55,3.1
BATCH_032,44,14.54,0.0,2.51,6.55,3.44
BATCH_032,45,14.62,0.0,2.51,6.55,3.6
BATCH_032,46,14.7,0.0,2.51,6.55,3.83
BATCH_032,47,14.77,0.0,2.51,6.55,3.76
BATCH_032,48,14.84,0.0,2.51,6.55,3.78
BATCH_032,49,14.9,0.0,2.51,6.55,3.69
BATCH_032,50,14.96,0.0,2.51,6.55,3.8
BATCH_032,51,15.01,0.0,2.51,6.55,4.01
BATCH_032,52,15.06,0.0,2.51,6.55,3.53
BATCH_032,53,15.11,0.0,2.51,6.55,3.76
BATCH_032,54,15.14,0.0,2.51,6.55,3.7
BATCH_032,55,15.18,0.0,2.51,6.55,3.96
BATCH_032,56,15.21,0.0,2.51,6.55,4.16
BATCH_032,57,15.24,0.0,2.51,6.55,3.81
BATCH_032,58,15.27,0.0,2.51,6.55,3.47
BATCH_032,59,15.29,0.0,2.51,6.55,3.89
BATCH_032,60,15.31,0.0,2.51,6.55,4.17
BATCH_032,61,15.33,0.0,2.51,6.55,4.11
BATCH_032,62,15.35,0.0,2.51,6.55,4.1
BATCH_032,63,15.36,0.0,2.51,6.55,3.97
BATCH_032,64,15.38,0.0,2.51,6.55,3.78
BATCH_032,65,15.39,0.0,2.51,6.55,4.14
BATCH_032,66,15.4,0.0,2.51,6.55,3.88
BATCH_032,67,15.41,0.0,2.51,6.55,4.49
BATCH_032,68,15.42,0.0,2.51,6.55,4.18
BATCH_032,69,15.42,0.0,2.51,6.55,3.95
BATCH_032,70,15.43,0.0,2.51,6.55,3.95
BATCH_032,71,15.44,0.0,2.51,6.55,4.06
BATCH_032,72,15.44,0.0,2.51,6.55,4.03
BATCH_032,73,15.44,0.0,2.51,6.55,4.31
BATCH_032,74,15.45,0.0,2.51,6.55,4.12
BATCH_032,75,15.45,0.0,2.51,6.55,3.94
BATCH_032,76,15.46,0.0,2.51,6.55,4.47
BATCH_032,77,15.46,0.0,2.51,6.55,4.1
BATCH_032,78,15.46,0.0,2.51,6.55,4.25
BATCH_032,79,15.46,0.0,2.51,6.55,3.98
BATCH_032,80,15.46,0.0,2.51,6.55,4.17
BATCH_032,81,15.47,0.0,2.51,6.55,4.16
BATCH_032,82,15.47,0.0,2.51,6.55,3.72
BATCH_032,83,15.47,0.0,2.51,6.55,4.5
BATCH_032,84,15.47,0.0,2.51,6.55,4.36
BATCH_032,85,15.47,0.0,2.51,6.55,4.02
BATCH_032,86,15.47,0.0,2.51,6.55,3.88
BATCH_032,87,15.47,0.0,2.51,6.55,4.17
BATCH_032,88,15.47,0.0,2.51,6.55,4.12
BATCH_032,89,15.47,0.0,2.51,6.55,4.18
BATCH_032,90,15.47,0.0,2.51,6.55,4.14
BATCH_032,91,15.48,0.0,2.51,6.55,4.21
BATCH_032,92,15.48,0.0,2.51,6.55,4.4
BATCH_032,93,15.48,0.0,2.51,6.55,4.22
BATCH_032,94,15.48,0.0,2.51,6.55,3.9
BATCH_032,95,15.48,0.0,2.51,6.55,4.38
BATCH_032,96,15.48,0.0,2.51,6.55,4.44
BATCH_032,97,15.48,0.0,2.51,6.55,4.74
BATCH_032,98,15.48,0.0,2.51,6.55,3.88
BATCH_032,99,15.48,0.0,2.51,6.55,4.16
BATCH_032,100,15.48,0.0,2.51,6.55,3.69
BATCH_032,101,15.48,0.0,2.51,6.55,4.22
BATCH_032,102,15.48,0.0,2.51,6.55,4.0
BATCH_032,103,15.48,0.0,2.51,6.55,4.49
BATCH_032,104,15.48,0.0,2.51,6.55,3.95
BATCH_032,105,15.48,0.0,2.51,6.55,3.77
BATCH_032,106,15.48,0.0,2.51,6.55,4.01
BATCH_032,107,15.48,0.0,2.51,6.55,3.71
BATCH_032,108,15.48,0.0,2.51,6.55,4.26
BATCH_032,109,15.48,0.0,2.51,6.55,3.7
BATCH_032,110,15.48,0.0,2.51,6.55,4.11
BATCH_032,111,15.48,0.0,2.51,6.55,3.69
BATCH_032,112,15.48,0.0,2.51,6.55,4.04
BATCH_032,113,15.48,0.0,2.51,6.55,4.44
BATCH_032,114,15.48,0.0,2.51,6.55,4.18
BATCH_032,115,15.48,0.0,2.51,6.55,3.94
BATCH_032,116,15.48,0.0,2.51,6.55,4.1
BATCH_032,117,15.48,0.0,2.51,6.55,4.11
BATCH_032,118,15.48,0.0,2.51,6.55,4.2
BATCH_032,119,15.48,0.0,2.51,6.55,3.84
BATCH_032,120,15.48,0.0,2.51,6.55,4.23
BATCH_033,0,11.2,13.19,0.47,0.0,4.98
BATCH_033,1,11.21,12.93,0.51,0.12,5.32
BATCH_033,2,11.21,12.66,0.55,0.24,6.1
BATCH_033,3,11.22,12.36,0.59,0.38,6.15
BATCH_033,4,11.23,12.05,0.63,0.53,6.55
BATCH_033,5,11.24,11.71,0.68,0.68,6.81
BATCH_033,6,11.25,11.34,0.73,0.85,7.62
BATCH_033,7,11.26,10.95,0.79,1.03,7.81
BATCH_033,8,11.27,10.53,0.85,1.22,8.25
BATCH_033,9,11.28,10.08,0.91,1.43,8.56
BATCH_033,10,11.3,9.6,0.98,1.65,9.42
BATCH_033,11,11.31,9.09,1.05,1.89,9.9
BATCH_033,12,11.33,8.54,1.13,2.14,10.96
BATCH_033,13,11.35,7.96,1.21,2.41,11.62
BATCH_033,14,11.38,7.34,1.29,2.69,11.65
BATCH_033,15,11.4,6.68,1.39,2.99,12.32
BATCH_033,16,11.43,5.98,1.48,3.31,13.12
BATCH_033,17,11.46,5.25,1.59,3.65,13.6
BATCH_033,18,11.5,4.48,1.69,4.0,14.29
BATCH_033,19,11.54,3.69,1.81,4.37,14.48
BATCH_033,20,11.58,2.88,1.92,4.74,14.58
BATCH_033,21,11.63,2.07,2.03,5.12,14.12
BATCH_033,22,11.68,1.3,2.14,5.47,12.05
BATCH_033,23,11.74,0.63,2.23,5.78,9.14
BATCH_033,24,11.8,0.17,2.3,5.99,3.99
BATCH_033,25,11.87,0.0,2.32,6.07,1.83
BATCH_033,26,11.94,0.0,2.32,6.07,1.78
BATCH_033,27,12.02,0.0,2.32,6.07,1.49
BATCH_033,28,12.11,0.0,2.32,6.07,1.39
BATCH_033,29,12.19,0.0,2.32,6.07,1.41
BATCH_033,30,12.29,0.0,2.32,6.07,1.89
BATCH_033,31,12.39,0.0,2.32,6.07,1.78
BATCH_033,32,12.49,0.0,2.32,6.07,2.05
BATCH_033,33,12.59,0.0,2.32,6.07,2.38
BATCH_033,34,12.7,0.0,2.32,6.07,1.87
BATCH_033,35,12.81,0.0,2.32,6.07,1.86
BATCH_033,36,12.91,0.0,2.32,6.07,2.22
BATCH_033,37,13.02,0.0,2.32,6.07,2.5
BATCH_033,38,13.13,0.0,2.32,6.07,2.16
BATCH_033,39,13.24,0.0,2.32,6.07,2.44
BATCH_033,40,13.34,0.0,2.32,6.07,2.78
BATCH_033,41,13.44,0.0,2.32,6.07,2.26
BATCH_033,42,13.54,0.0,2.32,6.07,2.7
BATCH_033,43,13.64,0.0,2.32,6.07,2.62
BATCH_033,44,13.72,0.0,2.32,6.07,2.82
BATCH_033,45,13.81,0.0,2.32,6.07,3.0
BATCH_033,46,13.89,0.0,2.32,6.07,2.96
BATCH_033,47,13.96,0.0,2.32,6.07,2.77
BATCH_033,48,14.03,0.0,2.32,6.07,2.92
BATCH_033,49,14.09,0.0,2.32,6.07,3.35
BATCH_033,50,14.15,0.0,2.32,6.07,3.18
BATCH_033,51,14.2,0.0,2.32,6.07,3.32
BATCH_033,52,14.25,0.0,2.32,6.07,3.24
BATCH_033,53,14.29,0.0,2.32,6.07,3.38
BATCH_033,54,14.33,0.0,2.32,6.07,3.17
BATCH_033,55,14.37,0.0,2.32,6.07,3.12
BATCH_033,56,14.4,0.0,2.32,6.07,3.45
BATCH_033,57,14.43,0.0,2.32,6.07,3.55
BATCH_033,58,14.45,0.0,2.32,6.07,3.16
BATCH_033,59,14.48,0.0,2.32,6.07,3.24
BATCH_033,60,14.5,0.0,2.32,6.07,3.34
BATCH_033,61,14.52,0.0,2.32,6.07,3.71
BATCH_033,62,14.53,0.0,2.32,6.07,3.51
BATCH_033,63,14.55,0.0,2.32,6.07,3.15
BATCH_033,64,14.56,0.0,2.32,6.07,3.4
BATCH_033,65,14.57,0.0,2.32,6.07,3.38
BATCH_033,66,14.58,0.0,2.32,6.07,3.2
BATCH_033,67,14.59,0.0,2.32,6.07,3.42
BATCH_033,68,14.6,0.0,2.32,6.07,3.39
BATCH_033,69,14.61,0.0,2.32,6.07,3.38
BATCH_033,70,14.62,0.0,2.32,6.07,3.38
BATCH_033,71,14.62,0.0,2.32,6.07,3.76
BATCH_033,72,14.63,0.0,2.32,6.07,3.4
BATCH_033,73,14.63,0.0,2.32,6.07,3.48
BATCH_033,74,14.63,0.0,2.32,6.07,3.46
BATCH_033,75,14.64,0.0,2.32,6.07,3.38
BATCH_033,76,14.64,0.0,2.32,6.07,3.5
BATCH_033,77,14.64,0.0,2.32,6.07,3.5
BATCH_033,78,14.65,0.0,2.32,6.07,3.5
BATCH_033,79,14.65,0.0,2.32,6.07,3.31
BATCH_033,80,14.65,0.0,2.32,6.07,3.45
BATCH_033,81,14.65,0.0,2.32,6.07,3.64
BATCH_033,82,14.65,0.0,2.32,6.07,3.45
BATCH_033,83,14.65,0.0,2.32,6.07,3.52
BATCH_033,84,14.66,0.0,2.32,6.07,3.53
BATCH_033,85,14.66,0.0,2.32,6.07,3.58
BATCH_033,86,14.66,0.0,2.32,6.07,3.61
BATCH_033,87,14.66,0.0,2.32,6.07,3.46
BATCH_033,88,14.66,0.0,2.32,6.07,3.31
BATCH_033,89,14.66,0.0,2.32,6.07,3.25
BATCH_033,90,14.66,0.0,2.32,6.07,3.7
BATCH_033,91,14.66,0.0,2.32,6.07,3.65
BATCH_033,92,14.66,0.0,2.32,6.07,3.63
BATCH_033,93,14.66,0.0,2.32,6.07,3.66
BATCH_033,94,14.66,0.0,2.32,6.07,3.46
BATCH_033,95,14.66,0.0,2.32,6.07,3.37
BATCH_033,96,14.66,0.0,2.32,6.07,3.3
BATCH_033,97,14.66,0.0,2.32,6.07,3.28
BATCH_033,98,14.66,0.0,2.32,6.07,3.74
BATCH_033,99,14.66,0.0,2.32,6.07,3.4
BATCH_033,100,14.66,0.0,2.32,6.07,3.71
BATCH_033,101,14.66,0.0,2.32,6.07,3.46
BATCH_033,102,14.66,0.0,2.32,6.07,3.36
BATCH_033,103,14.66,0.0,2.32,6.07,3.28
BATCH_033,104,14.66,0.0,2.32,6.07,3.38
BATCH_033,105,14.66,0.0,2.32,6.07,3.78
BATCH_033,106,14.66,0.0,2.32,6.07,3.28
BATCH_033,107,14.66,0.0,2.32,6.07,3.92
BATCH_033,108,14.66,0.0,2.32,6.07,3.33
BATCH_033,109,14.66,0.0,2.32,6.07,3.65
BATCH_033,110,14.66,0.0,2.32,6.07,3.47
BATCH_033,111,14.66,0.0,2.32,6.07,3.43
BATCH_033,112,14.66,0.0,2.32,6.07,3.24
BATCH_033,113,14.66,0.0,2.32,6.07,3.48
BATCH_033,114,14.66,0.0,2.32,6.07,3.27
BATCH_033,115,14.66,0.0,2.32,6.07,3.16
BATCH_033,116,14.66,0.0,2.32,6.07,3.52
BATCH_033,117,14.66,0.0,2.32,6.07,3.37
BATCH_033,118,14.66,0.0,2.32,6.07,3.84
BATCH_033,119,14.66,0.0,2.32,6.07,3.7
BATCH_033,120,14.66,0.0,2.32,6.07,3.84
BATCH_034,0,11.05,13.8,0.51,0.0,4.75
BATCH_034,1,11.06,13.52,0.54,0.13,5.83
BATCH_034,2,11.07,13.23,0.58,0.26,6.23
BATCH_034,3,11.07,12.92,0.63,0.4,6.33
BATCH_034,4,11.08,12.58,0.68,0.56,6.69
BATCH_034,5,11.09,12.22,0.73,0.72,7.19
BATCH_034,6,11.1,11.83,0.78,0.9,7.74
BATCH_034,7,11.11,11.42,0.84,1.09,8.34
BATCH_034,8,11.12,10.97,0.9,1.3,8.69
BATCH_034,9,11.13,10.5,0.97,1.52,9.37
BATCH_034,10,11.15,9.99,1.04,1.75,10.17
BATCH_034,11,11.16,9.44,1.11,2.0,10.53
BATCH_034,12,11.18,8.86,1.2,2.27,11.17
BATCH_034,13,11.2,8.24,1.28,2.55,11.47
BATCH_034,14,11.23,7.59,1.37,2.86,11.93
BATCH_034,15,11.25,6.89,1.47,3.18,13.22
BATCH_034,16,11.28,6.15,1.58,3.52,13.78
BATCH_034,17,11.31,5.37,1.69,3.88,14.31
BATCH_034,18,11.35,4.56,1.8,4.25,14.97
BATCH_034,19,11.39,3.71,1.92,4.64,15.2
BATCH_034,20,11.43,2.85,2.04,5.03,15.35
BATCH_034,21,11.48,2.0,2.16,5.43,14.36
BATCH_034,22,11.53,1.2,2.27,5.79,12.16
BATCH_034,23,11.59,0.52,2.36,6.11,8.47
BATCH_034,24,11.65,0.09,2.42,6.3,2.76
BATCH_034,25,11.72,0.0,2.44,6.35,1.4
BATCH_034,26,11.8,0.0,2.44,6.35,1.25
BATCH_034,27,11.87,0.0,2.44,6.35,1.28
BATCH_034,28,11.96,0.0,2.44,6.35,1.48
BATCH_034,29,12.05,0.0,2.44,6.35,1.54
BATCH_034,30,12.14,0.0,2.44,6.35,1.7
BATCH_034,31,12.24,0.0,2.44,6.35,1.62
BATCH_034,32,12.34,0.0,2.44,6.35,1.39
BATCH_034,33,12.44,0.0,2.44,6.35,1.74
BATCH_034,34,12.55,0.0,2.44,6.35,2.07
BATCH_034,35,12.66,0.0,2.44,6.35,1.93
BATCH_034,36,12.77,0.0,2.44,6.35,2.03
BATCH_034,37,12.88,0.0,2.44,6.35,2.35
BATCH_034,38,12.98,0.0,2.44,6.35,2.1
BATCH_034,39,13.09,0.0,2.44,6.35,2.01
BATCH_034,40,13.19,0.0,2.44,6.35,2.36
BATCH_034,41,13.3,0.0,2.44,6.35,2.38
BATCH_034,42,13.39,0.0,2.44,6.35,2.35
BATCH_034,43,13.49,0.0,2.44,6.35,2.58
BATCH_034,44,13.57,0.0,2.44,6.35,2.78
BATCH_034,45,13.66,0.0,2.44,6.35,2.74
BATCH_034,46,13.74,0.0,2.44,6.35,2.86
BATCH_034,47,13.81,0.0,2.44,6.35,3.22
BATCH_034,48,13.88,0.0,2.44,6.35,2.84
BATCH_034,49,13.94,0.0,2.44,6.35,3.01
BATCH_034,50,14.0,0.0,2.44,6.35,2.9
BATCH_034,51,14.05,0.0,2.44,6.35,2.87
BATCH_034,52,14.1,0.0,2.44,6.35,2.96
BATCH_034,53,14.14,0.0,2.44,6.35,3.01
BATCH_034,54,14.18,0.0,2.44,6.35,3.21
BATCH_034,55,14.22,0.0,2.44,6.35,3.63
BATCH_034,56,14.25,0.0,2.44,6.35,3.04
BATCH_034,57,14.28,0.0,2.44,6.35,3.13
BATCH_034,58,14.31,0.0,2.44,6.35,3.22
BATCH_034,59,14.33,0.0,2.44,6.35,3.33
BATCH_034,60,14.35,0.0,2.44,6.35,3.32
BATCH_034,61,14.37,0.0,2.44,6.35,3.53
BATCH_034,62,14.39,0.0,2.44,6.35,2.8
BATCH_034,63,14.4,0.0,2.44,6.35,2.82
BATCH_034,64,14.41,0.0,2.44,6.35,3.21
BATCH_034,65,14.43,0.0,2.44,6.35,3.54
BATCH_034,66,14.44,0.0,2.44,6.35,3.01
BATCH_034,67,14.45,0.0,2.44,6.35,2.73
BATCH_034,68,14.45,0.0,2.44,6.35,3.45
BATCH_034,69,14.46,0.0,2.44,6.35,3.39
BATCH_034,70,14.47,0.0,2.44,6.35,3.13
BATCH_034,71,14.47,0.0,2.44,6.35,3.16
BATCH_034,72,14.48,0.0,2.44,6.35,3.16
BATCH_034,73,14.48,0.0,2.44,6.35,3.38
BATCH_034,74,14.49,0.0,2.44,6.35,3.24
BATCH_034,75,14.49,0.0,2.44,6.35,3.47
BATCH_034,76,14.49,0.0,2.44,6.35,2.8
BATCH_034,77,14.5,0.0,2.44,6.35,3.2
BATCH_034,78,14.5,0.0,2.44,6.35,3.15
BATCH_034,79,14.5,0.0,2.44,6.35,3.32
BATCH_034,80,14.5,0.0,2.44,6.35,3.27
BATCH_034,81,14.5,0.0,2.44,6.35,3.54
BATCH_034,82,14.51,0.0,2.44,6.35,3.01
BATCH_034,83,14.51,0.0,2.44,6.35,3.39
BATCH_034,84,14.51,0.0,2.44,6.35,3.49
BATCH_034,85,14.51,0.0,2.44,6.35,3.75
BATCH_034,86,14.51,0.0,2.44,6.35,3.29
BATCH_034,87,14.51,0.0,2.44,6.35,3.45
BATCH_034,88,14.51,0.0,2.44,6.35,3.02
BATCH_034,89,14.51,0.0,2.44,6.35,2.91
BATCH_034,90,14.51,0.0,2.44,6.35,3.55
BATCH_034,91,14.51,0.0,2.44,6.35,3.38
BATCH_034,92,14.51,0.0,2.44,6.35,3.62
BATCH_034,93,14.51,0.0,2.44,6.35,3.11
BATCH_034,94,14.51,0.0,2.44,6.35,3.49
BATCH_034,95,14.51,0.0,2.44,6.35,3.76
BATCH_034,96,14.51,0.0,2.44,6.35,3.47
BATCH_034,97,14.51,0.0,2.44,6.35,3.44
BATCH_034,98,14.51,0.0,2.44,6.35,3.39
BATCH_034,99,14.51,0.0,2.44,6.35,3.07
BATCH_034,100,14.52,0.0,2.44,6.35,3.66
BATCH_034,101,14.52,0.0,2.44,6.35,3.26
BATCH_034,102,14.52,0.0,2.44,6.35,3.49
BATCH_034,103,14.52,0.0,2.44,6.35,3.07
BATCH_034,104,14.52,0.0,2.44,6.35,3.15
BATCH_034,105,14.52,0.0,2.44,6.35,3.67
BATCH_034,106,14.52,0.0,2.44,6.35,3.32
BATCH_034,107,14.52,0.0,2.44,6.35,3.68
BATCH_034,108,14.52,0.0,2.44,6.35,3.37
BATCH_034,109,14.52,0.0,2.44,6.35,3.02
BATCH_034,110,14.52,0.0,2.44,6.35,3.57
BATCH_034,111,14.52,0.0,2.44,6.35,3.27
BATCH_034,112,14.52,0.0,2.44,6.35,3.53
BATCH_034,113,14.52,0.0,2.44,6.35,3.39
BATCH_034,114,14.52,0.0,2.44,6.35,3.08
BATCH_034,115,14.52,0.0,2.44,6.35,3.42
BATCH_034,116,14.52,0.0,2.44,6.35,3.83
BATCH_034,117,14.52,0.0,2.44,6.35,3.49
BATCH_034,118,14.52,0.0,2.44,6.35,3.38
BATCH_034,119,14.52,0.0,2.44,6.35,3.6
BATCH_034,120,14.52,0.0,2.44,6.35,3.43
BATCH_035,0,12.95,14.06,0.46,0.0,6.91
BATCH_035,1,12.95,13.8,0.49,0.12,7.06
BATCH_035,2,12.96,13.51,0.53,0.25,7.16
BATCH_035,3,12.97,13.2,0.58,0.4,7.68
BATCH_035,4,12.97,12.87,0.62,0.55,7.71
BATCH_035,5,12.98,12.51,0.67,0.71,8.46
BATCH_035,6,12.99,12.12,0.73,0.89,9.07
BATCH_035,7,13.0,11.7,0.79,1.09,9.79
BATCH_035,8,13.01,11.25,0.85,1.29,10.11
BATCH_035,9,13.03,10.77,0.92,1.52,10.63
BATCH_035,10,13.04,10.25,0.99,1.76,11.16
BATCH_035,11,13.06,9.69,1.07,2.01,12.11
BATCH_035,12,13.08,9.08,1.15,2.29,13.34
BATCH_035,13,13.1,8.44,1.24,2.59,13.76
BATCH_035,14,13.12,7.75,1.34,2.9,14.68
BATCH_035,15,13.15,7.01,1.44,3.24,15.09
BATCH_035,16,13.18,6.23,1.55,3.6,15.73
BATCH_035,17,13.21,5.4,1.67,3.98,16.5
BATCH_035,18,13.24,4.53,1.79,4.38,17.3
BATCH_035,19,13.28,3.63,1.92,4.8,17.24
BATCH_035,20,13.33,2.71,2.05,5.22,17.26
BATCH_035,21,13.37,1.8,2.17,5.64,16.21
BATCH_035,22,13.43,0.97,2.29,6.02,13.13
BATCH_035,23,13.49,0.31,2.38,6.33,7.32
BATCH_035,24,13.55,0.0,2.43,6.47,2.72
BATCH_035,25,13.62,0.0,2.43,6.47,2.72
BATCH_035,26,13.69,0.0,2.43,6.47,2.92
BATCH_035,27,13.77,0.0,2.43,6.47,2.6
BATCH_035,28,13.85,0.0,2.43,6.47,3.04
BATCH_035,29,13.94,0.0,2.43,6.47,3.26
BATCH_035,30,14.03,0.0,2.43,6.47,3.08
BATCH_035,31,14.13,0.0,2.43,6.47,2.98
BATCH_035,32,14.23,0.0,2.43,6.47,3.2
BATCH_035,33,14.34,0.0,2.43,6.47,3.12
BATCH_035,34,14.44,0.0,2.43,6.47,3.17
BATCH_035,35,14.55,0.0,2.43,6.47,3.55
BATCH_035,36,14.66,0.0,2.43,6.47,3.47
BATCH_035,37,14.77,0.0,2.43,6.47,3.82
BATCH_035,38,14.88,0.0,2.43,6.47,3.57
BATCH_035,39,14.98,0.0,2.43,6.47,3.67
BATCH_035,40,15.09,0.0,2.43,6.47,3.7
BATCH_035,41,15.19,0.0,2.43,6.47,3.67
BATCH_035,42,15.29,0.0,2.43,6.47,4.13
BATCH_035,43,15.38,0.0,2.43,6.47,4.47
BATCH_035,44,15.47,0.0,2.43,6.47,4.02
BATCH_035,45,15.55,0.0,2.43,6.47,4.03
BATCH_035,46,15.63,0.0,2.43,6.47,4.07
BATCH_035,47,15.7,0.0,2.43,6.47,4.14
BATCH_035,48,15.77,0.0,2.43,6.47,4.66
BATCH_035,49,15.83,0.0,2.43,6.47,4.23
BATCH_035,50,15.89,0.0,2.43,6.47,4.3
BATCH_035,51,15.94,0.0,2.43,6.47,4.21
BATCH_035,52,15.99,0.0,2.43,6.47,4.55
BATCH_035,53,16.04,0.0,2.43,6.47,4.51
BATCH_035,54,16.08,0.0,2.43,6.47,4.33
BATCH_035,55,16.11,0.0,2.43,6.47,4.41
BATCH_035,56,16.14,0.0,2.43,6.47,4.91
BATCH_035,57,16.17,0.0,2.43,6.47,4.64
BATCH_035,58,16.2,0.0,2.43,6.47,4.67
BATCH_035,59,16.22,0.0,2.43,6.47,4.69
BATCH_035,60,16.24,0.0,2.43,6.47,4.96
BATCH_035,61,16.26,0.0,2.43,6.47,4.49
BATCH_035,62,16.28,0.0,2.43,6.47,4.63
BATCH_035,63,16.29,0.0,2.43,6.47,4.69
BATCH_035,64,16.31,0.0,2.43,6.47,4.39
BATCH_035,65,16.32,0.0,2.43,6.47,4.56
BATCH_035,66,16.33,0.0,2.43,6.47,4.96
BATCH_035,67,16.34,0.0,2.43,6.47,4.91
BATCH_035,68,16.35,0.0,2.43,6.47,4.95
BATCH_035,69,16.35,0.0,2.43,6.47,4.65
BATCH_035,70,16.36,0.0,2.43,6.47,4.68
BATCH_035,71,16.37,0.0,2.43,6.47,4.42
BATCH_035,72,16.37,0.0,2.43,6.47,4.96
BATCH_035,73,16.38,0.0,2.43,6.47,5.0
BATCH_035,74,16.38,0.0,2.43,6.47,5.0
BATCH_035,75,16.38,0.0,2.43,6.47,5.11
BATCH_035,76,16.39,0.0,2.43,6.47,4.87
BATCH_035,77,16.39,0.0,2.43,6.47,5.1
BATCH_035,78,16.39,0.0,2.43,6.47,4.75
BATCH_035,79,16.39,0.0,2.43,6.47,4.44
BATCH_035,80,16.4,0.0,2.43,6.47,4.97
BATCH_035,81,16.4,0.0,2.43,6.47,4.44
BATCH_035,82,16.4,0.0,2.43,6.47,4.83
BATCH_035,83,16.4,0.0,2.43,6.47,4.99
BATCH_035,84,16.4,0.0,2.43,6.47,4.87
BATCH_035,85,16.4,0.0,2.43,6.47,5.26
BATCH_035,86,16.4,0.0,2.43,6.47,4.41
BATCH_035,87,16.4,0.0,2.43,6.47,4.79
BATCH_035,88,16.4,0.0,2.43,6.47,4.81
BATCH_035,89,16.4,0.0,2.43,6.47,4.53
BATCH_035,90,16.41,0.0,2.43,6.47,4.57
BATCH_035,91,16.41,0.0,2.43,6.47,4.64
BATCH_035,92,16.41,0.0,2.43,6.47,4.58
BATCH_035,93,16.41,0.0,2.43,6.47,4.78
BATCH_035,94,16.41,0.0,2.43,6.47,4.68
BATCH_035,95,16.41,0.0,2.43,6.47,4.87
BATCH_035,96,16.41,0.0,2.43,6.47,4.94
BATCH_035,97,16.41,0.0,2.43,6.47,4.92
BATCH_035,98,16.41,0.0,2.43,6.47,4.72
BATCH_035,99,16.41,0.0,2.43,6.47,4.86
BATCH_035,100,16.41,0.0,2.43,6.47,5.01
BATCH_035,101,16.41,0.0,2.43,6.47,4.9
BATCH_035,102,16.41,0.0,2.43,6.47,5.18
BATCH_035,103,16.41,0.0,2.43,6.47,5.0
BATCH_035,104,16.41,0.0,2.43,6.47,5.15
BATCH_035,105,16.41,0.0,2.43,6.47,4.31
BATCH_035,106,16.41,0.0,2.43,6.47,4.83
BATCH_035,107,16.41,0.0,2.43,6.47,4.74
BATCH_035,108,16.41,0.0,2.43,6.47,4.78
BATCH_035,109,16.41,0.0,2.43,6.47,4.65
BATCH_035,110,16.41,0.0,2.43,6.47,4.89
BATCH_035,111,16.41,0.0,2.43,6.47,4.45
BATCH_035,112,16.41,0.0,2.43,6.47,4.89
BATCH_035,113,16.41,0.0,2.43,6.47,4.65
BATCH_035,114,16.41,0.0,2.43,6.47,4.71
BATCH_035,115,16.41,0.0,2.43,6.47,4.89
BATCH_035,116,16.41,0.0,2.43,6.47,4.82
BATCH_035,117,16.41,0.0,2.43,6.47,5.02
BATCH_035,118,16.41,0.0,2.43,6.47,4.61
BATCH_035,119,16.41,0.0,2.43,6.47,4.79
BATCH_035,120,16.41,0.0,2.43,6.47,4.98
BATCH_036,0,11.2,14.11,0.52,0.0,5.75
BATCH_036,1,11.21,13.83,0.56,0.13,5.76
BATCH_036,2,11.21,13.53,0.6,0.27,6.17
BATCH_036,3,11.22,13.2,0.64,0.42,6.51
BATCH_036,4,11.23,12.86,0.69,0.58,6.79
BATCH_036,5,11.24,12.48,0.74,0.75,7.56
BATCH_036,6,11.25,12.08,0.8,0.93,8.13
BATCH_036,7,11.26,11.65,0.86,1.13,8.64
BATCH_036,8,11.27,11.19,0.93,1.34,9.25
BATCH_036,9,11.28,10.7,0.99,1.57,9.73
BATCH_036,10,11.3,10.17,1.07,1.81,10.17
BATCH_036,11,11.31,9.61,1.15,2.07,11.09
BATCH_036,12,11.33,9.01,1.23,2.35,11.33
BATCH_036,13,11.35,8.36,1.32,2.64,12.12
BATCH_036,14,11.38,7.68,1.42,2.96,12.82
BATCH_036,15,11.4,6.95,1.52,3.29,13.94
BATCH_036,16,11.43,6.19,1.63,3.64,14.6
BATCH_036,17,11.46,5.38,1.74,4.02,15.14
BATCH_036,18,11.5,4.53,1.86,4.41,15.77
BATCH_036,19,11.54,3.66,1.98,4.81,15.65
BATCH_036,20,11.58,2.77,2.1,5.22,15.73
BATCH_036,21,11.63,1.89,2.23,5.62,14.65
BATCH_036,22,11.68,1.08,2.34,5.99,12.39
BATCH_036,23,11.74,0.41,2.43,6.3,7.46
BATCH_036,24,11.8,0.04,2.49,6.47,1.91
BATCH_036,25,11.87,0.0,2.49,6.49,1.51
BATCH_036,26,11.95,0.0,2.49,6.49,1.63
BATCH_036,27,12.02,0.0,2.49,6.49,1.38
BATCH_036,28,12.11,0.0,2.49,6.49,1.57
BATCH_036,29,12.2,0.0,2.49,6.49,1.43
BATCH_036,30,12.29,0.0,2.49,6.49,1.22
BATCH_036,31,12.39,0.0,2.49,6.49,1.83
BATCH_036,32,12.49,0.0,2.49,6.49,1.99
BATCH_036,33,12.59,0.0,2.49,6.49,2.0
BATCH_036,34,12.7,0.0,2.49,6.49,1.63
BATCH_036,35,12.81,0.0,2.49,6.49,2.03
BATCH_036,36,12.92,0.0,2.49,6.49,1.74
BATCH_036,37,13.02,0.0,2.49,6.49,2.54
BATCH_036,38,13.13,0.0,2.49,6.49,2.13
BATCH_036,39,13.24,0.0,2.49,6.49,2.68
BATCH_036,40,13.34,0.0,2.49,6.49,2.7
BATCH_036,41,13.45,0.0,2.49,6.49,2.4
BATCH_036,42,13.54,0.0,2.49,6.49,2.43
BATCH_036,43,13.64,0.0,2.49,6.49,2.8
BATCH_036,44,13.72,0.0,2.49,6.49,2.62
BATCH_036,45,13.81,0.0,2.49,6.49,2.88
BATCH_036,46,13.89,0.0,2.49,6.49,2.82
BATCH_036,47,13.96,0.0,2.49,6.49,2.61
BATCH_036,48,14.03,0.0,2.49,6.49,2.57
BATCH_036,49,14.09,0.0,2.49,6.49,3.11
BATCH_036,50,14.15,0.0,2.49,6.49,3.0
BATCH_036,51,14.2,0.0,2.49,6.49,3.04
BATCH_036,52,14.25,0.0,2.49,6.49,3.33
BATCH_036,53,14.29,0.0,2.49,6.49,3.45
BATCH_036,54,14.33,0.0,2.49,6.49,3.19
BATCH_036,55,14.37,0.0,2.49,6.49,3.21
BATCH_036,56,14.4,0.0,2.49,6.49,3.4
BATCH_036,57,14.43,0.0,2.49,6.49,3.05
BATCH_036,58,14.46,0.0,2.49,6.49,3.39
BATCH_036,59,14.48,0.0,2.49,6.49,3.47
BATCH_036,60,14.5,0.0,2.49,6.49,3.51
BATCH_036,61,14.52,0.0,2.49,6.49,3.0
BATCH_036,62,14.53,0.0,2.49,6.49,3.25
BATCH_036,63,14.55,0.0,2.49,6.49,3.24
BATCH_036,64,14.56,0.0,2.49,6.49,3.44
BATCH_036,65,14.57,0.0,2.49,6.49,3.53
BATCH_036,66,14.59,0.0,2.49,6.49,3.74
BATCH_036,67,14.59,0.0,2.49,6.49,3.35
BATCH_036,68,14.6,0.0,2.49,6.49,3.35
BATCH_036,69,14.61,0.0,2.49,6.49,3.69
BATCH_036,70,14.62,0.0,2.49,6.49,3.52
BATCH_036,71,14.62,0.0,2.49,6.49,3.72
BATCH_036,72,14.63,0.0,2.49,6.49,3.53
BATCH_036,73,14.63,0.0,2.49,6.49,3.24
BATCH_036,74,14.64,0.0,2.49,6.49,3.21
BATCH_036,75,14.64,0.0,2.49,6.49,3.17
BATCH_036,76,14.64,0.0,2.49,6.49,3.61
BATCH_036,77,14.64,0.0,2.49,6.49,3.72
BATCH_036,78,14.65,0.0,2.49,6.49,3.86
BATCH_036,79,14.65,0.0,2.49,6.49,3.66
BATCH_036,80,14.65,0.0,2.49,6.49,3.72
BATCH_036,81,14.65,0.0,2.49,6.49,3.37
BATCH_036,82,14.65,0.0,2.49,6.49,3.26
BATCH_036,83,14.66,0.0,2.49,6.49,3.66
BATCH_036,84,14.66,0.0,2.49,6.49,3.58
BATCH_036,85,14.66,0.0,2.49,6.49,3.51
BATCH_036,86,14.66,0.0,2.49,6.49,3.57
BATCH_036,87,14.66,0.0,2.49,6.49,3.56
BATCH_036,88,14.66,0.0,2.49,6.49,3.75
BATCH_036,89,14.66,0.0,2.49,6.49,3.75
BATCH_036,90,14.66,0.0,2.49,6.49,3.6
BATCH_036,91,14.66,0.0,2.49,6.49,3.67
BATCH_036,92,14.66,0.0,2.49,6.49,3.6
BATCH_036,93,14.66,0.0,2.49,6.49,3.4
BATCH_036,94,14.66,0.0,2.49,6.49,3.65
BATCH_036,95,14.66,0.0,2.49,6.49,3.22
BATCH_036,96,14.66,0.0,2.49,6.49,3.71
BATCH_036,97,14.66,0.0,2.49,6.49,3.26
BATCH_036,98,14.66,0.0,2.49,6.49,3.56
BATCH_036,99,14.66,0.0,2.49,6.49,3.33
BATCH_036,100,14.66,0.0,2.49,6.49,3.61
BATCH_036,101,14.66,0.0,2.49,6.49,3.49
BATCH_036,102,14.66,0.0,2.49,6.49,3.18
BATCH_036,103,14.66,0.0,2.49,6.49,3.58
BATCH_036,104,14.66,0.0,2.49,6.49,3.38
BATCH_036,105,14.66,0.0,2.49,6.49,3.67
BATCH_036,106,14.67,0.0,2.49,6.49,3.5
BATCH_036,107,14.67,0.0,2.49,6.49,3.58
BATCH_036,108,14.67,0.0,2.49,6.49,3.31
BATCH_036,109,14.67,0.0,2.49,6.49,3.38
BATCH_036,110,14.67,0.0,2.49,6.49,3.41
BATCH_036,111,14.67,0.0,2.49,6.49,3.67
BATCH_036,112,14.67,0.0,2.49,6.49,3.83
BATCH_036,113,14.67,0.0,2.49,6.49,3.34
BATCH_036,114,14.67,0.0,2.49,6.49,3.71
BATCH_036,115,14.67,0.0,2.49,6.49,3.07
BATCH_036,116,14.67,0.0,2.49,6.49,3.26
BATCH_036,117,14.67,0.0,2.49,6.49,3.31
BATCH_036,118,14.67,0.0,2.49,6.49,3.23
BATCH_036,119,14.67,0.0,2.49,6.49,3.18
BATCH_036,120,14.67,0.0,2.49,6.49,3.58
BATCH_037,0,13.01,13.94,0.52,0.0,7.26
BATCH_037,1,13.01,13.64,0.56,0.14,7.45
BATCH_037,2,13.02,13.31,0.6,0.29,8.02
BATCH_037,3,13.03,12.96,0.65,0.45,8.58
BATCH_037,4,13.03,12.59,0.7,0.62,9.01
BATCH_037,5,13.04,12.18,0.76,0.81,9.59
BATCH_037,6,13.05,11.74,0.82,1.01,9.89
BATCH_037,7,13.06,11.27,0.89,1.23,10.56
BATCH_037,8,13.07,10.76,0.96,1.46,11.21
BATCH_037,9,13.09,10.22,1.04,1.71,11.95
BATCH_037,10,13.1,9.63,1.12,1.98,13.0
BATCH_037,11,13.12,9.0,1.21,2.27,13.41
BATCH_037,12,13.14,8.32,1.3,2.58,14.03
BATCH_037,13,13.16,7.6,1.4,2.91,15.17
BATCH_037,14,13.18,6.83,1.51,3.27,16.13
BATCH_037,15,13.21,6.01,1.62,3.64,16.37
BATCH_037,16,13.24,5.15,1.74,4.04,17.7
BATCH_037,17,13.27,4.25,1.87,4.46,17.9
BATCH_037,18,13.3,3.32,2.0,4.88,18.18
BATCH_037,19,13.34,2.38,2.13,5.32,17.78
BATCH_037,20,13.39,1.47,2.26,5.73,15.91
BATCH_037,21,13.44,0.67,2.37,6.1,11.6
BATCH_037,22,13.49,0.13,2.45,6.35,4.94
BATCH_037,23,13.55,0.0,2.47,6.41,2.71
BATCH_037,24,13.61,0.0,2.47,6.41,2.93
BATCH_037,25,13.68,0.0,2.47,6.41,3.0
BATCH_037,26,13.75,0.0,2.47,6.41,2.59
BATCH_037,27,13.83,0.0,2.47,6.41,3.03
BATCH_037,28,13.91,0.0,2.47,6.41,2.9
BATCH_037,29,14.0,0.0,2.47,6.41,3.03
BATCH_037,30,14.09,0.0,2.47,6.41,3.1
BATCH_037,31,14.19,0.0,2.47,6.41,3.16
BATCH_037,32,14.29,0.0,2.47,6.41,3.52
BATCH_037,33,14.4,0.0,2.47,6.41,3.02
BATCH_037,34,14.5,0.0,2.47,6.41,3.03
BATCH_037,35,14.61,0.0,2.47,6.41,3.07
BATCH_037,36,14.72,0.0,2.47,6.41,3.75
BATCH_037,37,14.83,0.0,2.47,6.41,3.47
BATCH_037,38,14.94,0.0,2.47,6.41,3.73
BATCH_037,39,15.05,0.0,2.47,6.41,3.76
BATCH_037,40,15.15,0.0,2.47,6.41,3.68
BATCH_037,41,15.25,0.0,2.47,6.41,4.11
BATCH_037,42,15.35,0.0,2.47,6.41,3.99
BATCH_037,43,15.44,0.0,2.47,6.41,4.03
BATCH_037,44,15.53,0.0,2.47,6.41,4.19
BATCH_037,45,15.61,0.0,2.47,6.41,4.35
BATCH_037,46,15.69,0.0,2.47,6.41,4.08
BATCH_037,47,15.76,0.0,2.47,6.41,4.5
BATCH_037,48,15.83,0.0,2.47,6.41,4.66
BATCH_037,49,15.89,0.0,2.47,6.41,4.14
BATCH_037,50,15.95,0.0,2.47,6.41,4.52
BATCH_037,51,16.01,0.0,2.47,6.41,4.44
BATCH_037,52,16.05,0.0,2.47,6.41,4.68
BATCH_037,53,16.1,0.0,2.47,6.41,4.33
BATCH_037,54,16.14,0.0,2.47,6.41,4.93
BATCH_037,55,16.17,0.0,2.47,6.41,4.31
BATCH_037,56,16.21,0.0,2.47,6.41,4.61
BATCH_037,57,16.23,0.0,2.47,6.41,4.76
BATCH_037,58,16.26,0.0,2.47,6.41,4.56
BATCH_037,59,16.28,0.0,2.47,6.41,4.54
BATCH_037,60,16.3,0.0,2.47,6.41,4.77
BATCH_037,61,16.32,0.0,2.47,6.41,4.76
BATCH_037,62,16.34,0.0,2.47,6.41,4.76
BATCH_037,63,16.35,0.0,2.47,6.41,4.94
BATCH_037,64,16.37,0.0,2.47,6.41,4.7
BATCH_037,65,16.38,0.0,2.47,6.41,4.85
BATCH_037,66,16.39,0.0,2.47,6.41,4.69
BATCH_037,67,16.4,0.0,2.47,6.41,4.63
BATCH_037,68,16.41,0.0,2.47,6.41,4.75
BATCH_037,69,16.42,0.0,2.47,6.41,4.71
BATCH_037,70,16.42,0.0,2.47,6.41,4.73
BATCH_037,71,16.43,0.0,2.47,6.41,5.05
BATCH_037,72,16.43,0.0,2.47,6.41,4.77
BATCH_037,73,16.44,0.0,2.47,6.41,4.7
BATCH_037,74,16.44,0.0,2.47,6.41,4.84
BATCH_037,75,16.44,0.0,2.47,6.41,4.85
BATCH_037,76,16.45,0.0,2.47,6.41,4.6
BATCH_037,77,16.45,0.0,2.47,6.41,4.78
BATCH_037,78,16.45,0.0,2.47,6.41,4.77
BATCH_037,79,16.45,0.0,2.47,6.41,4.81
BATCH_037,80,16.46,0.0,2.47,6.41,4.99
BATCH_037,81,16.46,0.0,2.47,6.41,4.87
BATCH_037,82,16.46,0.0,2.47,6.41,5.09
BATCH_037,83,16.46,0.0,2.47,6.41,4.84
BATCH_037,84,16.46,0.0,2.47,6.41,5.2
BATCH_037,85,16.46,0.0,2.47,6.41,4.76
BATCH_037,86,16.46,0.0,2.47,6.41,4.69
BATCH_037,87,16.46,0.0,2.47,6.41,4.96
BATCH_037,88,16.47,0.0,2.47,6.41,5.12
BATCH_037,89,16.47,0.0,2.47,6.41,4.57
BATCH_037,90,16.47,0.0,2.47,6.41,4.81
BATCH_037,91,16.47,0.0,2.47,6.41,4.73
BATCH_037,92,16.47,0.0,2.47,6.41,4.88
BATCH_037,93,16.47,0.0,2.47,6.41,4.85
BATCH_037,94,16.47,0.0,2.47,6.41,5.12
BATCH_037,95,16.47,0.0,2.47,6.41,4.83
BATCH_037,96,16.47,0.0,2.47,6.41,5.13
BATCH_037,97,16.47,0.0,2.47,6.41,4.79
BATCH_037,98,16.47,0.0,2.47,6.41,5.04
BATCH_037,99,16.47,0.0,2.47,6.41,4.9
BATCH_037,100,16.47,0.0,2.47,6.41,5.2
BATCH_037,101,16.47,0.0,2.47,6.41,4.56
BATCH_037,102,16.47,0.0,2.47,6.41,4.62
BATCH_037,103,16.47,0.0,2.47,6.41,5.22
BATCH_037,104,16.47,0.0,2.47,6.41,4.71
BATCH_037,105,16.47,0.0,2.47,6.41,4.72
BATCH_037,106,16.47,0.0,2.47,6.41,4.68
BATCH_037,107,16.47,0.0,2.47,6.41,5.08
BATCH_037,108,16.47,0.0,2.47,6.41,4.6
BATCH_037,109,16.47,0.0,2.47,6.41,4.86
BATCH_037,110,16.47,0.0,2.47,6.41,4.8
BATCH_037,111,16.47,0.0,2.47,6.41,5.06
BATCH_037,112,16.47,0.0,2.47,6.41,4.74
BATCH_037,113,16.47,0.0,2.47,6.41,4.94
BATCH_037,114,16.47,0.0,2.47,6.41,4.62
BATCH_037,115,16.47,0.0,2.47,6.41,5.31
BATCH_037,116,16.47,0.0,2.47,6.41,4.81
BATCH_037,117,16.47,0.0,2.47,6.41,4.85
BATCH_037,118,16.47,0.0,2.47,6.41,5.18
BATCH_037,119,16.47,0.0,2.47,6.41,4.74
BATCH_037,120,16.47,0.0,2.47,6.41,5.19
BATCH_038,0,12.33,13.88,0.53,0.0,6.56
BATCH_038,1,12.34,13.58,0.57,0.14,6.92
BATCH_038,2,12.34,13.26,0.61,0.29,7.32
BATCH_038,3,12.35,12.91,0.66,0.44,8.13
BATCH_038,4,12.36,12.54,0.71,0.62,8.48
BATCH_038,5,12.37,12.14,0.77,0.8,8.59
BATCH_038,6,12.37,11.7,0.83,1.0,9.34
BATCH_038,7,12.39,11.24,0.9,1.21,10.1
BATCH_038,8,12.4,10.74,0.97,1.44,10.81
BATCH_038,9,12.41,10.21,1.04,1.69,11.15
BATCH_038,10,12.43,9.63,1.12,1.95,11.39
BATCH_038,11,12.44,9.01,1.21,2.24,12.8
BATCH_038,12,12.46,8.36,1.3,2.54,13.19
BATCH_038,13,12.48,7.65,1.4,2.86,13.8
BATCH_038,14,12.5,6.91,1.5,3.21,14.39
BATCH_038,15,12.53,6.11,1.61,3.57,15.86
BATCH_038,16,12.56,5.28,1.73,3.96,16.39
BATCH_038,17,12.59,4.4,1.85,4.36,16.83
BATCH_038,18,12.63,3.5,1.98,4.77,17.39
BATCH_038,19,12.67,2.58,2.11,5.2,16.93
BATCH_038,20,12.71,1.68,2.23,5.61,15.79
BATCH_038,21,12.76,0.87,2.35,5.98,11.97
BATCH_038,22,12.81,0.25,2.43,6.27,6.26
BATCH_038,23,12.87,0.0,2.47,6.38,1.83
BATCH_038,24,12.93,0.0,2.47,6.38,2.15
BATCH_038,25,13.0,0.0,2.47,6.38,2.2
BATCH_038,26,13.07,0.0,2.47,6.38,2.43
BATCH_038,27,13.15,0.0,2.47,6.38,2.37
BATCH_038,28,13.24,0.0,2.47,6.38,2.55
BATCH_038,29,13.32,0.0,2.47,6.38,2.63
BATCH_038,30,13.42,0.0,2.47,6.38,2.99
BATCH_038,31,13.51,0.0,2.47,6.38,2.57
BATCH_038,32,13.62,0.0,2.47,6.38,2.52
BATCH_038,33,13.72,0.0,2.47,6.38,2.84
BATCH_038,34,13.83,0.0,2.47,6.38,2.71
BATCH_038,35,13.94,0.0,2.47,6.38,3.25
BATCH_038,36,14.04,0.0,2.47,6.38,2.98
BATCH_038,37,14.15,0.0,2.47,6.38,3.0
BATCH_038,38,14.26,0.0,2.47,6.38,3.1
BATCH_038,39,14.37,0.0,2.47,6.38,3.42
BATCH_038,40,14.47,0.0,2.47,6.38,3.32
BATCH_038,41,14.57,0.0,2.47,6.38,3.3
BATCH_038,42,14.67,0.0,2.47,6.38,3.84
BATCH_038,43,14.76,0.0,2.47,6.38,3.4
BATCH_038,44,14.85,0.0,2.47,6.38,3.65
BATCH_038,45,14.94,0.0,2.47,6.38,3.83
BATCH_038,46,15.02,0.0,2.47,6.38,3.44
BATCH_038,47,15.09,0.0,2.47,6.38,3.91
BATCH_038,48,15.16,0.0,2.47,6.38,3.66
BATCH_038,49,15.22,0.0,2.47,6.38,4.08
BATCH_038,50,15.28,0.0,2.47,6.38,3.76
BATCH_038,51,15.33,0.0,2.47,6.38,4.14
BATCH_038,52,15.38,0.0,2.47,6.38,4.25
BATCH_038,53,15.42,0.0,2.47,6.38,4.24
BATCH_038,54,15.46,0.0,2.47,6.38,4.15
BATCH_038,55,15.5,0.0,2.47,6.38,4.08
BATCH_038,56,15.53,0.0,2.47,6.38,4.03
BATCH_038,57,15.56,0.0,2.47,6.38,4.46
BATCH_038,58,15.58,0.0,2.47,6.38,4.05
BATCH_038,59,15.61,0.0,2.47,6.38,4.0
BATCH_038,60,15.63,0.0,2.47,6.38,4.35
BATCH_038,61,15.65,0.0,2.47,6.38,4.08
BATCH_038,62,15.66,0.0,2.47,6.38,4.06
BATCH_038,63,15.68,0.0,2.47,6.38,3.97
BATCH_038,64,15.69,0.0,2.47,6.38,4.17
BATCH_038,65,15.7,0.0,2.47,6.38,4.26
BATCH_038,66,15.71,0.0,2.47,6.38,4.33
BATCH_038,67,15.72,0.0,2.47,6.38,4.48
BATCH_038,68,15.73,0.0,2.47,6.38,4.4
BATCH_038,69,15.74,0.0,2.47,6.38,4.27
BATCH_038,70,15.75,0.0,2.47,6.38,4.27
BATCH_038,71,15.75,0.0,2.47,6.38,4.42
BATCH_038,72,15.76,0.0,2.47,6.38,4.57
BATCH_038,73,15.76,0.0,2.47,6.38,4.35
BATCH_038,74,15.76,0.0,2.47,6.38,4.23
BATCH_038,75,15.77,0.0,2.47,6.38,4.13
BATCH_038,76,15.77,0.0,2.47,6.38,4.04
BATCH_038,77,15.77,0.0,2.47,6.38,4.46
BATCH_038,78,15.78,0.0,2.47,6.38,4.45
BATCH_038,79,15.78,0.0,2.47,6.38,4.45
BATCH_038,80,15.78,0.0,2.47,6.38,4.31
BATCH_038,81,15.78,0.0,2.47,6.38,4.62
BATCH_038,82,15.78,0.0,2.47,6.38,4.24
BATCH_038,83,15.78,0.0,2.47,6.38,4.53
BATCH_038,84,15.79,0.0,2.47,6.38,4.33
BATCH_038,85,15.79,0.0,2.47,6.38,4.22
BATCH_038,86,15.79,0.0,2.47,6.38,4.46
BATCH_038,87,15.79,0.0,2.47,6.38,4.42
BATCH_038,88,15.79,0.0,2.47,6.38,4.41
BATCH_038,89,15.79,0.0,2.47,6.38,4.36
BATCH_038,90,15.79,0.0,2.47,6.38,4.34
BATCH_038,91,15.79,0.0,2.47,6.38,4.82
BATCH_038,92,15.79,0.0,2.47,6.38,4.58
BATCH_038,93,15.79,0.0,2.47,6.38,4.49
BATCH_038,94,15.79,0.0,2.47,6.38,4.37
BATCH_038,95,15.79,0.0,2.47,6.38,4.55
BATCH_038,96,15.79,0.0,2.47,6.38,4.45
BATCH_038,97,15.79,0.0,2.47,6.38,4.35
BATCH_038,98,15.79,0.0,2.47,6.38,4.28
BATCH_038,99,15.79,0.0,2.47,6.38,4.33
BATCH_038,100,15.79,0.0,2.47,6.38,3.71
BATCH_038,101,15.79,0.0,2.47,6.38,4.39
BATCH_038,102,15.79,0.0,2.47,6.38,4.25
BATCH_038,103,15.79,0.0,2.47,6.38,4.66
BATCH_038,104,15.79,0.0,2.47,6.38,4.35
BATCH_038,105,15.79,0.0,2.47,6.38,4.11
BATCH_038,106,15.79,0.0,2.47,6.38,4.34
BATCH_038,107,15.79,0.0,2.47,6.38,4.14
BATCH_038,108,15.79,0.0,2.47,6.38,4.44
BATCH_038,109,15.79,0.0,2.47,6.38,4.4
BATCH_038,110,15.79,0.0,2.47,6.38,4.54
BATCH_038,111,15.79,0.0,2.47,6.38,4.19
BATCH_038,112,15.79,0.0,2.47,6.38,4.35
BATCH_038,113,15.79,0.0,2.47,6.38,4.07
BATCH_038,114,15.79,0.0,2.47,6.38,4.49
BATCH_038,115,15.79,0.0,2.47,6.38,4.45
BATCH_038,116,15.79,0.0,2.47,6.38,4.44
BATCH_038,117,15.79,0.0,2.47,6.38,4.35
BATCH_038,118,15.79,0.0,2.47,6.38,4.43
BATCH_038,119,15.79,0.0,2.47,6.38,4.67
BATCH_038,120,15.79,0.0,2.47,6.38,4.29
BATCH_039,0,12.24,14.04,0.46,0.0,5.9
BATCH_039,1,12.25,13.78,0.49,0.12,6.1
BATCH_039,2,12.25,13.51,0.53,0.25,6.74
BATCH_039,3,12.26,13.21,0.57,0.38,6.94
BATCH_039,4,12.26,12.88,0.62,0.53,7.51
BATCH_039,5,12.27,12.54,0.67,0.69,7.74
BATCH_039,6,12.28,12.16,0.72,0.86,8.4
BATCH_039,7,12.29,11.76,0.78,1.05,8.69
BATCH_039,8,12.3,11.33,0.84,1.25,9.63
BATCH_039,9,12.32,10.86,0.9,1.46,9.85
BATCH_039,10,12.33,10.37,0.97,1.69,10.72
BATCH_039,11,12.35,9.83,1.05,1.94,10.98
BATCH_039,12,12.37,9.26,1.13,2.2,12.07
BATCH_039,13,12.39,8.64,1.21,2.48,12.43
BATCH_039,14,12.41,7.99,1.3,2.79,13.41
BATCH_039,15,12.44,7.29,1.4,3.11,14.31
BATCH_039,16,12.47,6.54,1.51,3.45,14.8
BATCH_039,17,12.5,5.75,1.62,3.81,15.34
BATCH_039,18,12.54,4.93,1.73,4.19,16.26
BATCH_039,19,12.58,4.06,1.85,4.59,16.43
BATCH_039,20,12.62,3.17,1.98,5.0,16.62
BATCH_039,21,12.67,2.28,2.1,5.41,16.22
BATCH_039,22,12.72,1.42,2.22,5.81,14.74
BATCH_039,23,12.78,0.67,2.33,6.15,10.7
BATCH_039,24,12.84,0.15,2.4,6.39,4.56
BATCH_039,25,12.91,0.0,2.42,6.46,2.33
BATCH_039,26,12.98,0.0,2.42,6.46,2.25
BATCH_039,27,13.06,0.0,2.42,6.46,2.42
BATCH_039,28,13.14,0.0,2.42,6.46,2.57
BATCH_039,29,13.23,0.0,2.42,6.46,2.36
BATCH_039,30,13.32,0.0,2.42,6.46,1.84
BATCH_039,31,13.42,0.0,2.42,6.46,2.4
BATCH_039,32,13.52,0.0,2.42,6.46,2.88
BATCH_039,33,13.63,0.0,2.42,6.46,2.71
BATCH_039,34,13.73,0.0,2.42,6.46,2.73
BATCH_039,35,13.84,0.0,2.42,6.46,3.12
BATCH_039,36,13.95,0.0,2.42,6.46,2.94
BATCH_039,37,14.06,0.0,2.42,6.46,2.63
BATCH_039,38,14.17,0.0,2.42,6.46,2.83
BATCH_039,39,14.28,0.0,2.42,6.46,3.29
BATCH_039,40,14.38,0.0,2.42,6.46,3.27
BATCH_039,41,14.48,0.0,2.42,6.46,3.65
BATCH_039,42,14.58,0.0,2.42,6.46,3.29
BATCH_039,43,14.67,0.0,2.42,6.46,3.44
BATCH_039,44,14.76,0.0,2.42,6.46,3.39
BATCH_039,45,14.84,0.0,2.42,6.46,3.53
BATCH_039,46,14.92,0.0,2.42,6.46,3.31
BATCH_039,47,15.0,0.0,2.42,6.46,3.67
BATCH_039,48,15.06,0.0,2.42,6.46,3.79
BATCH_039,49,15.13,0.0,2.42,6.46,3.82
BATCH_039,50,15.18,0.0,2.42,6.46,4.32
BATCH_039,51,15.24,0.0,2.42,6.46,4.29
BATCH_039,52,15.28,0.0,2.42,6.46,3.81
BATCH_039,53,15.33,0.0,2.42,6.46,3.59
BATCH_039,54,15.37,0.0,2.42,6.46,4.01
BATCH_039,55,15.4,0.0,2.42,6.46,4.13
BATCH_039,56,15.44,0.0,2.42,6.46,3.91
BATCH_039,57,15.47,0.0,2.42,6.46,3.94
BATCH_039,58,15.49,0.0,2.42,6.46,4.44
BATCH_039,59,15.51,0.0,2.42,6.46,4.08
BATCH_039,60,15.54,0.0,2.42,6.46,4.28
BATCH_039,61,15.55,0.0,2.42,6.46,3.98
BATCH_039,62,15.57,0.0,2.42,6.46,4.17
BATCH_039,63,15.59,0.0,2.42,6.46,4.12
BATCH_039,64,15.6,0.0,2.42,6.46,4.06
BATCH_039,65,15.61,0.0,2.42,6.46,4.44
BATCH_039,66,15.62,0.0,2.42,6.46,3.94
BATCH_039,67,15.63,0.0,2.42,6.46,4.28
BATCH_039,68,15.64,0.0,2.42,6.46,4.16
BATCH_039,69,15.65,0.0,2.42,6.46,4.32
BATCH_039,70,15.65,0.0,2.42,6.46,4.17
BATCH_039,71,15.66,0.0,2.42,6.46,4.42
BATCH_039,72,15.66,0.0,2.42,6.46,4.06
BATCH_039,73,15.67,0.0,2.42,6.46,4.48
BATCH_039,74,15.67,0.0,2.42,6.46,4.25
BATCH_039,75,15.68,0.0,2.42,6.46,3.99
BATCH_039,76,15.68,0.0,2.42,6.46,4.39
BATCH_039,77,15.68,0.0,2.42,6.46,4.22
BATCH_039,78,15.68,0.0,2.42,6.46,3.92
BATCH_039,79,15.69,0.0,2.42,6.46,4.33
BATCH_039,80,15.69,0.0,2.42,6.46,4.47
BATCH_039,81,15.69,0.0,2.42,6.46,4.52
BATCH_039,82,15.69,0.0,2.42,6.46,4.19
BATCH_039,83,15.69,0.0,2.42,6.46,4.3
BATCH_039,84,15.69,0.0,2.42,6.46,4.28
BATCH_039,85,15.69,0.0,2.42,6.46,4.57
BATCH_039,86,15.7,0.0,2.42,6.46,4.11
BATCH_039,87,15.7,0.0,2.42,6.46,4.18
BATCH_039,88,15.7,0.0,2.42,6.46,4.11
BATCH_039,89,15.7,0.0,2.42,6.46,3.98
BATCH_039,90,15.7,0.0,2.42,6.46,4.32
BATCH_039,91,15.7,0.0,2.42,6.46,4.59
BATCH_039,92,15.7,0.0,2.42,6.46,4.23
BATCH_039,93,15.7,0.0,2.42,6.46,4.1
BATCH_039,94,15.7,0.0,2.42,6.46,4.31
BATCH_039,95,15.7,0.0,2.42,6.46,4.39
BATCH_039,96,15.7,0.0,2.42,6.46,4.24
BATCH_039,97,15.7,0.0,2.42,6.46,4.56
BATCH_039,98,15.7,0.0,2.42,6.46,4.11
BATCH_039,99,15.7,0.0,2.42,6.46,4.22
BATCH_039,100,15.7,0.0,2.42,6.46,4.33
BATCH_039,101,15.7,0.0,2.42,6.46,4.35
BATCH_039,102,15.7,0.0,2.42,6.46,4.29
BATCH_039,103,15.7,0.0,2.42,6.46,4.02
BATCH_039,104,15.7,0.0,2.42,6.46,4.74
BATCH_039,105,15.7,0.0,2.42,6.46,4.23
BATCH_039,106,15.7,0.0,2.42,6.46,4.3
BATCH_039,107,15.7,0.0,2.42,6.46,4.4
BATCH_039,108,15.7,0.0,2.42,6.46,4.15
BATCH_039,109,15.7,0.0,2.42,6.46,4.29
BATCH_039,110,15.7,0.0,2.42,6.46,4.14
BATCH_039,111,15.7,0.0,2.42,6.46,4.36
BATCH_039,112,15.7,0.0,2.42,6.46,4.22
BATCH_039,113,15.7,0.0,2.42,6.46,4.33
BATCH_039,114,15.7,0.0,2.42,6.46,4.07
BATCH_039,115,15.7,0.0,2.42,6.46,4.11
BATCH_039,116,15.7,0.0,2.42,6.46,4.0
BATCH_039,117,15.7,0.0,2.42,6.46,4.13
BATCH_039,118,15.7,0.0,2.42,6.46,3.76
BATCH_039,119,15.7,0.0,2.42,6.46,4.21
BATCH_039,120,15.7,0.0,2.42,6.46,4.17
BATCH_040,0,12.2,14.05,0.5,0.0,6.57
BATCH_040,1,12.2,13.76,0.54,0.13,6.43
BATCH_040,2,12.21,13.46,0.58,0.27,7.12
BATCH_040,3,12.22,13.13,0.63,0.42,7.37
BATCH_040,4,12.22,12.78,0.68,0.58,7.74
BATCH_040,5,12.23,12.4,0.73,0.76,8.16
BATCH_040,6,12.24,11.99,0.79,0.95,9.03
BATCH_040,7,12.25,11.55,0.85,1.15,9.36
BATCH_040,8,12.26,11.07,0.92,1.37,10.27
BATCH_040,9,12.28,10.56,0.99,1.6,10.9
BATCH_040,10,12.29,10.02,1.07,1.85,11.63
BATCH_040,11,12.31,9.44,1.15,2.12,11.88
BATCH_040,12,12.33,8.81,1.23,2.41,12.87
BATCH_040,13,12.35,8.14,1.33,2.72,13.64
BATCH_040,14,12.37,7.43,1.43,3.04,14.18
BATCH_040,15,12.4,6.67,1.53,3.39,14.87
BATCH_040,16,12.42,5.87,1.65,3.76,16.06
BATCH_040,17,12.46,5.03,1.76,4.15,16.42
BATCH_040,18,12.49,4.15,1.89,4.55,16.95
BATCH_040,19,12.53,3.24,2.01,4.97,16.77
BATCH_040,20,12.58,2.33,2.14,5.39,16.17
BATCH_040,21,12.62,1.45,2.27,5.79,14.58
BATCH_040,22,12.68,0.68,2.37,6.15,10.81
BATCH_040,23,12.74,0.14,2.45,6.39,4.22
BATCH_040,24,12.8,0.0,2.47,6.46,2.1
BATCH_040,25,12.87,0.0,2.47,6.46,1.81
BATCH_040,26,12.94,0.0,2.47,6.46,1.98
BATCH_040,27,13.02,0.0,2.47,6.46,2.4
BATCH_040,28,13.1,0.0,2.47,6.46,2.45
BATCH_040,29,13.19,0.0,2.47,6.46,2.31
BATCH_040,30,13.28,0.0,2.47,6.46,2.26
BATCH_040,31,13.38,0.0,2.47,6.46,2.33
BATCH_040,32,13.48,0.0,2.47,6.46,2.54
BATCH_040,33,13.59,0.0,2.47,6.46,2.82
BATCH_040,34,13.69,0.0,2.47,6.46,2.95
BATCH_040,35,13.8,0.0,2.47,6.46,2.75
BATCH_040,36,13.91,0.0,2.47,6.46,2.7
BATCH_040,37,14.02,0.0,2.47,6.46,3.07
BATCH_040,38,14.13,0.0,2.47,6.46,2.93
BATCH_040,39,14.23,0.0,2.47,6.46,3.07
BATCH_040,40,14.34,0.0,2.47,6.46,3.52
BATCH_040,41,14.44,0.0,2.47,6.46,3.49
BATCH_040,42,14.54,0.0,2.47,6.46,3.43
BATCH_040,43,14.63,0.0,2.47,6.46,3.22
BATCH_040,44,14.72,0.0,2.47,6.46,3.58
BATCH_040,45,14.8,0.0,2.47,6.46,3.81
BATCH_040,46,14.88,0.0,2.47,6.46,3.58
BATCH_040,47,14.95,0.0,2.47,6.46,3.99
BATCH_040,48,15.02,0.0,2.47,6.46,4.02
BATCH_040,49,15.08,0.0,2.47,6.46,4.15
BATCH_040,50,15.14,0.0,2.47,6.46,3.92
BATCH_040,51,15.19,0.0,2.47,6.46,4.01
BATCH_040,52,15.24,0.0,2.47,6.46,4.21
BATCH_040,53,15.29,0.0,2.47,6.46,4.05
BATCH_040,54,15.33,0.0,2.47,6.46,3.89
BATCH_040,55,15.36,0.0,2.47,6.46,3.93
BATCH_040,56,15.39,0.0,2.47,6.46,4.09
BATCH_040,57,15.42,0.0,2.47,6.46,3.81
BATCH_040,58,15.45,0.0,2.47,6.46,4.06
BATCH_040,59,15.47,0.0,2.47,6.46,4.32
BATCH_040,60,15.49,0.0,2.47,6.46,3.68
BATCH_040,61,15.51,0.0,2.47,6.46,4.44
BATCH_040,62,15.53,0.0,2.47,6.46,4.37
BATCH_040,63,15.54,0.0,2.47,6.46,4.07
BATCH_040,64,15.56,0.0,2.47,6.46,4.28
BATCH_040,65,15.57,0.0,2.47,6.46,4.18
BATCH_040,66,15.58,0.0,2.47,6.46,4.43
BATCH_040,67,15.59,0.0,2.47,6.46,4.39
BATCH_040,68,15.6,0.0,2.47,6.46,3.92
BATCH_040,69,15.6,0.0,2.47,6.46,4.32
BATCH_040,70,15.61,0.0,2.47,6.46,4.17
BATCH_040,71,15.62,0.0,2.47,6.46,4.23
BATCH_040,72,15.62,0.0,2.47,6.46,4.07
BATCH_040,73,15.63,0.0,2.47,6.46,4.57
BATCH_040,74,15.63,0.0,2.47,6.46,4.43
BATCH_040,75,15.63,0.0,2.47,6.46,4.08
BATCH_040,76,15.64,0.0,2.47,6.46,3.96
BATCH_040,77,15.64,0.0,2.47,6.46,4.15
BATCH_040,78,15.64,0.0,2.47,6.46,4.32
BATCH_040,79,15.64,0.0,2.47,6.46,4.28
BATCH_040,80,15.65,0.0,2.47,6.46,4.48
BATCH_040,81,15.65,0.0,2.47,6.46,4.39
BATCH_040,82,15.65,0.0,2.47,6.46,4.43
BATCH_040,83,15.65,0.0,2.47,6.46,4.3
BATCH_040,84,15.65,0.0,2.47,6.46,3.96
BATCH_040,85,15.65,0.0,2.47,6.46,4.2
BATCH_040,86,15.65,0.0,2.47,6.46,4.45
BATCH_040,87,15.65,0.0,2.47,6.46,4.23
BATCH_040,88,15.65,0.0,2.47,6.46,4.34
BATCH_040,89,15.65,0.0,2.47,6.46,4.18
BATCH_040,90,15.66,0.0,2.47,6.46,4.04
BATCH_040,91,15.66,0.0,2.47,6.46,4.22
BATCH_040,92,15.66,0.0,2.47,6.46,4.3
BATCH_040,93,15.66,0.0,2.47,6.46,4.11
BATCH_040,94,15.66,0.0,2.47,6.46,4.2
BATCH_040,95,15.66,0.0,2.47,6.46,4.06
BATCH_040,96,15.66,0.0,2.47,6.46,4.47
BATCH_040,97,15.66,0.0,2.47,6.46,4.18
BATCH_040,98,15.66,0.0,2.47,6.46,4.53
BATCH_040,99,15.66,0.0,2.47,6.46,4.55
BATCH_040,100,15.66,0.0,2.47,6.46,4.23
BATCH_040,101,15.66,0.0,2.47,6.46,4.04
BATCH_040,102,15.66,0.0,2.47,6.46,3.83
BATCH_040,103,15.66,0.0,2.47,6.46,3.95
BATCH_040,104,15.66,0.0,2.47,6.46,3.97
BATCH_040,105,15.66,0.0,2.47,6.46,4.52
BATCH_040,106,15.66,0.0,2.47,6.46,4.27
BATCH_040,107,15.66,0.0,2.47,6.46,4.32
BATCH_040,108,15.66,0.0,2.47,6.46,3.8
BATCH_040,109,15.66,0.0,2.47,6.46,4.0
BATCH_040,110,15.66,0.0,2.47,6.46,4.42
BATCH_040,111,15.66,0.0,2.47,6.46,4.3
BATCH_040,112,15.66,0.0,2.47,6.46,4.21
BATCH_040,113,15.66,0.0,2.47,6.46,4.36
BATCH_040,114,15.66,0.0,2.47,6.46,4.57
BATCH_040,115,15.66,0.0,2.47,6.46,4.2
BATCH_040,116,15.66,0.0,2.47,6.46,4.26
BATCH_040,117,15.66,0.0,2.47,6.46,4.28
BATCH_040,118,15.66,0.0,2.47,6.46,4.72
BATCH_040,119,15.66,0.0,2.47,6.46,3.82
BATCH_040,120,15.66,0.0,2.47,6.46,4.38
BATCH_041,0,12.07,13.97,0.52,0.0,6.45
BATCH_041,1,12.07,13.67,0.56,0.13,7.11
BATCH_041,2,12.08,13.36,0.61,0.28,6.83
BATCH_041,3,12.08,13.02,0.66,0.44,7.6
BATCH_041,4,12.09,12.65,0.71,0.6,7.91
BATCH_041,5,12.1,12.26,0.76,0.79,8.65
BATCH_041,6,12.11,11.84,0.82,0.98,9.04
BATCH_041,7,12.12,11.38,0.88,1.19,9.37
BATCH_041,8,12.13,10.89,0.95,1.41,10.04
BATCH_041,9,12.14,10.37,1.03,1.65,10.71
BATCH_041,10,12.16,9.81,1.1,1.91,11.81
BATCH_041,11,12.17,9.21,1.19,2.19,12.5
BATCH_041,12,12.19,8.56,1.28,2.48,12.9
BATCH_041,13,12.21,7.88,1.37,2.8,13.96
BATCH_041,14,12.24,7.15,1.48,3.14,14.43
BATCH_041,15,12.26,6.37,1.59,3.49,15.14
BATCH_041,16,12.29,5.55,1.7,3.87,15.9
BATCH_041,17,12.32,4.69,1.82,4.26,16.51
BATCH_041,18,12.36,3.8,1.95,4.67,16.69
BATCH_041,19,12.4,2.89,2.07,5.09,16.71
BATCH_041,20,12.44,1.99,2.2,5.51,15.97
BATCH_041,21,12.49,1.14,2.32,5.9,13.44
BATCH_041,22,12.54,0.44,2.42,6.22,8.57
BATCH_041,23,12.6,0.04,2.47,6.41,2.69
BATCH_041,24,12.67,0.0,2.48,6.42,2.13
BATCH_041,25,12.73,0.0,2.48,6.42,2.04
BATCH_041,26,12.81,0.0,2.48,6.42,2.01
BATCH_041,27,12.88,0.0,2.48,6.42,2.2
BATCH_041,28,12.97,0.0,2.48,6.42,1.91
BATCH_041,29,13.06,0.0,2.48,6.42,2.25
BATCH_041,30,13.15,0.0,2.48,6.42,1.87
BATCH_041,31,13.25,0.0,2.48,6.42,2.1
BATCH_041,32,13.35,0.0,2.48,6.42,2.15
BATCH_041,33,13.45,0.0,2.48,6.42,2.8
BATCH_041,34,13.56,0.0,2.48,6.42,2.67
BATCH_041,35,13.67,0.0,2.48,6.42,2.5
BATCH_041,36,13.78,0.0,2.48,6.42,2.93
BATCH_041,37,13.89,0.0,2.48,6.42,3.11
BATCH_041,38,13.99,0.0,2.48,6.42,3.1
BATCH_041,39,14.1,0.0,2.48,6.42,3.04
BATCH_041,40,14.21,0.0,2.48,6.42,3.2
BATCH_041,41,14.31,0.0,2.48,6.42,3.41
BATCH_041,42,14.4,0.0,2.48,6.42,3.21
BATCH_041,43,14.5,0.0,2.48,6.42,3.38
BATCH_041,44,14.59,0.0,2.48,6.42,3.39
BATCH_041,45,14.67,0.0,2.48,6.42,3.18
BATCH_041,46,14.75,0.0,2.48,6.42,3.74
BATCH_041,47,14.82,0.0,2.48,6.42,4.03
BATCH_041,48,14.89,0.0,2.48,6.42,3.49
BATCH_041,49,14.95,0.0,2.48,6.42,3.91
BATCH_041,50,15.01,0.0,2.48,6.42,3.59
BATCH_041,51,15.06,0.0,2.48,6.42,3.82
BATCH_041,52,15.11,0.0,2.48,6.42,4.13
BATCH_041,53,15.15,0.0,2.48,6.42,3.76
BATCH_041,54,15.19,0.0,2.48,6.42,3.89
BATCH_041,55,15.23,0.0,2.48,6.42,3.56
BATCH_041,56,15.26,0.0,2.48,6.42,3.81
BATCH_041,57,15.29,0.0,2.48,6.42,3.59
BATCH_041,58,15.32,0.0,2.48,6.42,4.07
BATCH_041,59,15.34,0.0,2.48,6.42,4.17
BATCH_041,60,15.36,0.0,2.48,6.42,3.98
BATCH_041,61,15.38,0.0,2.48,6.42,4.09
BATCH_041,62,15.4,0.0,2.48,6.42,3.98
BATCH_041,63,15.41,0.0,2.48,6.42,4.21
BATCH_041,64,15.42,0.0,2.48,6.42,4.09
BATCH_041,65,15.44,0.0,2.48,6.42,3.68
BATCH_041,66,15.45,0.0,2.48,6.42,4.27
BATCH_041,67,15.46,0.0,2.48,6.42,4.01
BATCH_041,68,15.46,0.0,2.48,6.42,3.84
BATCH_041,69,15.47,0.0,2.48,6.42,4.02
BATCH_041,70,15.48,0.0,2.48,6.42,3.73
BATCH_041,71,15.48,0.0,2.48,6.42,3.86
BATCH_041,72,15.49,0.0,2.48,6.42,4.14
BATCH_041,73,15.49,0.0,2.48,6.42,4.16
BATCH_041,74,15.5,0.0,2.48,6.42,4.18
BATCH_041,75,15.5,0.0,2.48,6.42,4.13
BATCH_041,76,15.5,0.0,2.48,6.42,3.99
BATCH_041,77,15.51,0.0,2.48,6.42,4.12
BATCH_041,78,15.51,0.0,2.48,6.42,4.04
BATCH_041,79,15.51,0.0,2.48,6.42,3.81
BATCH_041,80,15.51,0.0,2.48,6.42,3.98
BATCH_041,81,15.51,0.0,2.48,6.42,4.31
BATCH_041,82,15.52,0.0,2.48,6.42,4.45
BATCH_041,83,15.52,0.0,2.48,6.42,4.27
BATCH_041,84,15.52,0.0,2.48,6.42,4.45
BATCH_041,85,15.52,0.0,2.48,6.42,4.16
BATCH_041,86,15.52,0.0,2.48,6.42,4.49
BATCH_041,87,15.52,0.0,2.48,6.42,4.55
BATCH_041,88,15.52,0.0,2.48,6.42,3.79
BATCH_041,89,15.52,0.0,2.48,6.42,4.19
BATCH_041,90,15.52,0.0,2.48,6.42,4.16
BATCH_041,91,15.52,0.0,2.48,6.42,4.06
BATCH_041,92,15.52,0.0,2.48,6.42,4.24
BATCH_041,93,15.52,0.0,2.48,6.42,4.15
BATCH_041,94,15.52,0.0,2.48,6.42,4.0
BATCH_041,95,15.52,0.0,2.48,6.42,4.14
BATCH_041,96,15.52,0.0,2.48,6.42,4.38
BATCH_041,97,15.52,0.0,2.48,6.42,4.18
BATCH_041,98,15.53,0.0,2.48,6.42,4.27
BATCH_041,99,15.53,0.0,2.48,6.42,4.09
BATCH_041,100,15.53,0.0,2.48,6.42,4.23
BATCH_041,101,15.53,0.0,2.48,6.42,3.9
BATCH_041,102,15.53,0.0,2.48,6.42,4.04
BATCH_041,103,15.53,0.0,2.48,6.42,4.12
BATCH_041,104,15.53,0.0,2.48,6.42,3.89
BATCH_041,105,15.53,0.0,2.48,6.42,3.98
BATCH_041,106,15.53,0.0,2.48,6.42,4.21
BATCH_041,107,15.53,0.0,2.48,6.42,4.17
BATCH_041,108,15.53,0.0,2.48,6.42,4.31
BATCH_041,109,15.53,0.0,2.48,6.42,4.02
BATCH_041,110,15.53,0.0,2.48,6.42,4.16
BATCH_041,111,15.53,0.0,2.48,6.42,4.01
BATCH_041,112,15.53,0.0,2.48,6.42,4.29
BATCH_041,113,15.53,0.0,2.48,6.42,4.38
BATCH_041,114,15.53,0.0,2.48,6.42,4.24
BATCH_041,115,15.53,0.0,2.48,6.42,4.36
BATCH_041,116,15.53,0.0,2.48,6.42,4.15
BATCH_041,117,15.53,0.0,2.48,6.42,4.31
BATCH_041,118,15.53,0.0,2.48,6.42,4.16
BATCH_041,119,15.53,0.0,2.48,6.42,3.94
BATCH_041,120,15.53,0.0,2.48,6.42,4.19
BATCH_042,0,11.06,13.7,0.59,0.0,6.0
BATCH_042,1,11.07,13.38,0.64,0.15,6.45
BATCH_042,2,11.07,13.04,0.69,0.3,6.59
BATCH_042,3,11.08,12.67,0.74,0.47,7.29
BATCH_042,4,11.09,12.28,0.79,0.66,7.9
BATCH_042,5,11.09,11.85,0.85,0.85,8.63
BATCH_042,6,11.1,11.4,0.92,1.06,8.72
BATCH_042,7,11.11,10.92,0.98,1.28,9.09
BATCH_042,8,11.12,10.4,1.06,1.52,10.17
BATCH_042,9,11.14,9.84,1.13,1.78,10.37
BATCH_042,10,11.15,9.25,1.22,2.05,11.22
BATCH_042,11,11.17,8.61,1.31,2.34,11.94
BATCH_042,12,11.19,7.94,1.4,2.65,12.68
BATCH_042,13,11.21,7.23,1.5,2.98,13.54
BATCH_042,14,11.23,6.47,1.61,3.33,13.95
BATCH_042,15,11.26,5.67,1.72,3.69,14.68
BATCH_042,16,11.29,4.83,1.83,4.08,15.28
BATCH_042,17,11.32,3.97,1.96,4.48,15.67
BATCH_042,18,11.36,3.08,2.08,4.89,15.66
BATCH_042,19,11.4,2.19,2.2,5.29,15.07
BATCH_042,20,11.44,1.35,2.32,5.68,13.29
BATCH_042,21,11.49,0.62,2.43,6.02,9.29
BATCH_042,22,11.54,0.13,2.49,6.24,3.35
BATCH_042,23,11.6,0.0,2.51,6.3,0.88
BATCH_042,24,11.66,0.0,2.51,6.3,1.26
BATCH_042,25,11.73,0.0,2.51,6.3,1.39
BATCH_042,26,11.8,0.0,2.51,6.3,1.5
BATCH_042,27,11.88,0.0,2.51,6.3,1.27
BATCH_042,28,11.96,0.0,2.51,6.3,1.34
BATCH_042,29,12.05,0.0,2.51,6.3,1.42
BATCH_042,30,12.14,0.0,2.51,6.3,1.72
BATCH_042,31,12.24,0.0,2.51,6.3,1.89
BATCH_042,32,12.34,0.0,2.51,6.3,1.68
BATCH_042,33,12.45,0.0,2.51,6.3,2.02
BATCH_042,34,12.55,0.0,2.51,6.3,1.94
BATCH_042,35,12.66,0.0,2.51,6.3,1.97
BATCH_042,36,12.77,0.0,2.51,6.3,2.04
BATCH_042,37,12.88,0.0,2.51,6.3,2.31
BATCH_042,38,12.99,0.0,2.51,6.3,2.31
BATCH_042,39,13.1,0.0,2.51,6.3,2.78
BATCH_042,40,13.2,0.0,2.51,6.3,2.23
BATCH_042,41,13.3,0.0,2.51,6.3,2.58
BATCH_042,42,13.4,0.0,2.51,6.3,2.44
BATCH_042,43,13.49,0.0,2.51,6.3,2.45
BATCH_042,44,13.58,0.0,2.51,6.3,2.68
BATCH_042,45,13.66,0.0,2.51,6.3,2.78
BATCH_042,46,13.74,0.0,2.51,6.3,3.39
BATCH_042,47,13.82,0.0,2.51,6.3,2.82
BATCH_042,48,13.88,0.0,2.51,6.3,2.69
BATCH_042,49,13.95,0.0,2.51,6.3,3.01
BATCH_042,50,14.0,0.0,2.51,6.3,2.59
BATCH_042,51,14.06,0.0,2.51,6.3,3.02
BATCH_042,52,14.1,0.0,2.51,6.3,3.08
BATCH_042,53,14.15,0.0,2.51,6.3,3.27
BATCH_042,54,14.19,0.0,2.51,6.3,3.34
BATCH_042,55,14.22,0.0,2.51,6.3,3.07
BATCH_042,56,14.26,0.0,2.51,6.3,3.16
BATCH_042,57,14.29,0.0,2.51,6.3,3.06
BATCH_042,58,14.31,0.0,2.51,6.3,3.01
BATCH_042,59,14.34,0.0,2.51,6.3,3.31
BATCH_042,60,14.36,0.0,2.51,6.3,3.01
BATCH_042,61,14.37,0.0,2.51,6.3,3.2
BATCH_042,62,14.39,0.0,2.51,6.3,3.09
BATCH_042,63,14.41,0.0,2.51,6.3,3.41
BATCH_042,64,14.42,0.0,2.51,6.3,3.67
BATCH_042,65,14.43,0.0,2.51,6.3,3.06
BATCH_042,66,14.44,0.0,2.51,6.3,2.96
BATCH_042,67,14.45,0.0,2.51,6.3,3.31
BATCH_042,68,14.46,0.0,2.51,6.3,3.35
BATCH_042,69,14.47,0.0,2.51,6.3,3.39
BATCH_042,70,14.47,0.0,2.51,6.3,3.27
BATCH_042,71,14.48,0.0,2.51,6.3,3.32
BATCH_042,72,14.48,0.0,2.51,6.3,3.44
BATCH_042,73,14.49,0.0,2.51,6.3,3.57
BATCH_042,74,14.49,0.0,2.51,6.3,2.98
BATCH_042,75,14.5,0.0,2.51,6.3,3.3
BATCH_042,76,14.5,0.0,2.51,6.3,3.42
BATCH_042,77,14.5,0.0,2.51,6.3,3.19
BATCH_042,78,14.5,0.0,2.51,6.3,3.72
BATCH_042,79,14.51,0.0,2.51,6.3,3.25
BATCH_042,80,14.51,0.0,2.51,6.3,3.37
BATCH_042,81,14.51,0.0,2.51,6.3,3.49
BATCH_042,82,14.51,0.0,2.51,6.3,3.26
BATCH_042,83,14.51,0.0,2.51,6.3,3.01
BATCH_042,84,14.51,0.0,2.51,6.3,3.3
BATCH_042,85,14.51,0.0,2.51,6.3,3.59
BATCH_042,86,14.52,0.0,2.51,6.3,3.32
BATCH_042,87,14.52,0.0,2.51,6.3,3.22
BATCH_042,88,14.52,0.0,2.51,6.3,3.57
BATCH_042,89,14.52,0.0,2.51,6.3,3.32
BATCH_042,90,14.52,0.0,2.51,6.3,3.29
BATCH_042,91,14.52,0.0,2.51,6.3,3.42
BATCH_042,92,14.52,0.0,2.51,6.3,3.54
BATCH_042,93,14.52,0.0,2.51,6.3,3.87
BATCH_042,94,14.52,0.0,2.51,6.3,3.56
BATCH_042,95,14.52,0.0,2.51,6.3,3.62
BATCH_042,96,14.52,0.0,2.51,6.3,3.29
BATCH_042,97,14.52,0.0,2.51,6.3,3.19
BATCH_042,98,14.52,0.0,2.51,6.3,3.4
BATCH_042,99,14.52,0.0,2.51,6.3,3.41
BATCH_042,100,14.52,0.0,2.51,6.3,3.17
BATCH_042,101,14.52,0.0,2.51,6.3,3.36
BATCH_042,102,14.52,0.0,2.51,6.3,3.47
BATCH_042,103,14.52,0.0,2.51,6.3,3.46
BATCH_042,104,14.52,0.0,2.51,6.3,3.49
BATCH_042,105,14.52,0.0,2.51,6.3,3.45
BATCH_042,106,14.52,0.0,2.51,6.3,3.29
BATCH_042,107,14.52,0.0,2.51,6.3,3.29
BATCH_042,108,14.52,0.0,2.51,6.3,3.15
BATCH_042,109,14.52,0.0,2.51,6.3,3.75
BATCH_042,110,14.52,0.0,2.51,6.3,3.39
BATCH_042,111,14.52,0.0,2.51,6.3,3.35
BATCH_042,112,14.52,0.0,2.51,6.3,3.21
BATCH_042,113,14.52,0.0,2.51,6.3,3.98
BATCH_042,114,14.52,0.0,2.51,6.3,3.18
BATCH_042,115,14.52,0.0,2.51,6.3,3.31
BATCH_042,116,14.52,0.0,2.51,6.3,3.47
BATCH_042,117,14.52,0.0,2.51,6.3,3.51
BATCH_042,118,14.52,0.0,2.51,6.3,3.58
BATCH_042,119,14.52,0.0,2.51,6.3,3.75
BATCH_042,120,14.52,0.0,2.51,6.3,3.49
BATCH_043,0,12.5,13.68,0.49,0.0,6.92
BATCH_043,1,12.51,13.4,0.53,0.13,6.92
BATCH_043,2,12.51,13.1,0.57,0.27,7.37
BATCH_043,3,12.52,12.78,0.62,0.42,7.6
BATCH_043,4,12.53,12.43,0.67,0.58,7.94
BATCH_043,5,12.54,12.05,0.72,0.75,8.61
BATCH_043,6,12.55,11.65,0.77,0.94,9.41
BATCH_043,7,12.56,11.21,0.84,1.14,9.58
BATCH_043,8,12.57,10.75,0.9,1.35,10.22
BATCH_043,9,12.58,10.24,0.97,1.58,11.14
BATCH_043,10,12.6,9.7,1.05,1.83,11.44
BATCH_043,11,12.61,9.12,1.13,2.1,12.29
BATCH_043,12,12.63,8.5,1.21,2.38,13.08
BATCH_043,13,12.65,7.84,1.31,2.69,13.6
BATCH_043,14,12.67,7.14,1.41,3.01,14.45
BATCH_043,15,12.7,6.38,1.51,3.36,15.26
BATCH_043,16,12.73,5.59,1.62,3.72,15.74
BATCH_043,17,12.76,4.76,1.74,4.11,16.57
BATCH_043,18,12.8,3.89,1.86,4.51,16.69
BATCH_043,19,12.84,3.0,1.99,4.92,16.67
BATCH_043,20,12.88,2.11,2.11,5.33,15.8
BATCH_043,21,12.93,1.26,2.23,5.71,13.96
BATCH_043,22,12.98,0.54,2.33,6.04,9.62
BATCH_043,23,13.04,0.08,2.39,6.26,3.6
BATCH_043,24,13.1,0.0,2.41,6.29,2.45
BATCH_043,25,13.17,0.0,2.41,6.29,2.03
BATCH_043,26,13.24,0.0,2.41,6.29,2.04
BATCH_043,27,13.32,0.0,2.41,6.29,2.34
BATCH_043,28,13.41,0.0,2.41,6.29,2.65
BATCH_043,29,13.49,0.0,2.41,6.29,2.68
BATCH_043,30,13.59,0.0,2.41,6.29,2.54
BATCH_043,31,13.68,0.0,2.41,6.29,3.0
BATCH_043,32,13.79,0.0,2.41,6.29,2.71
BATCH_043,33,13.89,0.0,2.41,6.29,3.01
BATCH_043,34,14.0,0.0,2.41,6.29,2.93
BATCH_043,35,14.11,0.0,2.41,6.29,2.91
BATCH_043,36,14.21,0.0,2.41,6.29,3.04
BATCH_043,37,14.32,0.0,2.41,6.29,3.39
BATCH_043,38,14.43,0.0,2.41,6.29,3.4
BATCH_043,39,14.54,0.0,2.41,6.29,3.6
BATCH_043,40,14.64,0.0,2.41,6.29,3.55
BATCH_043,41,14.74,0.0,2.41,6.29,3.24
BATCH_043,42,14.84,0.0,2.41,6.29,4.05
BATCH_043,43,14.93,0.0,2.41,6.29,3.78
BATCH_043,44,15.02,0.0,2.41,6.29,3.87
BATCH_043,45,15.11,0.0,2.41,6.29,3.75
BATCH_043,46,15.19,0.0,2.41,6.29,4.11
BATCH_043,47,15.26,0.0,2.41,6.29,3.73
BATCH_043,48,15.33,0.0,2.41,6.29,4.12
BATCH_043,49,15.39,0.0,2.41,6.29,3.63
BATCH_043,50,15.45,0.0,2.41,6.29,4.22
BATCH_043,51,15.5,0.0,2.41,6.29,3.91
BATCH_043,52,15.55,0.0,2.41,6.29,4.22
BATCH_043,53,15.59,0.0,2.41,6.29,4.46
BATCH_043,54,15.63,0.0,2.41,6.29,4.39
BATCH_043,55,15.67,0.0,2.41,6.29,4.5
BATCH_043,56,15.7,0.0,2.41,6.29,4.5
BATCH_043,57,15.73,0.0,2.41,6.29,4.19
BATCH_043,58,15.75,0.0,2.41,6.29,4.44
BATCH_043,59,15.78,0.0,2.41,6.29,3.99
BATCH_043,60,15.8,0.0,2.41,6.29,4.21
BATCH_043,61,15.82,0.0,2.41,6.29,4.64
BATCH_043,62,15.83,0.0,2.41,6.29,4.3
BATCH_043,63,15.85,0.0,2.41,6.29,4.01
BATCH_043,64,15.86,0.0,2.41,6.29,4.8
BATCH_043,65,15.87,0.0,2.41,6.29,4.52
BATCH_043,66,15.88,0.0,2.41,6.29,4.57
BATCH_043,67,15.89,0.0,2.41,6.29,4.22
BATCH_043,68,15.9,0.0,2.41,6.29,4.48
BATCH_043,69,15.91,0.0,2.41,6.29,4.48
BATCH_043,70,15.92,0.0,2.41,6.29,4.27
BATCH_043,71,15.92,0.0,2.41,6.29,4.41
BATCH_043,72,15.93,0.0,2.41,6.29,4.14
BATCH_043,73,15.93,0.0,2.41,6.29,4.38
BATCH_043,74,15.93,0.0,2.41,6.29,4.65
BATCH_043,75,15.94,0.0,2.41,6.29,4.3
BATCH_043,76,15.94,0.0,2.41,6.29,4.84
BATCH_043,77,15.94,0.0,2.41,6.29,4.17
BATCH_043,78,15.95,0.0,2.41,6.29,4.41
BATCH_043,79,15.95,0.0,2.41,6.29,4.33
BATCH_043,80,15.95,0.0,2.41,6.29,4.43
BATCH_043,81,15.95,0.0,2.41,6.29,4.74
BATCH_043,82,15.95,0.0,2.41,6.29,4.27
BATCH_043,83,15.95,0.0,2.41,6.29,4.38
BATCH_043,84,15.96,0.0,2.41,6.29,4.6
BATCH_043,85,15.96,0.0,2.41,6.29,4.49
BATCH_043,86,15.96,0.0,2.41,6.29,4.5
BATCH_043,87,15.96,0.0,2.41,6.29,4.28
BATCH_043,88,15.96,0.0,2.41,6.29,4.46
BATCH_043,89,15.96,0.0,2.41,6.29,4.7
BATCH_043,90,15.96,0.0,2.41,6.29,4.15
BATCH_043,91,15.96,0.0,2.41,6.29,4.33
BATCH_043,92,15.96,0.0,2.41,6.29,4.11
BATCH_043,93,15.96,0.0,2.41,6.29,4.58
BATCH_043,94,15.96,0.0,2.41,6.29,4.72
BATCH_043,95,15.96,0.0,2.41,6.29,4.44
BATCH_043,96,15.96,0.0,2.41,6.29,4.27
BATCH_043,97,15.96,0.0,2.41,6.29,4.28
BATCH_043,98,15.96,0.0,2.41,6.29,4.41
BATCH_043,99,15.96,0.0,2.41,6.29,4.41
BATCH_043,100,15.96,0.0,2.41,6.29,4.65
BATCH_043,101,15.96,0.0,2.41,6.29,4.34
BATCH_043,102,15.96,0.0,2.41,6.29,4.56
BATCH_043,103,15.96,0.0,2.41,6.29,4.41
BATCH_043,104,15.96,0.0,2.41,6.29,4.32
BATCH_043,105,15.96,0.0,2.41,6.29,4.41
BATCH_043,106,15.96,0.0,2.41,6.29,4.54
BATCH_043,107,15.96,0.0,2.41,6.29,4.66
BATCH_043,108,15.96,0.0,2.41,6.29,4.42
BATCH_043,109,15.96,0.0,2.41,6.29,4.23
BATCH_043,110,15.96,0.0,2.41,6.29,4.67
BATCH_043,111,15.96,0.0,2.41,6.29,4.29
BATCH_043,112,15.96,0.0,2.41,6.29,4.53
BATCH_043,113,15.96,0.0,2.41,6.29,4.47
BATCH_043,114,15.96,0.0,2.41,6.29,4.44
BATCH_043,115,15.96,0.0,2.41,6.29,4.38
BATCH_043,116,15.96,0.0,2.41,6.29,4.6
BATCH_043,117,15.96,0.0,2.41,6.29,3.76
BATCH_043,118,15.96,0.0,2.41,6.29,4.7
BATCH_043,119,15.96,0.0,2.41,6.29,4.29
BATCH_043,120,15.96,0.0,2.41,6.29,4.56
BATCH_044,0,11.71,14.11,0.55,0.0,6.35
BATCH_044,1,11.71,13.8,0.59,0.14,6.37
BATCH_044,2,11.72,13.47,0.64,0.29,6.92
BATCH_044,3,11.72,13.12,0.69,0.45,7.19
BATCH_044,4,11.73,12.74,0.74,0.63,7.96
BATCH_044,5,11.74,12.33,0.8,0.81,8.52
BATCH_044,6,11.75,11.9,0.86,1.02,9.09
BATCH_044,7,11.76,11.43,0.93,1.23,9.65
BATCH_044,8,11.77,10.92,1.0,1.46,10.06
BATCH_044,9,11.78,10.38,1.07,1.71,10.85
BATCH_044,10,11.8,9.8,1.15,1.98,11.26
BATCH_044,11,11.82,9.19,1.24,2.26,12.54
BATCH_044,12,11.83,8.52,1.33,2.57,12.94
BATCH_044,13,11.85,7.82,1.43,2.89,13.65
BATCH_044,14,11.88,7.07,1.54,3.24,14.82
BATCH_044,15,11.9,6.28,1.65,3.6,14.98
BATCH_044,16,11.93,5.44,1.76,3.99,15.67
BATCH_044,17,11.97,4.57,1.89,4.39,16.2
BATCH_044,18,12.0,3.66,2.01,4.81,16.68
BATCH_044,19,12.04,2.74,2.14,5.23,16.57
BATCH_044,20,12.08,1.83,2.27,5.65,15.5
BATCH_044,21,12.13,1.0,2.39,6.03,13.03
BATCH_044,22,12.19,0.34,2.48,6.33,6.67
BATCH_044,23,12.24,0.0,2.53,6.49,1.8
BATCH_044,24,12.31,0.0,2.53,6.49,1.62
BATCH_044,25,12.37,0.0,2.53,6.49,1.66
BATCH_044,26,12.45,0.0,2.53,6.49,1.71
BATCH_044,27,12.53,0.0,2.53,6.49,1.71
BATCH_044,28,12.61,0.0,2.53,6.49,2.29
BATCH_044,29,12.7,0.0,2.53,6.49,2.19
BATCH_044,30,12.79,0.0,2.53,6.49,2.1
BATCH_044,31,12.89,0.0,2.53,6.49,2.44
BATCH_044,32,12.99,0.0,2.53,6.49,1.94
BATCH_044,33,13.09,0.0,2.53,6.49,2.05
BATCH_044,34,13.2,0.0,2.53,6.49,1.96
BATCH_044,35,13.31,0.0,2.53,6.49,2.34
BATCH_044,36,13.42,0.0,2.53,6.49,2.6
BATCH_044,37,13.53,0.0,2.53,6.49,2.67
BATCH_044,38,13.64,0.0,2.53,6.49,2.76
BATCH_044,39,13.74,0.0,2.53,6.49,2.52
BATCH_044,40,13.85,0.0,2.53,6.49,3.05
BATCH_044,41,13.95,0.0,2.53,6.49,3.01
BATCH_044,42,14.04,0.0,2.53,6.49,3.18
BATCH_044,43,14.14,0.0,2.53,6.49,2.72
BATCH_044,44,14.23,0.0,2.53,6.49,3.23
BATCH_044,45,14.31,0.0,2.53,6.49,2.99
BATCH_044,46,14.39,0.0,2.53,6.49,3.21
BATCH_044,47,14.46,0.0,2.53,6.49,3.45
BATCH_044,48,14.53,0.0,2.53,6.49,3.42
BATCH_044,49,14.59,0.0,2.53,6.49,3.27
BATCH_044,50,14.65,0.0,2.53,6.49,3.49
BATCH_044,51,14.7,0.0,2.53,6.49,3.22
BATCH_044,52,14.75,0.0,2.53,6.49,3.79
BATCH_044,53,14.79,0.0,2.53,6.49,3.55
BATCH_044,54,14.83,0.0,2.53,6.49,3.85
BATCH_044,55,14.87,0.0,2.53,6.49,3.55
BATCH_044,56,14.9,0.0,2.53,6.49,3.57
BATCH_044,57,14.93,0.0,2.53,6.49,3.55
BATCH_044,58,14.96,0.0,2.53,6.49,3.89
BATCH_044,59,14.98,0.0,2.53,6.49,3.59
BATCH_044,60,15.0,0.0,2.53,6.49,3.88
BATCH_044,61,15.02,0.0,2.53,6.49,3.69
BATCH_044,62,15.04,0.0,2.53,6.49,3.38
BATCH_044,63,15.05,0.0,2.53,6.49,3.67
BATCH_044,64,15.07,0.0,2.53,6.49,3.56
BATCH_044,65,15.08,0.0,2.53,6.49,3.81
BATCH_044,66,15.09,0.0,2.53,6.49,3.58
BATCH_044,67,15.1,0.0,2.53,6.49,4.01
BATCH_044,68,15.1,0.0,2.53,6.49,3.81
BATCH_044,69,15.11,0.0,2.53,6.49,3.8
BATCH_044,70,15.12,0.0,2.53,6.49,3.97
BATCH_044,71,15.12,0.0,2.53,6.49,4.04
BATCH_044,72,15.13,0.0,2.53,6.49,3.84
BATCH_044,73,15.13,0.0,2.53,6.49,3.7
BATCH_044,74,15.14,0.0,2.53,6.49,3.5
BATCH_044,75,15.14,0.0,2.53,6.49,3.72
BATCH_044,76,15.14,0.0,2.53,6.49,3.73
BATCH_044,77,15.15,0.0,2.53,6.49,3.88
BATCH_044,78,15.15,0.0,2.53,6.49,3.79
BATCH_044,79,15.15,0.0,2.53,6.49,4.0
BATCH_044,80,15.15,0.0,2.53,6.49,3.74
BATCH_044,81,15.16,0.0,2.53,6.49,3.85
BATCH_044,82,15.16,0.0,2.53,6.49,4.1
BATCH_044,83,15.16,0.0,2.53,6.49,3.94
BATCH_044,84,15.16,0.0,2.53,6.49,3.86
BATCH_044,85,15.16,0.0,2.53,6.49,3.75
BATCH_044,86,15.16,0.0,2.53,6.49,3.74
BATCH_044,87,15.16,0.0,2.53,6.49,3.7
BATCH_044,88,15.16,0.0,2.53,6.49,3.76
BATCH_044,89,15.16,0.0,2.53,6.49,4.02
BATCH_044,90,15.16,0.0,2.53,6.49,3.83
BATCH_044,91,15.16,0.0,2.53,6.49,3.6
BATCH_044,92,15.16,0.0,2.53,6.49,4.23
BATCH_044,93,15.16,0.0,2.53,6.49,3.94
BATCH_044,94,15.17,0.0,2.53,6.49,3.59
BATCH_044,95,15.17,0.0,2.53,6.49,3.79
BATCH_044,96,15.17,0.0,2.53,6.49,3.9
BATCH_044,97,15.17,0.0,2.53,6.49,4.22
BATCH_044,98,15.17,0.0,2.53,6.49,3.65
BATCH_044,99,15.17,0.0,2.53,6.49,4.07
BATCH_044,100,15.17,0.0,2.53,6.49,4.15
BATCH_044,101,15.17,0.0,2.53,6.49,3.75
BATCH_044,102,15.17,0.0,2.53,6.49,3.82
BATCH_044,103,15.17,0.0,2.53,6.49,3.67
BATCH_044,104,15.17,0.0,2.53,6.49,3.83
BATCH_044,105,15.17,0.0,2.53,6.49,3.87
BATCH_044,106,15.17,0.0,2.53,6.49,4.01
BATCH_044,107,15.17,0.0,2.53,6.49,4.09
BATCH_044,108,15.17,0.0,2.53,6.49,3.73
BATCH_044,109,15.17,0.0,2.53,6.49,3.48
BATCH_044,110,15.17,0.0,2.53,6.49,3.87
BATCH_044,111,15.17,0.0,2.53,6.49,3.93
BATCH_044,112,15.17,0.0,2.53,6.49,3.93
BATCH_044,113,15.17,0.0,2.53,6.49,3.81
BATCH_044,114,15.17,0.0,2.53,6.49,3.9
BATCH_044,115,15.17,0.0,2.53,6.49,4.18
BATCH_044,116,15.17,0.0,2.53,6.49,3.95
BATCH_044,117,15.17,0.0,2.53,6.49,3.8
BATCH_044,118,15.17,0.0,2.53,6.49,3.78
BATCH_044,119,15.17,0.0,2.53,6.49,3.84
BATCH_044,120,15.17,0.0,2.53,6.49,4.2
BATCH_045,0,12.84,13.95,0.5,0.0,7.01
BATCH_045,1,12.85,13.66,0.54,0.13,6.85
BATCH_045,2,12.85,13.35,0.58,0.28,7.92
BATCH_045,3,12.86,13.01,0.63,0.43,8.33
BATCH_045,4,12.87,12.65,0.68,0.6,8.6
BATCH_045,5,12.87,12.26,0.74,0.78,9.22
BATCH_045,6,12.88,11.84,0.79,0.97,9.75
BATCH_045,7,12.89,11.38,0.86,1.18,10.2
BATCH_045,8,12.91,10.89,0.93,1.4,10.57
BATCH_045,9,12.92,10.37,1.0,1.64,11.69
BATCH_045,10,12.93,9.8,1.08,1.9,12.47
BATCH_045,11,12.95,9.2,1.16,2.18,12.67
BATCH_045,12,12.97,8.55,1.25,2.48,13.39
BATCH_045,13,12.99,7.86,1.35,2.8,14.42
BATCH_045,14,13.01,7.12,1.46,3.14,15.11
BATCH_045,15,13.04,6.33,1.57,3.5,16.04
BATCH_045,16,13.07,5.5,1.68,3.89,16.96
BATCH_045,17,13.1,4.62,1.8,4.29,16.86
BATCH_045,18,13.14,3.72,1.93,4.71,17.96
BATCH_045,19,13.18,2.79,2.06,5.13,17.42
BATCH_045,20,13.22,1.87,2.19,5.55,16.54
BATCH_045,21,13.27,1.02,2.31,5.94,13.76
BATCH_045,22,13.32,0.35,2.4,6.26,8.31
BATCH_045,23,13.38,0.0,2.45,6.41,2.55
BATCH_045,24,13.44,0.0,2.45,6.41,2.64
BATCH_045,25,13.51,0.0,2.45,6.41,2.69
BATCH_045,26,13.58,0.0,2.45,6.41,2.56
BATCH_045,27,13.66,0.0,2.45,6.41,2.39
BATCH_045,28,13.74,0.0,2.45,6.41,2.56
BATCH_045,29,13.83,0.0,2.45,6.41,2.85
BATCH_045,30,13.93,0.0,2.45,6.41,2.79
BATCH_045,31,14.02,0.0,2.45,6.41,2.86
BATCH_045,32,14.12,0.0,2.45,6.41,3.45
BATCH_045,33,14.23,0.0,2.45,6.41,3.34
BATCH_045,34,14.34,0.0,2.45,6.41,3.2
BATCH_045,35,14.44,0.0,2.45,6.41,3.47
BATCH_045,36,14.55,0.0,2.45,6.41,3.33
BATCH_045,37,14.66,0.0,2.45,6.41,3.52
BATCH_045,38,14.77,0.0,2.45,6.41,3.67
BATCH_045,39,14.88,0.0,2.45,6.41,3.57
BATCH_045,40,14.98,0.0,2.45,6.41,3.6
BATCH_045,41,15.08,0.0,2.45,6.41,4.06
BATCH_045,42,15.18,0.0,2.45,6.41,4.01
BATCH_045,43,15.27,0.0,2.45,6.41,3.5
BATCH_045,44,15.36,0.0,2.45,6.41,3.89
BATCH_045,45,15.44,0.0,2.45,6.41,3.93
BATCH_045,46,15.52,0.0,2.45,6.41,4.02
BATCH_045,47,15.6,0.0,2.45,6.41,4.37
BATCH_045,48,15.66,0.0,2.45,6.41,4.25
BATCH_045,49,15.73,0.0,2.45,6.41,4.02
BATCH_045,50,15.78,0.0,2.45,6.41,4.26
BATCH_045,51,15.84,0.0,2.45,6.41,4.49
BATCH_045,52,15.89,0.0,2.45,6.41,4.37
BATCH_045,53,15.93,0.0,2.45,6.41,4.32
BATCH_045,54,15.97,0.0,2.45,6.41,4.54
BATCH_045,55,16.0,0.0,2.45,6.41,4.83
BATCH_045,56,16.04,0.0,2.45,6.41,4.62
BATCH_045,57,16.07,0.0,2.45,6.41,4.81
BATCH_045,58,16.09,0.0,2.45,6.41,4.45
BATCH_045,59,16.12,0.0,2.45,6.41,4.59
BATCH_045,60,16.14,0.0,2.45,6.41,4.6
BATCH_045,61,16.16,0.0,2.45,6.41,4.64
BATCH_045,62,16.17,0.0,2.45,6.41,4.72
BATCH_045,63,16.19,0.0,2.45,6.41,4.46
BATCH_045,64,16.2,0.0,2.45,6.41,4.78
BATCH_045,65,16.21,0.0,2.45,6.41,4.33
BATCH_045,66,16.22,0.0,2.45,6.41,4.4
BATCH_045,67,16.23,0.0,2.45,6.41,5.1
BATCH_045,68,16.24,0.0,2.45,6.41,4.58
BATCH_045,69,16.25,0.0,2.45,6.41,4.83
BATCH_045,70,16.25,0.0,2.45,6.41,5.03
BATCH_045,71,16.26,0.0,2.45,6.41,4.23
BATCH_045,72,16.26,0.0,2.45,6.41,4.92
BATCH_045,73,16.27,0.0,2.45,6.41,4.83
BATCH_045,74,16.27,0.0,2.45,6.41,5.03
BATCH_045,75,16.28,0.0,2.45,6.41,4.47
BATCH_045,76,16.28,0.0,2.45,6.41,5.0
BATCH_045,77,16.28,0.0,2.45,6.41,4.56
BATCH_045,78,16.28,0.0,2.45,6.41,4.92
BATCH_045,79,16.29,0.0,2.45,6.41,4.71
BATCH_045,80,16.29,0.0,2.45,6.41,4.87
BATCH_045,81,16.29,0.0,2.45,6.41,4.73
BATCH_045,82,16.29,0.0,2.45,6.41,4.35
BATCH_045,83,16.29,0.0,2.45,6.41,4.1
BATCH_045,84,16.29,0.0,2.45,6.41,4.76
BATCH_045,85,16.3,0.0,2.45,6.41,4.67
BATCH_045,86,16.3,0.0,2.45,6.41,4.8
BATCH_045,87,16.3,0.0,2.45,6.41,4.67
BATCH_045,88,16.3,0.0,2.45,6.41,5.13
BATCH_045,89,16.3,0.0,2.45,6.41,4.77
BATCH_045,90,16.3,0.0,2.45,6.41,4.63
BATCH_045,91,16.3,0.0,2.45,6.41,4.79
BATCH_045,92,16.3,0.0,2.45,6.41,4.64
BATCH_045,93,16.3,0.0,2.45,6.41,4.74
BATCH_045,94,16.3,0.0,2.45,6.41,4.48
BATCH_045,95,16.3,0.0,2.45,6.41,4.72
BATCH_045,96,16.3,0.0,2.45,6.41,4.63
BATCH_045,97,16.3,0.0,2.45,6.41,4.5
BATCH_045,98,16.3,0.0,2.45,6.41,5.12
BATCH_045,99,16.3,0.0,2.45,6.41,4.51
BATCH_045,100,16.3,0.0,2.45,6.41,4.73
BATCH_045,101,16.3,0.0,2.45,6.41,4.57
BATCH_045,102,16.3,0.0,2.45,6.41,4.79
BATCH_045,103,16.3,0.0,2.45,6.41,4.47
BATCH_045,104,16.3,0.0,2.45,6.41,4.89
BATCH_045,105,16.3,0.0,2.45,6.41,5.13
BATCH_045,106,16.3,0.0,2.45,6.41,4.56
BATCH_045,107,16.3,0.0,2.45,6.41,4.97
BATCH_045,108,16.3,0.0,2.45,6.41,4.65
BATCH_045,109,16.3,0.0,2.45,6.41,5.03
BATCH_045,110,16.3,0.0,2.45,6.41,5.16
BATCH_045,111,16.3,0.0,2.45,6.41,4.68
BATCH_045,112,16.3,0.0,2.45,6.41,4.42
BATCH_045,113,16.3,0.0,2.45,6.41,4.92
BATCH_045,114,16.3,0.0,2.45,6.41,4.77
BATCH_045,115,16.3,0.0,2.45,6.41,4.83
BATCH_045,116,16.3,0.0,2.45,6.41,4.66
BATCH_045,117,16.3,0.0,2.45,6.41,4.55
BATCH_045,118,16.3,0.0,2.45,6.41,4.96
BATCH_045,119,16.3,0.0,2.45,6.41,4.79
BATCH_045,120,16.3,0.0,2.45,6.41,4.44
BATCH_046,0,11.95,14.21,0.52,0.0,6.19
BATCH_046,1,11.96,13.92,0.56,0.13,6.71
BATCH_046,2,11.96,13.6,0.6,0.28,7.07
BATCH_046,3,11.97,13.27,0.65,0.43,7.2
BATCH_046,4,11.98,12.9,0.7,0.6,7.83
BATCH_046,5,11.99,12.52,0.76,0.78,8.58
BATCH_046,6,12.0,12.1,0.81,0.97,8.93
BATCH_046,7,12.01,11.65,0.88,1.18,9.61
BATCH_046,8,12.02,11.16,0.95,1.4,10.42
BATCH_046,9,12.03,10.64,1.02,1.64,10.91
BATCH_046,10,12.05,10.09,1.1,1.89,11.38
BATCH_046,11,12.06,9.49,1.18,2.17,11.96
BATCH_046,12,12.08,8.86,1.27,2.46,12.28
BATCH_046,13,12.1,8.18,1.36,2.77,13.5
BATCH_046,14,12.13,7.45,1.47,3.11,14.23
BATCH_046,15,12.15,6.68,1.57,3.46,15.13
BATCH_046,16,12.18,5.87,1.69,3.84,15.73
BATCH_046,17,12.21,5.01,1.81,4.23,16.32
BATCH_046,18,12.25,4.12,1.93,4.64,16.46
BATCH_046,19,12.29,3.2,2.06,5.06,16.71
BATCH_046,20,12.33,2.28,2.19,5.49,16.4
BATCH_046,21,12.38,1.4,2.31,5.89,14.78
BATCH_046,22,12.43,0.63,2.42,6.24,10.3
BATCH_046,23,12.49,0.12,2.49,6.48,3.85
BATCH_046,24,12.55,0.0,2.51,6.53,2.11
BATCH_046,25,12.62,0.0,2.51,6.53,1.8
BATCH_046,26,12.69,0.0,2.51,6.53,2.09
BATCH_046,27,12.77,0.0,2.51,6.53,1.93
BATCH_046,28,12.86,0.0,2.51,6.53,2.32
BATCH_046,29,12.94,0.0,2.51,6.53,2.24
BATCH_046,30,13.04,0.0,2.51,6.53,2.34
BATCH_046,31,13.14,0.0,2.51,6.53,2.19
BATCH_046,32,13.24,0.0,2.51,6.53,2.57
BATCH_046,33,13.34,0.0,2.51,6.53,2.92
BATCH_046,34,13.45,0.0,2.51,6.53,2.38
BATCH_046,35,13.56,0.0,2.51,6.53,2.6
BATCH_046,36,13.67,0.0,2.51,6.53,2.8
BATCH_046,37,13.77,0.0,2.51,6.53,2.99
BATCH_046,38,13.88,0.0,2.51,6.53,2.8
BATCH_046,39,13.99,0.0,2.51,6.53,2.43
BATCH_046,40,14.09,0.0,2.51,6.53,3.34
BATCH_046,41,14.19,0.0,2.51,6.53,3.3
BATCH_046,42,14.29,0.0,2.51,6.53,2.87
BATCH_046,43,14.39,0.0,2.51,6.53,3.17
BATCH_046,44,14.47,0.0,2.51,6.53,3.67
BATCH_046,45,14.56,0.0,2.51,6.53,3.71
BATCH_046,46,14.64,0.0,2.51,6.53,3.66
BATCH_046,47,14.71,0.0,2.51,6.53,3.5
BATCH_046,48,14.78,0.0,2.51,6.53,3.6
BATCH_046,49,14.84,0.0,2.51,6.53,3.6
BATCH_046,50,14.9,0.0,2.51,6.53,3.9
BATCH_046,51,14.95,0.0,2.51,6.53,3.54
BATCH_046,52,15.0,0.0,2.51,6.53,3.59
BATCH_046,53,15.04,0.0,2.51,6.53,3.98
BATCH_046,54,15.08,0.0,2.51,6.53,3.8
BATCH_046,55,15.12,0.0,2.51,6.53,4.11
BATCH_046,56,15.15,0.0,2.51,6.53,3.73
BATCH_046,57,15.18,0.0,2.51,6.53,3.87
BATCH_046,58,15.2,0.0,2.51,6.53,3.72
BATCH_046,59,15.23,0.0,2.51,6.53,3.92
BATCH_046,60,15.25,0.0,2.51,6.53,3.64
BATCH_046,61,15.27,0.0,2.51,6.53,3.85
BATCH_046,62,15.28,0.0,2.51,6.53,3.68
BATCH_046,63,15.3,0.0,2.51,6.53,4.11
BATCH_046,64,15.31,0.0,2.51,6.53,4.13
BATCH_046,65,15.32,0.0,2.51,6.53,3.65
BATCH_046,66,15.33,0.0,2.51,6.53,4.27
BATCH_046,67,15.34,0.0,2.51,6.53,4.51
BATCH_046,68,15.35,0.0,2.51,6.53,4.02
BATCH_046,69,15.36,0.0,2.51,6.53,3.89
BATCH_046,70,15.37,0.0,2.51,6.53,4.59
BATCH_046,71,15.37,0.0,2.51,6.53,3.76
BATCH_046,72,15.38,0.0,2.51,6.53,4.04
BATCH_046,73,15.38,0.0,2.51,6.53,4.07
BATCH_046,74,15.38,0.0,2.51,6.53,4.31
BATCH_046,75,15.39,0.0,2.51,6.53,4.11
BATCH_046,76,15.39,0.0,2.51,6.53,3.94
BATCH_046,77,15.39,0.0,2.51,6.53,3.86
BATCH_046,78,15.4,0.0,2.51,6.53,3.98
BATCH_046,79,15.4,0.0,2.51,6.53,3.85
BATCH_046,80,15.4,0.0,2.51,6.53,4.06
BATCH_046,81,15.4,0.0,2.51,6.53,3.94
BATCH_046,82,15.4,0.0,2.51,6.53,3.75
BATCH_046,83,15.41,0.0,2.51,6.53,4.3
BATCH_046,84,15.41,0.0,2.51,6.53,3.96
BATCH_046,85,15.41,0.0,2.51,6.53,3.8
BATCH_046,86,15.41,0.0,2.51,6.53,4.02
BATCH_046,87,15.41,0.0,2.51,6.53,4.07
BATCH_046,88,15.41,0.0,2.51,6.53,3.71
BATCH_046,89,15.41,0.0,2.51,6.53,4.12
BATCH_046,90,15.41,0.0,2.51,6.53,3.85
BATCH_046,91,15.41,0.0,2.51,6.53,4.4
BATCH_046,92,15.41,0.0,2.51,6.53,4.16
BATCH_046,93,15.41,0.0,2.51,6.53,3.98
BATCH_046,94,15.41,0.0,2.51,6.53,3.91
BATCH_046,95,15.41,0.0,2.51,6.53,4.04
BATCH_046,96,15.41,0.0,2.51,6.53,4.18
BATCH_046,97,15.41,0.0,2.51,6.53,4.05
BATCH_046,98,15.41,0.0,2.51,6.53,4.02
BATCH_046,99,15.41,0.0,2.51,6.53,4.07
BATCH_046,100,15.41,0.0,2.51,6.53,3.94
BATCH_046,101,15.41,0.0,2.51,6.53,3.99
BATCH_046,102,15.41,0.0,2.51,6.53,3.64
BATCH_046,103,15.41,0.0,2.51,6.53,4.26
BATCH_046,104,15.41,0.0,2.51,6.53,4.12
BATCH_046,105,15.41,0.0,2.51,6.53,3.91
BATCH_046,106,15.41,0.0,2.51,6.53,4.44
BATCH_046,107,15.41,0.0,2.51,6.53,4.08
BATCH_046,108,15.41,0.0,2.51,6.53,3.85
BATCH_046,109,15.41,0.0,2.51,6.53,4.23
BATCH_046,110,15.41,0.0,2.51,6.53,4.14
BATCH_046,111,15.41,0.0,2.51,6.53,4.14
BATCH_046,112,15.41,0.0,2.51,6.53,3.98
BATCH_046,113,15.41,0.0,2.51,6.53,4.15
BATCH_046,114,15.41,0.0,2.51,6.53,4.01
BATCH_046,115,15.41,0.0,2.51,6.53,4.17
BATCH_046,116,15.41,0.0,2.51,6.53,3.68
BATCH_046,117,15.41,0.0,2.51,6.53,3.97
BATCH_046,118,15.41,0.0,2.51,6.53,4.41
BATCH_046,119,15.41,0.0,2.51,6.53,3.91
BATCH_046,120,15.41,0.0,2.51,6.53,3.94
BATCH_047,0,12.11,13.87,0.45,0.0,5.48
BATCH_047,1,12.11,13.61,0.49,0.12,5.86
BATCH_047,2,12.12,13.34,0.53,0.24,6.46
BATCH_047,3,12.12,13.05,0.57,0.38,6.88
BATCH_047,4,12.13,12.73,0.61,0.52,7.2
BATCH_047,5,12.14,12.39,0.66,0.68,7.57
BATCH_047,6,12.15,12.02,0.71,0.85,8.03
BATCH_047,7,12.16,11.63,0.76,1.03,8.75
BATCH_047,8,12.17,11.21,0.82,1.22,9.17
BATCH_047,9,12.18,10.75,0.89,1.43,9.63
BATCH_047,10,12.2,10.26,0.96,1.66,10.55
BATCH_047,11,12.21,9.74,1.03,1.9,11.31
BATCH_047,12,12.23,9.18,1.11,2.16,11.33
BATCH_047,13,12.25,8.58,1.19,2.43,12.37
BATCH_047,14,12.28,7.94,1.28,2.73,13.6
BATCH_047,15,12.3,7.25,1.38,3.04,13.76
BATCH_047,16,12.33,6.53,1.48,3.38,14.45
BATCH_047,17,12.36,5.76,1.59,3.73,15.1
BATCH_047,18,12.4,4.95,1.7,4.1,15.82
BATCH_047,19,12.44,4.11,1.82,4.49,16.32
BATCH_047,20,12.48,3.24,1.94,4.89,16.06
BATCH_047,21,12.53,2.36,2.06,5.29,15.88
BATCH_047,22,12.58,1.51,2.18,5.68,13.95
BATCH_047,23,12.64,0.76,2.29,6.03,11.04
BATCH_047,24,12.71,0.21,2.36,6.28,5.26
BATCH_047,25,12.77,0.0,2.39,6.38,2.15
BATCH_047,26,12.85,0.0,2.39,6.38,1.8
BATCH_047,27,12.92,0.0,2.39,6.38,2.09
BATCH_047,28,13.01,0.0,2.39,6.38,2.45
BATCH_047,29,13.1,0.0,2.39,6.38,2.19
BATCH_047,30,13.19,0.0,2.39,6.38,2.01
BATCH_047,31,13.29,0.0,2.39,6.38,2.52
BATCH_047,32,13.39,0.0,2.39,6.38,2.42
BATCH_047,33,13.49,0.0,2.39,6.38,2.58
BATCH_047,34,13.6,0.0,2.39,6.38,2.55
BATCH_047,35,13.71,0.0,2.39,6.38,3.18
BATCH_047,36,13.82,0.0,2.39,6.38,2.55
BATCH_047,37,13.93,0.0,2.39,6.38,3.51
BATCH_047,38,14.03,0.0,2.39,6.38,2.95
BATCH_047,39,14.14,0.0,2.39,6.38,3.14
BATCH_047,40,14.25,0.0,2.39,6.38,3.07
BATCH_047,41,14.35,0.0,2.39,6.38,3.14
BATCH_047,42,14.44,0.0,2.39,6.38,3.18
BATCH_047,43,14.54,0.0,2.39,6.38,3.52
BATCH_047,44,14.63,0.0,2.39,6.38,3.19
BATCH_047,45,14.71,0.0,2.39,6.38,3.6
BATCH_047,46,14.79,0.0,2.39,6.38,3.15
BATCH_047,47,14.86,0.0,2.39,6.38,3.7
BATCH_047,48,14.93,0.0,2.39,6.38,3.87
BATCH_047,49,14.99,0.0,2.39,6.38,3.49
BATCH_047,50,15.05,0.0,2.39,6.38,3.92
BATCH_047,51,15.1,0.0,2.39,6.38,3.84
BATCH_047,52,15.15,0.0,2.39,6.38,4.18
BATCH_047,53,15.19,0.0,2.39,6.38,3.72
BATCH_047,54,15.23,0.0,2.39,6.38,4.49
BATCH_047,55,15.27,0.0,2.39,6.38,3.47
BATCH_047,56,15.3,0.0,2.39,6.38,3.91
BATCH_047,57,15.33,0.0,2.39,6.38,3.66
BATCH_047,58,15.36,0.0,2.39,6.38,4.39
BATCH_047,59,15.38,0.0,2.39,6.38,3.98
BATCH_047,60,15.4,0.0,2.39,6.38,4.02
BATCH_047,61,15.42,0.0,2.39,6.38,4.15
BATCH_047,62,15.44,0.0,2.39,6.38,4.08
BATCH_047,63,15.45,0.0,2.39,6.38,3.97
BATCH_047,64,15.46,0.0,2.39,6.38,3.85
BATCH_047,65,15.48,0.0,2.39,6.38,4.14
BATCH_047,66,15.49,0.0,2.39,6.38,4.19
BATCH_047,67,15.5,0.0,2.39,6.38,4.26
BATCH_047,68,15.5,0.0,2.39,6.38,4.51
BATCH_047,69,15.51,0.0,2.39,6.38,3.7
BATCH_047,70,15.52,0.0,2.39,6.38,4.12
BATCH_047,71,15.52,0.0,2.39,6.38,4.38
BATCH_047,72,15.53,0.0,2.39,6.38,4.12
BATCH_047,73,15.53,0.0,2.39,6.38,3.68
BATCH_047,74,15.54,0.0,2.39,6.38,3.89
BATCH_047,75,15.54,0.0,2.39,6.38,4.22
BATCH_047,76,15.54,0.0,2.39,6.38,4.22
BATCH_047,77,15.55,0.0,2.39,6.38,4.29
BATCH_047,78,15.55,0.0,2.39,6.38,4.01
BATCH_047,79,15.55,0.0,2.39,6.38,4.21
BATCH_047,80,15.55,0.0,2.39,6.38,3.98
BATCH_047,81,15.55,0.0,2.39,6.38,4.22
BATCH_047,82,15.56,0.0,2.39,6.38,4.18
BATCH_047,83,15.56,0.0,2.39,6.38,4.0
BATCH_047,84,15.56,0.0,2.39,6.38,4.48
BATCH_047,85,15.56,0.0,2.39,6.38,3.83
BATCH_047,86,15.56,0.0,2.39,6.38,4.14
BATCH_047,87,15.56,0.0,2.39,6.38,4.0
BATCH_047,88,15.56,0.0,2.39,6.38,4.54
BATCH_047,89,15.56,0.0,2.39,6.38,4.29
BATCH_047,90,15.56,0.0,2.39,6.38,4.04
BATCH_047,91,15.56,0.0,2.39,6.38,4.12
BATCH_047,92,15.56,0.0,2.39,6.38,4.54
BATCH_047,93,15.56,0.0,2.39,6.38,3.98
BATCH_047,94,15.56,0.0,2.39,6.38,3.82
BATCH_047,95,15.56,0.0,2.39,6.38,4.23
BATCH_047,96,15.56,0.0,2.39,6.38,4.24
BATCH_047,97,15.56,0.0,2.39,6.38,4.31
BATCH_047,98,15.57,0.0,2.39,6.38,4.31
BATCH_047,99,15.57,0.0,2.39,6.38,4.53
BATCH_047,100,15.57,0.0,2.39,6.38,3.83
BATCH_047,101,15.57,0.0,2.39,6.38,3.93
BATCH_047,102,15.57,0.0,2.39,6.38,4.31
BATCH_047,103,15.57,0.0,2.39,6.38,3.95
BATCH_047,104,15.57,0.0,2.39,6.38,3.88
BATCH_047,105,15.57,0.0,2.39,6.38,4.55
BATCH_047,106,15.57,0.0,2.39,6.38,3.85
BATCH_047,107,15.57,0.0,2.39,6.38,4.1
BATCH_047,108,15.57,0.0,2.39,6.38,4.16
BATCH_047,109,15.57,0.0,2.39,6.38,4.44
BATCH_047,110,15.57,0.0,2.39,6.38,3.8
BATCH_047,111,15.57,0.0,2.39,6.38,4.26
BATCH_047,112,15.57,0.0,2.39,6.38,4.0
BATCH_047,113,15.57,0.0,2.39,6.38,4.3
BATCH_047,114,15.57,0.0,2.39,6.38,3.99
BATCH_047,115,15.57,0.0,2.39,6.38,4.49
BATCH_047,116,15.57,0.0,2.39,6.38,3.99
BATCH_047,117,15.57,0.0,2.39,6.38,3.68
BATCH_047,118,15.57,0.0,2.39,6.38,4.02
BATCH_047,119,15.57,0.0,2.39,6.38,4.12
BATCH_047,120,15.57,0.0,2.39,6.38,4.39
BATCH_048,0,12.05,13.62,0.45,0.0,5.89
BATCH_048,1,12.06,13.37,0.49,0.12,5.9
BATCH_048,2,12.06,13.1,0.52,0.24,6.24
BATCH_048,3,12.07,12.81,0.56,0.37,6.6
BATCH_048,4,12.08,12.49,0.61,0.52,7.0
BATCH_048,5,12.08,12.16,0.66,0.67,7.43
BATCH_048,6,12.09,11.79,0.71,0.84,7.94
BATCH_048,7,12.1,11.4,0.76,1.02,8.38
BATCH_048,8,12.11,10.98,0.82,1.22,9.07
BATCH_048,9,12.13,10.53,0.88,1.42,9.65
BATCH_048,10,12.14,10.05,0.95,1.65,9.99
BATCH_048,11,12.16,9.53,1.02,1.88,11.04
BATCH_048,12,12.18,8.97,1.1,2.14,11.24
BATCH_048,13,12.2,8.38,1.18,2.41,11.79
BATCH_048,14,12.22,7.74,1.27,2.7,12.89
BATCH_048,15,12.25,7.07,1.37,3.02,13.35
BATCH_048,16,12.28,6.35,1.47,3.35,14.28
BATCH_048,17,12.31,5.59,1.57,3.69,14.4
BATCH_048,18,12.35,4.8,1.69,4.06,15.73
BATCH_048,19,12.39,3.97,1.8,4.44,16.0
BATCH_048,20,12.43,3.11,1.92,4.83,15.65
BATCH_048,21,12.48,2.26,2.04,5.23,15.17
BATCH_048,22,12.53,1.43,2.16,5.61,14.24
BATCH_048,23,12.59,0.7,2.26,5.94,10.36
BATCH_048,24,12.65,0.19,2.33,6.18,4.87
BATCH_048,25,12.72,0.0,2.36,6.27,1.59
BATCH_048,26,12.79,0.0,2.36,6.27,2.02
BATCH_048,27,12.87,0.0,2.36,6.27,2.11
BATCH_048,28,12.95,0.0,2.36,6.27,2.36
BATCH_048,29,13.04,0.0,2.36,6.27,2.0
BATCH_048,30,13.14,0.0,2.36,6.27,2.05
BATCH_048,31,13.23,0.0,2.36,6.27,2.51
BATCH_048,32,13.33,0.0,2.36,6.27,2.7
BATCH_048,33,13.44,0.0,2.36,6.27,2.26
BATCH_048,34,13.54,0.0,2.36,6.27,2.87
BATCH_048,35,13.65,0.0,2.36,6.27,2.75
BATCH_048,36,13.76,0.0,2.36,6.27,3.04
BATCH_048,37,13.87,0.0,2.36,6.27,2.89
BATCH_048,38,13.98,0.0,2.36,6.27,2.48
BATCH_048,39,14.09,0.0,2.36,6.27,3.03
BATCH_048,40,14.19,0.0,2.36,6.27,3.36
BATCH_048,41,14.29,0.0,2.36,6.27,3.04
BATCH_048,42,14.39,0.0,2.36,6.27,3.21
BATCH_048,43,14.48,0.0,2.36,6.27,3.33
BATCH_048,44,14.57,0.0,2.36,6.27,2.85
BATCH_048,45,14.65,0.0,2.36,6.27,3.83
BATCH_048,46,14.73,0.0,2.36,6.27,3.37
BATCH_048,47,14.81,0.0,2.36,6.27,3.71
BATCH_048,48,14.87,0.0,2.36,6.27,3.64
BATCH_048,49,14.94,0.0,2.36,6.27,3.95
BATCH_048,50,14.99,0.0,2.36,6.27,3.83
BATCH_048,51,15.05,0.0,2.36,6.27,3.74
BATCH_048,52,15.1,0.0,2.36,6.27,3.64
BATCH_048,53,15.14,0.0,2.36,6.27,4.01
BATCH_048,54,15.18,0.0,2.36,6.27,3.51
BATCH_048,55,15.21,0.0,2.36,6.27,4.04
BATCH_048,56,15.25,0.0,2.36,6.27,3.72
BATCH_048,57,15.28,0.0,2.36,6.27,4.21
BATCH_048,58,15.3,0.0,2.36,6.27,4.01
BATCH_048,59,15.33,0.0,2.36,6.27,4.12
BATCH_048,60,15.35,0.0,2.36,6.27,4.03
BATCH_048,61,15.36,0.0,2.36,6.27,3.67
BATCH_048,62,15.38,0.0,2.36,6.27,3.86
BATCH_048,63,15.4,0.0,2.36,6.27,4.18
BATCH_048,64,15.41,0.0,2.36,6.27,4.09
BATCH_048,65,15.42,0.0,2.36,6.27,4.3
BATCH_048,66,15.43,0.0,2.36,6.27,4.15
BATCH_048,67,15.44,0.0,2.36,6.27,3.89
BATCH_048,68,15.45,0.0,2.36,6.27,3.93
BATCH_048,69,15.46,0.0,2.36,6.27,4.11
BATCH_048,70,15.46,0.0,2.36,6.27,3.63
BATCH_048,71,15.47,0.0,2.36,6.27,4.44
BATCH_048,72,15.47,0.0,2.36,6.27,4.19
BATCH_048,73,15.48,0.0,2.36,6.27,4.35
BATCH_048,74,15.48,0.0,2.36,6.27,3.8
BATCH_048,75,15.49,0.0,2.36,6.27,4.36
BATCH_048,76,15.49,0.0,2.36,6.27,4.56
BATCH_048,77,15.49,0.0,2.36,6.27,3.85
BATCH_048,78,15.49,0.0,2.36,6.27,4.27
BATCH_048,79,15.5,0.0,2.36,6.27,4.12
BATCH_048,80,15.5,0.0,2.36,6.27,3.81
BATCH_048,81,15.5,0.0,2.36,6.27,4.22
BATCH_048,82,15.5,0.0,2.36,6.27,4.29
BATCH_048,83,15.5,0.0,2.36,6.27,4.01
BATCH_048,84,15.5,0.0,2.36,6.27,4.36
BATCH_048,85,15.5,0.0,2.36,6.27,3.8
BATCH_048,86,15.51,0.0,2.36,6.27,3.83
BATCH_048,87,15.51,0.0,2.36,6.27,4.16
BATCH_048,88,15.51,0.0,2.36,6.27,4.14
BATCH_048,89,15.51,0.0,2.36,6.27,3.99
BATCH_048,90,15.51,0.0,2.36,6.27,4.29
BATCH_048,91,15.51,0.0,2.36,6.27,4.24
BATCH_048,92,15.51,0.0,2.36,6.27,4.3
BATCH_048,93,15.51,0.0,2.36,6.27,4.11
BATCH_048,94,15.51,0.0,2.36,6.27,4.25
BATCH_048,95,15.51,0.0,2.36,6.27,4.04
BATCH_048,96,15.51,0.0,2.36,6.27,4.54
BATCH_048,97,15.51,0.0,2.36,6.27,3.97
BATCH_048,98,15.51,0.0,2.36,6.27,4.55
BATCH_048,99,15.51,0.0,2.36,6.27,4.14
BATCH_048,100,15.51,0.0,2.36,6.27,3.86
BATCH_048,101,15.51,0.0,2.36,6.27,4.41
BATCH_048,102,15.51,0.0,2.36,6.27,4.16
BATCH_048,103,15.51,0.0,2.36,6.27,4.3
BATCH_048,104,15.51,0.0,2.36,6.27,4.38
BATCH_048,105,15.51,0.0,2.36,6.27,4.2
BATCH_048,106,15.51,0.0,2.36,6.27,4.02
BATCH_048,107,15.51,0.0,2.36,6.27,4.33
BATCH_048,108,15.51,0.0,2.36,6.27,4.13
BATCH_048,109,15.51,0.0,2.36,6.27,4.27
BATCH_048,110,15.51,0.0,2.36,6.27,3.7
BATCH_048,111,15.51,0.0,2.36,6.27,4.22
BATCH_048,112,15.51,0.0,2.36,6.27,4.01
BATCH_048,113,15.51,0.0,2.36,6.27,4.46
BATCH_048,114,15.51,0.0,2.36,6.27,4.26
BATCH_048,115,15.51,0.0,2.36,6.27,4.18
BATCH_048,116,15.51,0.0,2.36,6.27,4.23
BATCH_048,117,15.51,0.0,2.36,6.27,3.93
BATCH_048,118,15.51,0.0,2.36,6.27,4.46
BATCH_048,119,15.51,0.0,2.36,6.27,4.53
BATCH_048,120,15.51,0.0,2.36,6.27,4.21
BATCH_049,0,12.19,14.48,0.48,0.0,6.19
BATCH_049,1,12.19,14.21,0.51,0.12,6.59
BATCH_049,2,12.2,13.92,0.56,0.26,7.0
BATCH_049,3,12.2,13.6,0.6,0.4,6.97
BATCH_049,4,12.21,13.27,0.65,0.56,7.71
BATCH_049,5,12.22,12.9,0.7,0.72,7.87
BATCH_049,6,12.23,12.51,0.75,0.9,8.55
BATCH_049,7,12.24,12.09,0.81,1.1,9.27
BATCH_049,8,12.25,11.64,0.87,1.3,9.5
BATCH_049,9,12.26,11.15,0.94,1.53,10.42
BATCH_049,10,12.28,10.63,1.02,1.77,10.65
BATCH_049,11,12.3,10.07,1.09,2.03,11.86
BATCH_049,12,12.31,9.47,1.18,2.3,12.21
BATCH_049,13,12.34,8.83,1.27,2.6,12.88
BATCH_049,14,12.36,8.14,1.36,2.91,13.56
BATCH_049,15,12.38,7.41,1.47,3.25,14.51
BATCH_049,16,12.41,6.63,1.58,3.61,15.01
BATCH_049,17,12.45,5.81,1.69,3.99,16.01
BATCH_049,18,12.48,4.94,1.81,4.39,16.97
BATCH_049,19,12.52,4.04,1.94,4.8,17.13
BATCH_049,20,12.57,3.12,2.07,5.23,16.98
BATCH_049,21,12.61,2.19,2.2,5.65,16.57
BATCH_049,22,12.67,1.31,2.32,6.06,14.47
BATCH_049,23,12.72,0.55,2.43,6.41,10.31
BATCH_049,24,12.79,0.07,2.49,6.63,3.47
BATCH_049,25,12.85,0.0,2.51,6.66,2.2
BATCH_049,26,12.93,0.0,2.51,6.66,2.38
BATCH_049,27,13.01,0.0,2.51,6.66,2.23
BATCH_049,28,13.09,0.0,2.51,6.66,2.3
BATCH_049,29,13.18,0.0,2.51,6.66,2.72
BATCH_049,30,13.27,0.0,2.51,6.66,2.13
BATCH_049,31,13.37,0.0,2.51,6.66,2.72
BATCH_049,32,13.47,0.0,2.51,6.66,2.58
BATCH_049,33,13.57,0.0,2.51,6.66,2.62
BATCH_049,34,13.68,0.0,2.51,6.66,2.65
BATCH_049,35,13.79,0.0,2.51,6.66,2.87
BATCH_049,36,13.9,0.0,2.51,6.66,2.91
BATCH_049,37,14.01,0.0,2.51,6.66,2.92
BATCH_049,38,14.12,0.0,2.51,6.66,2.95
BATCH_049,39,14.22,0.0,2.51,6.66,2.79
BATCH_049,40,14.33,0.0,2.51,6.66,3.1
BATCH_049,41,14.43,0.0,2.51,6.66,3.22
BATCH_049,42,14.53,0.0,2.51,6.66,3.42
BATCH_049,43,14.62,0.0,2.51,6.66,3.86
BATCH_049,44,14.71,0.0,2.51,6.66,3.41
BATCH_049,45,14.79,0.0,2.51,6.66,3.39
BATCH_049,46,14.87,0.0,2.51,6.66,3.51
BATCH_049,47,14.94,0.0,2.51,6.66,3.74
BATCH_049,48,15.01,0.0,2.51,6.66,3.87
BATCH_049,49,15.07,0.0,2.51,6.66,3.95
BATCH_049,50,15.13,0.0,2.51,6.66,4.01
BATCH_049,51,15.18,0.0,2.51,6.66,4.08
BATCH_049,52,15.23,0.0,2.51,6.66,3.87
BATCH_049,53,15.27,0.0,2.51,6.66,4.37
BATCH_049,54,15.31,0.0,2.51,6.66,3.91
BATCH_049,55,15.35,0.0,2.51,6.66,4.03
BATCH_049,56,15.38,0.0,2.51,6.66,4.3
BATCH_049,57,15.41,0.0,2.51,6.66,4.17
BATCH_049,58,15.44,0.0,2.51,6.66,3.63
BATCH_049,59,15.46,0.0,2.51,6.66,4.1
BATCH_049,60,15.48,0.0,2.51,6.66,4.28
BATCH_049,61,15.5,0.0,2.51,6.66,3.86
BATCH_049,62,15.52,0.0,2.51,6.66,4.29
BATCH_049,63,15.53,0.0,2.51,6.66,4.23
BATCH_049,64,15.55,0.0,2.51,6.66,4.4
BATCH_049,65,15.56,0.0,2.51,6.66,4.03
BATCH_049,66,15.57,0.0,2.51,6.66,4.37
BATCH_049,67,15.58,0.0,2.51,6.66,4.21
BATCH_049,68,15.59,0.0,2.51,6.66,4.54
BATCH_049,69,15.59,0.0,2.51,6.66,4.75
BATCH_049,70,15.6,0.0,2.51,6.66,4.51
BATCH_049,71,15.6,0.0,2.51,6.66,4.3
BATCH_049,72,15.61,0.0,2.51,6.66,4.67
BATCH_049,73,15.61,0.0,2.51,6.66,4.33
BATCH_049,74,15.62,0.0,2.51,6.66,4.03
BATCH_049,75,15.62,0.0,2.51,6.66,4.21
BATCH_049,76,15.62,0.0,2.51,6.66,4.37
BATCH_049,77,15.63,0.0,2.51,6.66,4.39
BATCH_049,78,15.63,0.0,2.51,6.66,4.0
BATCH_049,79,15.63,0.0,2.51,6.66,4.01
BATCH_049,80,15.63,0.0,2.51,6.66,4.16
BATCH_049,81,15.64,0.0,2.51,6.66,4.33
BATCH_049,82,15.64,0.0,2.51,6.66,4.36
BATCH_049,83,15.64,0.0,2.51,6.66,4.26
BATCH_049,84,15.64,0.0,2.51,6.66,4.06
BATCH_049,85,15.64,0.0,2.51,6.66,4.58
BATCH_049,86,15.64,0.0,2.51,6.66,4.02
BATCH_049,87,15.64,0.0,2.51,6.66,4.49
BATCH_049,88,15.64,0.0,2.51,6.66,4.38
BATCH_049,89,15.64,0.0,2.51,6.66,4.49
BATCH_049,90,15.64,0.0,2.51,6.66,4.14
BATCH_049,91,15.64,0.0,2.51,6.66,4.2
BATCH_049,92,15.64,0.0,2.51,6.66,4.24
BATCH_049,93,15.65,0.0,2.51,6.66,4.14
BATCH_049,94,15.65,0.0,2.51,6.66,4.28
BATCH_049,95,15.65,0.0,2.51,6.66,4.55
BATCH_049,96,15.65,0.0,2.51,6.66,3.98
BATCH_049,97,15.65,0.0,2.51,6.66,4.1
BATCH_049,98,15.65,0.0,2.51,6.66,4.08
BATCH_049,99,15.65,0.0,2.51,6.66,4.22
BATCH_049,100,15.65,0.0,2.51,6.66,4.21
BATCH_049,101,15.65,0.0,2.51,6.66,4.39
BATCH_049,102,15.65,0.0,2.51,6.66,4.24
BATCH_049,103,15.65,0.0,2.51,6.66,4.3
BATCH_049,104,15.65,0.0,2.51,6.66,4.32
BATCH_049,105,15.65,0.0,2.51,6.66,4.28
BATCH_049,106,15.65,0.0,2.51,6.66,4.38
BATCH_049,107,15.65,0.0,2.51,6.66,4.21
BATCH_049,108,15.65,0.0,2.51,6.66,4.57
BATCH_049,109,15.65,0.0,2.51,6.66,4.74
BATCH_049,110,15.65,0.0,2.51,6.66,4.38
BATCH_049,111,15.65,0.0,2.51,6.66,4.28
BATCH_049,112,15.65,0.0,2.51,6.66,4.36
BATCH_049,113,15.65,0.0,2.51,6.66,4.02
BATCH_049,114,15.65,0.0,2.51,6.66,4.27
BATCH_049,115,15.65,0.0,2.51,6.66,4.09
BATCH_049,116,15.65,0.0,2.51,6.66,4.34
BATCH_049,117,15.65,0.0,2.51,6.66,4.09
BATCH_049,118,15.65,0.0,2.51,6.66,4.17
BATCH_049,119,15.65,0.0,2.51,6.66,3.86
BATCH_049,120,15.65,0.0,2.51,6.66,4.0
BATCH_050,0,12.5,14.11,0.47,0.0,6.46
BATCH_050,1,12.5,13.84,0.5,0.12,6.7
BATCH_050,2,12.51,13.55,0.54,0.25,6.8
BATCH_050,3,12.51,13.25,0.59,0.4,7.33
BATCH_050,4,12.52,12.91,0.63,0.55,7.6
BATCH_050,5,12.53,12.55,0.68,0.71,8.43
BATCH_050,6,12.54,12.17,0.74,0.89,8.6
BATCH_050,7,12.55,11.75,0.79,1.08,9.4
BATCH_050,8,12.56,11.31,0.86,1.29,9.79
BATCH_050,9,12.57,10.82,0.92,1.51,10.44
BATCH_050,10,12.59,10.31,1.0,1.75,11.13
BATCH_050,11,12.6,9.75,1.07,2.0,11.62
BATCH_050,12,12.62,9.16,1.16,2.28,12.52
BATCH_050,13,12.64,8.52,1.25,2.57,13.52
BATCH_050,14,12.67,7.84,1.34,2.88,13.82
BATCH_050,15,12.69,7.11,1.44,3.22,14.98
BATCH_050,16,12.72,6.34,1.55,3.57,15.79
BATCH_050,17,12.76,5.53,1.67,3.95,16.03
BATCH_050,18,12.79,4.67,1.79,4.34,16.49
BATCH_050,19,12.83,3.78,1.91,4.75,17.2
BATCH_050,20,12.87,2.87,2.04,5.17,16.95
BATCH_050,21,12.92,1.97,2.16,5.58,16.53
BATCH_050,22,12.98,1.12,2.28,5.97,13.72
BATCH_050,23,13.03,0.43,2.38,6.29,8.62
BATCH_050,24,13.1,0.03,2.44,6.47,2.62
BATCH_050,25,13.16,0.0,2.44,6.49,2.59
BATCH_050,26,13.24,0.0,2.44,6.49,2.31
BATCH_050,27,13.32,0.0,2.44,6.49,2.5
BATCH_050,28,13.4,0.0,2.44,6.49,2.74
BATCH_050,29,13.49,0.0,2.44,6.49,2.52
BATCH_050,30,13.58,0.0,2.44,6.49,2.68
BATCH_050,31,13.68,0.0,2.44,6.49,2.75
BATCH_050,32,13.78,0.0,2.44,6.49,2.97
BATCH_050,33,13.88,0.0,2.44,6.49,3.03
BATCH_050,34,13.99,0.0,2.44,6.49,2.95
BATCH_050,35,14.1,0.0,2.44,6.49,3.09
BATCH_050,36,14.21,0.0,2.44,6.49,3.08
BATCH_050,37,14.32,0.0,2.44,6.49,2.94
BATCH_050,38,14.42,0.0,2.44,6.49,3.37
BATCH_050,39,14.53,0.0,2.44,6.49,3.78
BATCH_050,40,14.64,0.0,2.44,6.49,3.3
BATCH_050,41,14.74,0.0,2.44,6.49,3.4
BATCH_050,42,14.83,0.0,2.44,6.49,3.45
BATCH_050,43,14.93,0.0,2.44,6.49,3.84
BATCH_050,44,15.02,0.0,2.44,6.49,3.85
BATCH_050,45,15.1,0.0,2.44,6.49,3.79
BATCH_050,46,15.18,0.0,2.44,6.49,3.7
BATCH_050,47,15.25,0.0,2.44,6.49,3.96
BATCH_050,48,15.32,0.0,2.44,6.49,3.68
BATCH_050,49,15.38,0.0,2.44,6.49,4.06
BATCH_050,50,15.44,0.0,2.44,6.49,4.25
BATCH_050,51,15.49,0.0,2.44,6.49,3.87
BATCH_050,52,15.54,0.0,2.44,6.49,3.85
BATCH_050,53,15.58,0.0,2.44,6.49,4.5
BATCH_050,54,15.62,0.0,2.44,6.49,4.1
BATCH_050,55,15.66,0.0,2.44,6.49,4.47
BATCH_050,56,15.69,0.0,2.44,6.49,4.24
BATCH_050,57,15.72,0.0,2.44,6.49,4.26
BATCH_050,58,15.75,0.0,2.44,6.49,4.4
BATCH_050,59,15.77,0.0,2.44,6.49,4.15
BATCH_050,60,15.79,0.0,2.44,6.49,4.37
BATCH_050,61,15.81,0.0,2.44,6.49,4.28
BATCH_050,62,15.83,0.0,2.44,6.49,4.11
BATCH_050,63,15.84,0.0,2.44,6.49,4.45
BATCH_050,64,15.85,0.0,2.44,6.49,4.34
BATCH_050,65,15.87,0.0,2.44,6.49,4.37
BATCH_050,66,15.88,0.0,2.44,6.49,4.17
BATCH_050,67,15.89,0.0,2.44,6.49,4.73
BATCH_050,68,15.89,0.0,2.44,6.49,4.6
BATCH_050,69,15.9,0.0,2.44,6.49,4.62
BATCH_050,70,15.91,0.0,2.44,6.49,4.37
BATCH_050,71,15.91,0.0,2.44,6.49,4.09
BATCH_050,72,15.92,0.0,2.44,6.49,4.83
BATCH_050,73,15.92,0.0,2.44,6.49,4.43
BATCH_050,74,15.93,0.0,2.44,6.49,4.3
BATCH_050,75,15.93,0.0,2.44,6.49,4.53
BATCH_050,76,15.93,0.0,2.44,6.49,4.68
BATCH_050,77,15.94,0.0,2.44,6.49,4.45
BATCH_050,78,15.94,0.0,2.44,6.49,4.71
BATCH_050,79,15.94,0.0,2.44,6.49,4.67
BATCH_050,80,15.94,0.0,2.44,6.49,4.24
BATCH_050,81,15.94,0.0,2.44,6.49,4.32
BATCH_050,82,15.95,0.0,2.44,6.49,4.65
BATCH_050,83,15.95,0.0,2.44,6.49,3.92
BATCH_050,84,15.95,0.0,2.44,6.49,4.43
BATCH_050,85,15.95,0.0,2.44,6.49,4.18
BATCH_050,86,15.95,0.0,2.44,6.49,4.37
BATCH_050,87,15.95,0.0,2.44,6.49,4.4
BATCH_050,88,15.95,0.0,2.44,6.49,4.39
BATCH_050,89,15.95,0.0,2.44,6.49,4.35
BATCH_050,90,15.95,0.0,2.44,6.49,4.25
BATCH_050,91,15.95,0.0,2.44,6.49,4.92
BATCH_050,92,15.95,0.0,2.44,6.49,4.84
BATCH_050,93,15.95,0.0,2.44,6.49,4.23
BATCH_050,94,15.95,0.0,2.44,6.49,4.78
BATCH_050,95,15.96,0.0,2.44,6.49,4.39
BATCH_050,96,15.96,0.0,2.44,6.49,4.49
BATCH_050,97,15.96,0.0,2.44,6.49,4.45
BATCH_050,98,15.96,0.0,2.44,6.49,4.33
BATCH_050,99,15.96,0.0,2.44,6.49,4.66
BATCH_050,100,15.96,0.0,2.44,6.49,4.49
BATCH_050,101,15.96,0.0,2.44,6.49,4.37
BATCH_050,102,15.96,0.0,2.44,6.49,4.21
BATCH_050,103,15.96,0.0,2.44,6.49,4.29
BATCH_050,104,15.96,0.0,2.44,6.49,4.14
BATCH_050,105,15.96,0.0,2.44,6.49,4.47
BATCH_050,106,15.96,0.0,2.44,6.49,4.23
BATCH_050,107,15.96,0.0,2.44,6.49,4.41
BATCH_050,108,15.96,0.0,2.44,6.49,4.74
BATCH_050,109,15.96,0.0,2.44,6.49,4.71
BATCH_050,110,15.96,0.0,2.44,6.49,4.46
BATCH_050,111,15.96,0.0,2.44,6.49,4.45
BATCH_050,112,15.96,0.0,2.44,6.49,4.84
BATCH_050,113,15.96,0.0,2.44,6.49,4.57
BATCH_050,114,15.96,0.0,2.44,6.49,4.4
BATCH_050,115,15.96,0.0,2.44,6.49,4.18
BATCH_050,116,15.96,0.0,2.44,6.49,4.55
BATCH_050,117,15.96,0.0,2.44,6.49,4.63
BATCH_050,118,15.96,0.0,2.44,6.49,4.34
BATCH_050,119,15.96,0.0,2.44,6.49,4.53
BATCH_050,120,15.96,0.0,2.44,6.49,4.4
BATCH_051,0,12.98,13.94,0.4,0.0,6.27
BATCH_051,1,12.98,13.71,0.43,0.11,5.91
BATCH_051,2,12.99,13.46,0.47,0.22,6.87
BATCH_051,3,12.99,13.19,0.51,0.35,6.85
BATCH_051,4,13.0,12.9,0.55,0.48,7.82
BATCH_051,5,13.01,12.58,0.59,0.63,7.67
BATCH_051,6,13.02,12.24,0.64,0.78,8.16
BATCH_051,7,13.03,11.87,0.69,0.95,8.93
BATCH_051,8,13.04,11.48,0.75,1.14,9.46
BATCH_051,9,13.05,11.05,0.81,1.33,9.79
BATCH_051,10,13.07,10.59,0.87,1.54,10.54
BATCH_051,11,13.08,10.09,0.94,1.77,11.19
BATCH_051,12,13.1,9.56,1.01,2.02,11.83
BATCH_051,13,13.12,8.99,1.09,2.28,12.37
BATCH_051,14,13.15,8.38,1.18,2.56,13.28
BATCH_051,15,13.17,7.72,1.27,2.86,14.21
BATCH_051,16,13.2,7.02,1.37,3.18,14.44
BATCH_051,17,13.24,6.28,1.47,3.53,15.27
BATCH_051,18,13.27,5.49,1.58,3.89,16.15
BATCH_051,19,13.31,4.66,1.7,4.27,16.53
BATCH_051,20,13.35,3.79,1.82,4.67,16.77
BATCH_051,21,13.4,2.91,1.95,5.08,17.35
BATCH_051,22,13.46,2.03,2.07,5.48,15.93
BATCH_051,23,13.51,1.19,2.19,5.87,14.12
BATCH_051,24,13.58,0.49,2.28,6.19,9.88
BATCH_051,25,13.64,0.06,2.34,6.39,3.81
BATCH_051,26,13.72,0.0,2.35,6.41,2.71
BATCH_051,27,13.8,0.0,2.35,6.41,2.63
BATCH_051,28,13.88,0.0,2.35,6.41,2.98
BATCH_051,29,13.97,0.0,2.35,6.41,2.78
BATCH_051,30,14.06,0.0,2.35,6.41,3.1
BATCH_051,31,14.16,0.0,2.35,6.41,3.15
BATCH_051,32,14.26,0.0,2.35,6.41,3.22
BATCH_051,33,14.36,0.0,2.35,6.41,3.14
BATCH_051,34,14.47,0.0,2.35,6.41,3.76
BATCH_051,35,14.58,0.0,2.35,6.41,3.51
BATCH_051,36,14.69,0.0,2.35,6.41,3.46
BATCH_051,37,14.8,0.0,2.35,6.41,3.65
BATCH_051,38,14.91,0.0,2.35,6.41,3.52
BATCH_051,39,15.01,0.0,2.35,6.41,3.68
BATCH_051,40,15.12,0.0,2.35,6.41,4.32
BATCH_051,41,15.22,0.0,2.35,6.41,3.76
BATCH_051,42,15.31,0.0,2.35,6.41,3.97
BATCH_051,43,15.41,0.0,2.35,6.41,3.96
BATCH_051,44,15.5,0.0,2.35,6.41,3.91
BATCH_051,45,15.58,0.0,2.35,6.41,4.27
BATCH_051,46,15.66,0.0,2.35,6.41,4.25
BATCH_051,47,15.73,0.0,2.35,6.41,4.48
BATCH_051,48,15.8,0.0,2.35,6.41,4.51
BATCH_051,49,15.86,0.0,2.35,6.41,4.58
BATCH_051,50,15.92,0.0,2.35,6.41,4.26
BATCH_051,51,15.97,0.0,2.35,6.41,4.61
BATCH_051,52,16.02,0.0,2.35,6.41,4.65
BATCH_051,53,16.06,0.0,2.35,6.41,4.34
BATCH_051,54,16.1,0.0,2.35,6.41,4.51
BATCH_051,55,16.14,0.0,2.35,6.41,4.31
BATCH_051,56,16.17,0.0,2.35,6.41,4.76
BATCH_051,57,16.2,0.0,2.35,6.41,4.78
BATCH_051,58,16.23,0.0,2.35,6.41,4.96
BATCH_051,59,16.25,0.0,2.35,6.41,4.64
BATCH_051,60,16.27,0.0,2.35,6.41,4.79
BATCH_051,61,16.29,0.0,2.35,6.41,4.92
BATCH_051,62,16.31,0.0,2.35,6.41,4.58
BATCH_051,63,16.32,0.0,2.35,6.41,4.56
BATCH_051,64,16.33,0.0,2.35,6.41,4.61
BATCH_051,65,16.35,0.0,2.35,6.41,4.69
BATCH_051,66,16.36,0.0,2.35,6.41,4.59
BATCH_051,67,16.37,0.0,2.35,6.41,4.64
BATCH_051,68,16.37,0.0,2.35,6.41,4.96
BATCH_051,69,16.38,0.0,2.35,6.41,4.77
BATCH_051,70,16.39,0.0,2.35,6.41,4.85
BATCH_051,71,16.39,0.0,2.35,6.41,4.69
BATCH_051,72,16.4,0.0,2.35,6.41,4.68
BATCH_051,73,16.4,0.0,2.35,6.41,4.86
BATCH_051,74,16.41,0.0,2.35,6.41,4.83
BATCH_051,75,16.41,0.0,2.35,6.41,4.96
BATCH_051,76,16.41,0.0,2.35,6.41,5.07
BATCH_051,77,16.42,0.0,2.35,6.41,4.67
BATCH_051,78,16.42,0.0,2.35,6.41,4.99
BATCH_051,79,16.42,0.0,2.35,6.41,4.6
BATCH_051,80,16.42,0.0,2.35,6.41,5.23
BATCH_051,81,16.42,0.0,2.35,6.41,4.66
BATCH_051,82,16.43,0.0,2.35,6.41,4.96
BATCH_051,83,16.43,0.0,2.35,6.41,4.6
BATCH_051,84,16.43,0.0,2.35,6.41,4.79
BATCH_051,85,16.43,0.0,2.35,6.41,5.13
BATCH_051,86,16.43,0.0,2.35,6.41,4.66
BATCH_051,87,16.43,0.0,2.35,6.41,5.26
BATCH_051,88,16.43,0.0,2.35,6.41,4.82
BATCH_051,89,16.43,0.0,2.35,6.41,5.02
BATCH_051,90,16.43,0.0,2.35,6.41,4.91
BATCH_051,91,16.43,0.0,2.35,6.41,4.92
BATCH_051,92,16.43,0.0,2.35,6.41,4.54
BATCH_051,93,16.43,0.0,2.35,6.41,4.73
BATCH_051,94,16.43,0.0,2.35,6.41,5.07
BATCH_051,95,16.44,0.0,2.35,6.41,4.76
BATCH_051,96,16.44,0.0,2.35,6.41,4.85
BATCH_051,97,16.44,0.0,2.35,6.41,4.52
BATCH_051,98,16.44,0.0,2.35,6.41,4.72
BATCH_051,99,16.44,0.0,2.35,6.41,5.05
BATCH_051,100,16.44,0.0,2.35,6.41,4.57
BATCH_051,101,16.44,0.0,2.35,6.41,4.97
BATCH_051,102,16.44,0.0,2.35,6.41,4.86
BATCH_051,103,16.44,0.0,2.35,6.41,4.78
BATCH_051,104,16.44,0.0,2.35,6.41,4.77
BATCH_051,105,16.44,0.0,2.35,6.41,4.73
BATCH_051,106,16.44,0.0,2.35,6.41,4.75
BATCH_051,107,16.44,0.0,2.35,6.41,5.01
BATCH_051,108,16.44,0.0,2.35,6.41,4.74
BATCH_051,109,16.44,0.0,2.35,6.41,5.19
BATCH_051,110,16.44,0.0,2.35,6.41,4.89
BATCH_051,111,16.44,0.0,2.35,6.41,4.71
BATCH_051,112,16.44,0.0,2.35,6.41,5.02
BATCH_051,113,16.44,0.0,2.35,6.41,4.95
BATCH_051,114,16.44,0.0,2.35,6.41,4.5
BATCH_051,115,16.44,0.0,2.35,6.41,4.62
BATCH_051,116,16.44,0.0,2.35,6.41,4.8
BATCH_051,117,16.44,0.0,2.35,6.41,4.51
BATCH_051,118,16.44,0.0,2.35,6.41,5.25
BATCH_051,119,16.44,0.0,2.35,6.41,4.99
BATCH_051,120,16.44,0.0,2.35,6.41,4.83
BATCH_052,0,12.29,13.9,0.48,0.0,5.77
BATCH_052,1,12.3,13.63,0.51,0.12,6.11
BATCH_052,2,12.3,13.34,0.55,0.26,6.58
BATCH_052,3,12.31,13.03,0.6,0.4,7.47
BATCH_052,4,12.32,12.69,0.65,0.56,7.94
BATCH_052,5,12.33,12.33,0.7,0.72,8.08
BATCH_052,6,12.34,11.94,0.75,0.9,8.81
BATCH_052,7,12.35,11.52,0.81,1.09,9.48
BATCH_052,8,12.36,11.07,0.87,1.3,10.12
BATCH_052,9,12.37,10.58,0.94,1.53,10.31
BATCH_052,10,12.39,10.06,1.01,1.76,10.54
BATCH_052,11,12.4,9.5,1.09,2.02,11.5
BATCH_052,12,12.42,8.91,1.17,2.3,12.28
BATCH_052,13,12.44,8.27,1.26,2.59,13.03
BATCH_052,14,12.47,7.58,1.36,2.9,13.79
BATCH_052,15,12.49,6.86,1.46,3.24,14.8
BATCH_052,16,12.52,6.09,1.57,3.59,15.55
BATCH_052,17,12.55,5.28,1.68,3.97,15.92
BATCH_052,18,12.59,4.43,1.8,4.36,16.7
BATCH_052,19,12.63,3.54,1.93,4.76,16.81
BATCH_052,20,12.67,2.65,2.05,5.17,16.54
BATCH_052,21,12.72,1.77,2.17,5.58,15.57
BATCH_052,22,12.77,0.96,2.29,5.95,12.6
BATCH_052,23,12.83,0.32,2.38,6.24,7.77
BATCH_052,24,12.89,0.01,2.42,6.39,1.88
BATCH_052,25,12.96,0.01,2.42,6.39,2.12
BATCH_052,26,13.03,0.01,2.42,6.39,2.25
BATCH_052,27,13.11,0.01,2.42,6.39,2.42
BATCH_052,28,13.2,0.01,2.42,6.39,2.65
BATCH_052,29,13.29,0.01,2.42,6.39,2.46
BATCH_052,30,13.38,0.01,2.42,6.39,2.25
BATCH_052,31,13.48,0.01,2.42,6.39,2.78
BATCH_052,32,13.58,0.01,2.42,6.39,2.83
BATCH_052,33,13.68,0.01,2.42,6.39,2.37
BATCH_052,34,13.79,0.01,2.42,6.39,2.84
BATCH_052,35,13.9,0.01,2.42,6.39,2.6
BATCH_052,36,14.01,0.01,2.42,6.39,2.87
BATCH_052,37,14.11,0.01,2.42,6.39,2.91
BATCH_052,38,14.22,0.01,2.42,6.39,3.33
BATCH_052,39,14.33,0.01,2.42,6.39,3.27
BATCH_052,40,14.43,0.01,2.42,6.39,3.07
BATCH_052,41,14.54,0.01,2.42,6.39,3.58
BATCH_052,42,14.63,0.01,2.42,6.39,3.19
BATCH_052,43,14.73,0.01,2.42,6.39,3.61
BATCH_052,44,14.81,0.01,2.42,6.39,3.45
BATCH_052,45,14.9,0.01,2.42,6.39,3.6
BATCH_052,46,14.98,0.01,2.42,6.39,3.83
BATCH_052,47,15.05,0.01,2.42,6.39,3.89
BATCH_052,48,15.12,0.01,2.42,6.39,4.11
BATCH_052,49,15.18,0.01,2.42,6.39,3.87
BATCH_052,50,15.24,0.01,2.42,6.39,3.99
BATCH_052,51,15.29,0.01,2.42,6.39,3.88
BATCH_052,52,15.34,0.01,2.42,6.39,4.04
BATCH_052,53,15.38,0.01,2.42,6.39,4.12
BATCH_052,54,15.42,0.01,2.42,6.39,4.05
BATCH_052,55,15.46,0.01,2.42,6.39,3.73
BATCH_052,56,15.49,0.01,2.42,6.39,4.18
BATCH_052,57,15.52,0.01,2.42,6.39,4.21
BATCH_052,58,15.55,0.01,2.42,6.39,4.02
BATCH_052,59,15.57,0.01,2.42,6.39,3.92
BATCH_052,60,15.59,0.01,2.42,6.39,4.49
BATCH_052,61,15.61,0.01,2.42,6.39,4.3
BATCH_052,62,15.62,0.01,2.42,6.39,4.17
BATCH_052,63,15.64,0.01,2.42,6.39,4.0
BATCH_052,64,15.65,0.01,2.42,6.39,4.08
BATCH_052,65,15.66,0.01,2.42,6.39,4.51
BATCH_052,66,15.68,0.01,2.42,6.39,4.28
BATCH_052,67,15.68,0.01,2.42,6.39,4.15
BATCH_052,68,15.69,0.01,2.42,6.39,4.37
BATCH_052,69,15.7,0.01,2.42,6.39,4.11
BATCH_052,70,15.71,0.01,2.42,6.39,4.58
BATCH_052,71,15.71,0.01,2.42,6.39,4.55
BATCH_052,72,15.72,0.01,2.42,6.39,4.19
BATCH_052,73,15.72,0.01,2.42,6.39,4.17
BATCH_052,74,15.73,0.01,2.42,6.39,3.77
BATCH_052,75,15.73,0.01,2.42,6.39,4.0
BATCH_052,76,15.73,0.01,2.42,6.39,4.03
BATCH_052,77,15.73,0.01,2.42,6.39,4.33
BATCH_052,78,15.74,0.01,2.42,6.39,4.24
BATCH_052,79,15.74,0.01,2.42,6.39,4.04
BATCH_052,80,15.74,0.01,2.42,6.39,4.25
BATCH_052,81,15.74,0.01,2.42,6.39,4.41
BATCH_052,82,15.74,0.01,2.42,6.39,4.41
BATCH_052,83,15.75,0.01,2.42,6.39,3.93
BATCH_052,84,15.75,0.01,2.42,6.39,4.28
BATCH_052,85,15.75,0.01,2.42,6.39,4.03
BATCH_052,86,15.75,0.01,2.42,6.39,4.49
BATCH_052,87,15.75,0.01,2.42,6.39,4.47
BATCH_052,88,15.75,0.01,2.42,6.39,4.13
BATCH_052,89,15.75,0.01,2.42,6.39,4.16
BATCH_052,90,15.75,0.01,2.42,6.39,4.22
BATCH_052,91,15.75,0.01,2.42,6.39,3.86
BATCH_052,92,15.75,0.01,2.42,6.39,4.38
BATCH_052,93,15.75,0.01,2.42,6.39,4.26
BATCH_052,94,15.75,0.01,2.42,6.39,4.51
BATCH_052,95,15.75,0.01,2.42,6.39,4.1
BATCH_052,96,15.75,0.01,2.42,6.39,4.19
BATCH_052,97,15.75,0.01,2.42,6.39,4.01
BATCH_052,98,15.75,0.01,2.42,6.39,4.11
BATCH_052,99,15.75,0.01,2.42,6.39,4.08
BATCH_052,100,15.75,0.01,2.42,6.39,4.51
BATCH_052,101,15.75,0.01,2.42,6.39,4.18
BATCH_052,102,15.75,0.01,2.42,6.39,4.34
BATCH_052,103,15.75,0.01,2.42,6.39,4.24
BATCH_052,104,15.75,0.01,2.42,6.39,4.06
BATCH_052,105,15.75,0.01,2.42,6.39,4.28
BATCH_052,106,15.75,0.01,2.42,6.39,4.44
BATCH_052,107,15.75,0.01,2.42,6.39,4.07
BATCH_052,108,15.76,0.01,2.42,6.39,4.48
BATCH_052,109,15.76,0.01,2.42,6.39,4.15
BATCH_052,110,15.76,0.01,2.42,6.39,4.22
BATCH_052,111,15.76,0.01,2.42,6.39,4.42
BATCH_052,112,15.76,0.01,2.42,6.39,4.18
BATCH_052,113,15.76,0.01,2.42,6.39,4.32
BATCH_052,114,15.76,0.01,2.42,6.39,4.25
BATCH_052,115,15.76,0.01,2.42,6.39,4.34
BATCH_052,116,15.76,0.01,2.42,6.39,3.84
BATCH_052,117,15.76,0.01,2.42,6.39,3.95
BATCH_052,118,15.76,0.01,2.42,6.39,4.44
BATCH_052,119,15.76,0.01,2.42,6.39,4.52
BATCH_052,120,15.76,0.01,2.42,6.39,4.13
BATCH_053,0,11.25,13.93,0.51,0.0,5.47
BATCH_053,1,11.26,13.65,0.55,0.13,6.02
BATCH_053,2,11.26,13.35,0.59,0.27,5.83
BATCH_053,3,11.27,13.03,0.64,0.41,6.78
BATCH_053,4,11.28,12.69,0.69,0.57,7.1
BATCH_053,5,11.29,12.32,0.74,0.74,7.31
BATCH_053,6,11.3,11.92,0.79,0.92,7.7
BATCH_053,7,11.31,11.49,0.85,1.12,8.53
BATCH_053,8,11.32,11.04,0.92,1.33,9.33
BATCH_053,9,11.33,10.55,0.98,1.55,9.58
BATCH_053,10,11.35,10.03,1.06,1.79,10.06
BATCH_053,11,11.36,9.47,1.14,2.05,10.91
BATCH_053,12,11.38,8.87,1.22,2.33,11.9
BATCH_053,13,11.4,8.23,1.31,2.62,12.31
BATCH_053,14,11.43,7.56,1.4,2.93,13.04
BATCH_053,15,11.45,6.84,1.5,3.26,13.88
BATCH_053,16,11.48,6.08,1.61,3.61,14.41
BATCH_053,17,11.51,5.28,1.72,3.98,14.77
BATCH_053,18,11.55,4.44,1.84,4.36,15.07
BATCH_053,19,11.59,3.58,1.96,4.76,15.48
BATCH_053,20,11.63,2.7,2.08,5.16,15.25
BATCH_053,21,11.68,1.84,2.2,5.56,14.58
BATCH_053,22,11.73,1.04,2.32,5.93,12.11
BATCH_053,23,11.79,0.39,2.41,6.23,7.28
BATCH_053,24,11.85,0.04,2.46,6.39,1.72
BATCH_053,25,11.92,0.0,2.46,6.41,1.8
BATCH_053,26,11.99,0.0,2.46,6.41,1.41
BATCH_053,27,12.07,0.0,2.46,6.41,1.68
BATCH_053,28,12.16,0.0,2.46,6.41,1.63
BATCH_053,29,12.24,0.0,2.46,6.41,1.73
BATCH_053,30,12.34,0.0,2.46,6.41,1.87
BATCH_053,31,12.44,0.0,2.46,6.41,1.69
BATCH_053,32,12.54,0.0,2.46,6.41,2.16
BATCH_053,33,12.64,0.0,2.46,6.41,1.66
BATCH_053,34,12.75,0.0,2.46,6.41,1.85
BATCH_053,35,12.86,0.0,2.46,6.41,2.4
BATCH_053,36,12.96,0.0,2.46,6.41,2.34
BATCH_053,37,13.07,0.0,2.46,6.41,2.81
BATCH_053,38,13.18,0.0,2.46,6.41,2.4
BATCH_053,39,13.29,0.0,2.46,6.41,2.81
BATCH_053,40,13.39,0.0,2.46,6.41,2.17
BATCH_053,41,13.49,0.0,2.46,6.41,2.34
BATCH_053,42,13.59,0.0,2.46,6.41,2.87
BATCH_053,43,13.69,0.0,2.46,6.41,2.42
BATCH_053,44,13.77,0.0,2.46,6.41,2.79
BATCH_053,45,13.86,0.0,2.46,6.41,3.13
BATCH_053,46,13.94,0.0,2.46,6.41,3.05
BATCH_053,47,14.01,0.0,2.46,6.41,3.01
BATCH_053,48,14.08,0.0,2.46,6.41,2.97
BATCH_053,49,14.14,0.0,2.46,6.41,3.14
BATCH_053,50,14.2,0.0,2.46,6.41,3.26
BATCH_053,51,14.25,0.0,2.46,6.41,3.05
BATCH_053,52,14.3,0.0,2.46,6.41,3.3
BATCH_053,53,14.34,0.0,2.46,6.41,3.47
BATCH_053,54,14.38,0.0,2.46,6.41,3.24
BATCH_053,55,14.42,0.0,2.46,6.41,3.33
BATCH_053,56,14.45,0.0,2.46,6.41,3.43
BATCH_053,57,14.48,0.0,2.46,6.41,3.47
BATCH_053,58,14.5,0.0,2.46,6.41,3.55
BATCH_053,59,14.53,0.0,2.46,6.41,3.19
BATCH_053,60,14.55,0.0,2.46,6.41,3.31
BATCH_053,61,14.57,0.0,2.46,6.41,3.33
BATCH_053,62,14.58,0.0,2.46,6.41,3.26
BATCH_053,63,14.6,0.0,2.46,6.41,3.09
BATCH_053,64,14.61,0.0,2.46,6.41,2.81
BATCH_053,65,14.62,0.0,2.46,6.41,3.71
BATCH_053,66,14.63,0.0,2.46,6.41,3.16
BATCH_053,67,14.64,0.0,2.46,6.41,3.8
BATCH_053,68,14.65,0.0,2.46,6.41,3.64
BATCH_053,69,14.66,0.0,2.46,6.41,3.41
BATCH_053,70,14.67,0.0,2.46,6.41,3.62
BATCH_053,71,14.67,0.0,2.46,6.41,3.59
BATCH_053,72,14.68,0.0,2.46,6.41,3.29
BATCH_053,73,14.68,0.0,2.46,6.41,3.51
BATCH_053,74,14.68,0.0,2.46,6.41,3.32
BATCH_053,75,14.69,0.0,2.46,6.41,3.65
BATCH_053,76,14.69,0.0,2.46,6.41,3.38
BATCH_053,77,14.69,0.0,2.46,6.41,3.5
BATCH_053,78,14.7,0.0,2.46,6.41,3.49
BATCH_053,79,14.7,0.0,2.46,6.41,3.55
BATCH_053,80,14.7,0.0,2.46,6.41,3.86
BATCH_053,81,14.7,0.0,2.46,6.41,3.48
BATCH_053,82,14.7,0.0,2.46,6.41,3.77
BATCH_053,83,14.7,0.0,2.46,6.41,3.62
BATCH_053,84,14.71,0.0,2.46,6.41,3.81
BATCH_053,85,14.71,0.0,2.46,6.41,3.46
BATCH_053,86,14.71,0.0,2.46,6.41,3.67
BATCH_053,87,14.71,0.0,2.46,6.41,3.52
BATCH_053,88,14.71,0.0,2.46,6.41,2.93
BATCH_053,89,14.71,0.0,2.46,6.41,3.31
BATCH_053,90,14.71,0.0,2.46,6.41,3.65
BATCH_053,91,14.71,0.0,2.46,6.41,3.64
BATCH_053,92,14.71,0.0,2.46,6.41,3.27
BATCH_053,93,14.71,0.0,2.46,6.41,3.58
BATCH_053,94,14.71,0.0,2.46,6.41,3.63
BATCH_053,95,14.71,0.0,2.46,6.41,3.53
BATCH_053,96,14.71,0.0,2.46,6.41,3.68
BATCH_053,97,14.71,0.0,2.46,6.41,3.65
BATCH_053,98,14.71,0.0,2.46,6.41,3.53
BATCH_053,99,14.71,0.0,2.46,6.41,3.43
BATCH_053,100,14.71,0.0,2.46,6.41,3.74
BATCH_053,101,14.71,0.0,2.46,6.41,3.63
BATCH_053,102,14.71,0.0,2.46,6.41,3.26
BATCH_053,103,14.71,0.0,2.46,6.41,3.58
BATCH_053,104,14.71,0.0,2.46,6.41,3.31
BATCH_053,105,14.71,0.0,2.46,6.41,3.34
BATCH_053,106,14.71,0.0,2.46,6.41,3.41
BATCH_053,107,14.71,0.0,2.46,6.41,3.54
BATCH_053,108,14.71,0.0,2.46,6.41,3.61
BATCH_053,109,14.71,0.0,2.46,6.41,3.45
BATCH_053,110,14.71,0.0,2.46,6.41,3.46
BATCH_053,111,14.71,0.0,2.46,6.41,3.44
BATCH_053,112,14.71,0.0,2.46,6.41,3.75
BATCH_053,113,14.71,0.0,2.46,6.41,2.97
BATCH_053,114,14.71,0.0,2.46,6.41,3.47
BATCH_053,115,14.71,0.0,2.46,6.41,3.84
BATCH_053,116,14.71,0.0,2.46,6.41,3.64
BATCH_053,117,14.71,0.0,2.46,6.41,3.79
BATCH_053,118,14.71,0.0,2.46,6.41,3.13
BATCH_053,119,14.71,0.0,2.46,6.41,3.29
BATCH_053,120,14.71,0.0,2.46,6.41,3.64
BATCH_054,0,11.54,14.47,0.45,0.0,5.2
BATCH_054,1,11.54,14.22,0.49,0.12,5.24
BATCH_054,2,11.55,13.95,0.53,0.24,6.29
BATCH_054,3,11.55,13.66,0.57,0.37,6.04
BATCH_054,4,11.56,13.35,0.61,0.52,6.7
BATCH_054,5,11.57,13.01,0.66,0.67,7.29
BATCH_054,6,11.58,12.65,0.71,0.83,7.64
BATCH_054,7,11.59,12.26,0.76,1.01,8.03
BATCH_054,8,11.6,11.85,0.82,1.2,8.21
BATCH_054,9,11.61,11.4,0.88,1.41,8.93
BATCH_054,10,11.63,10.93,0.95,1.63,9.71
BATCH_054,11,11.65,10.41,1.02,1.86,10.13
BATCH_054,12,11.67,9.87,1.1,2.12,10.97
BATCH_054,13,11.69,9.28,1.18,2.39,11.74
BATCH_054,14,11.71,8.65,1.27,2.67,12.5
BATCH_054,15,11.74,7.98,1.36,2.98,12.79
BATCH_054,16,11.76,7.27,1.46,3.31,14.21
BATCH_054,17,11.8,6.52,1.57,3.66,14.65
BATCH_054,18,11.83,5.72,1.68,4.02,15.18
BATCH_054,19,11.87,4.89,1.8,4.41,15.99
BATCH_054,20,11.92,4.01,1.92,4.81,16.65
BATCH_054,21,11.96,3.12,2.04,5.22,15.94
BATCH_054,22,12.02,2.23,2.17,5.63,15.59
BATCH_054,23,12.07,1.37,2.29,6.02,13.34
BATCH_054,24,12.14,0.63,2.39,6.37,9.92
BATCH_054,25,12.21,0.13,2.46,6.6,3.81
BATCH_054,26,12.28,0.0,2.48,6.65,1.7
BATCH_054,27,12.36,0.0,2.48,6.65,1.64
BATCH_054,28,12.44,0.0,2.48,6.65,1.42
BATCH_054,29,12.53,0.0,2.48,6.65,1.97
BATCH_054,30,12.62,0.0,2.48,6.65,2.26
BATCH_054,31,12.72,0.0,2.48,6.65,1.92
BATCH_054,32,12.82,0.0,2.48,6.65,2.2
BATCH_054,33,12.92,0.0,2.48,6.65,1.88
BATCH_054,34,13.03,0.0,2.48,6.65,2.37
BATCH_054,35,13.14,0.0,2.48,6.65,2.28
BATCH_054,36,13.25,0.0,2.48,6.65,2.28
BATCH_054,37,13.36,0.0,2.48,6.65,2.37
BATCH_054,38,13.47,0.0,2.48,6.65,2.52
BATCH_054,39,13.57,0.0,2.48,6.65,2.76
BATCH_054,40,13.68,0.0,2.48,6.65,2.5
BATCH_054,41,13.78,0.0,2.48,6.65,2.75
BATCH_054,42,13.88,0.0,2.48,6.65,2.9
BATCH_054,43,13.97,0.0,2.48,6.65,2.76
BATCH_054,44,14.06,0.0,2.48,6.65,3.4
BATCH_054,45,14.14,0.0,2.48,6.65,2.94
BATCH_054,46,14.22,0.0,2.48,6.65,3.03
BATCH_054,47,14.29,0.0,2.48,6.65,3.02
BATCH_054,48,14.36,0.0,2.48,6.65,3.63
BATCH_054,49,14.42,0.0,2.48,6.65,3.43
BATCH_054,50,14.48,0.0,2.48,6.65,3.17
BATCH_054,51,14.53,0.0,2.48,6.65,3.62
BATCH_054,52,14.58,0.0,2.48,6.65,3.48
BATCH_054,53,14.63,0.0,2.48,6.65,3.52
BATCH_054,54,14.67,0.0,2.48,6.65,3.43
BATCH_054,55,14.7,0.0,2.48,6.65,3.38
BATCH_054,56,14.73,0.0,2.48,6.65,3.62
BATCH_054,57,14.76,0.0,2.48,6.65,3.46
BATCH_054,58,14.79,0.0,2.48,6.65,3.95
BATCH_054,59,14.81,0.0,2.48,6.65,3.36
BATCH_054,60,14.83,0.0,2.48,6.65,3.93
BATCH_054,61,14.85,0.0,2.48,6.65,3.62
BATCH_054,62,14.87,0.0,2.48,6.65,3.71
BATCH_054,63,14.88,0.0,2.48,6.65,3.83
BATCH_054,64,14.9,0.0,2.48,6.65,3.55
BATCH_054,65,14.91,0.0,2.48,6.65,3.85
BATCH_054,66,14.92,0.0,2.48,6.65,3.15
BATCH_054,67,14.93,0.0,2.48,6.65,3.55
BATCH_054,68,14.94,0.0,2.48,6.65,3.52
BATCH_054,69,14.94,0.0,2.48,6.65,3.46
BATCH_054,70,14.95,0.0,2.48,6.65,3.67
BATCH_054,71,14.96,0.0,2.48,6.65,3.79
BATCH_054,72,14.96,0.0,2.48,6.65,3.86
BATCH_054,73,14.97,0.0,2.48,6.65,3.77
BATCH_054,74,14.97,0.0,2.48,6.65,3.59
BATCH_054,75,14.97,0.0,2.48,6.65,3.8
BATCH_054,76,14.98,0.0,2.48,6.65,3.76
BATCH_054,77,14.98,0.0,2.48,6.65,3.92
BATCH_054,78,14.98,0.0,2.48,6.65,3.89
BATCH_054,79,14.98,0.0,2.48,6.65,3.74
BATCH_054,80,14.98,0.0,2.48,6.65,3.56
BATCH_054,81,14.99,0.0,2.48,6.65,3.61
BATCH_054,82,14.99,0.0,2.48,6.65,3.63
BATCH_054,83,14.99,0.0,2.48,6.65,3.68
BATCH_054,84,14.99,0.0,2.48,6.65,3.8
BATCH_054,85,14.99,0.0,2.48,6.65,3.89
BATCH_054,86,14.99,0.0,2.48,6.65,3.73
BATCH_054,87,14.99,0.0,2.48,6.65,3.75
BATCH_054,88,14.99,0.0,2.48,6.65,3.77
BATCH_054,89,14.99,0.0,2.48,6.65,3.64
BATCH_054,90,14.99,0.0,2.48,6.65,3.56
BATCH_054,91,15.0,0.0,2.48,6.65,3.4
BATCH_054,92,15.0,0.0,2.48,6.65,3.61
BATCH_054,93,15.0,0.0,2.48,6.65,3.84
BATCH_054,94,15.0,0.0,2.48,6.65,3.61
BATCH_054,95,15.0,0.0,2.48,6.65,3.7
BATCH_054,96,15.0,0.0,2.48,6.65,3.84
BATCH_054,97,15.0,0.0,2.48,6.65,3.85
BATCH_054,98,15.0,0.0,2.48,6.65,3.53
BATCH_054,99,15.0,0.0,2.48,6.65,3.95
BATCH_054,100,15.0,0.0,2.48,6.65,3.97
BATCH_054,101,15.0,0.0,2.48,6.65,3.52
BATCH_054,102,15.0,0.0,2.48,6.65,3.58
BATCH_054,103,15.0,0.0,2.48,6.65,3.99
BATCH_054,104,15.0,0.0,2.48,6.65,3.72
BATCH_054,105,15.0,0.0,2.48,6.65,3.3
BATCH_054,106,15.0,0.0,2.48,6.65,3.47
BATCH_054,107,15.0,0.0,2.48,6.65,3.7
BATCH_054,108,15.0,0.0,2.48,6.65,3.52
BATCH_054,109,15.0,0.0,2.48,6.65,3.67
BATCH_054,110,15.0,0.0,2.48,6.65,3.76
BATCH_054,111,15.0,0.0,2.48,6.65,4.04
BATCH_054,112,15.0,0.0,2.48,6.65,3.69
BATCH_054,113,15.0,0.0,2.48,6.65,3.96
BATCH_054,114,15.0,0.0,2.48,6.65,4.03
BATCH_054,115,15.0,0.0,2.48,6.65,4.04
BATCH_054,116,15.0,0.0,2.48,6.65,3.81
BATCH_054,117,15.0,0.0,2.48,6.65,3.36
BATCH_054,118,15.0,0.0,2.48,6.65,3.84
BATCH_054,119,15.0,0.0,2.48,6.65,3.96
BATCH_054,120,15.0,0.0,2.48,6.65,3.73
BATCH_055,0,12.81,14.52,0.53,0.0,7.0
BATCH_055,1,12.81,14.21,0.58,0.14,7.95
BATCH_055,2,12.82,13.88,0.62,0.3,8.34
BATCH_055,3,12.83,13.52,0.67,0.46,8.55
BATCH_055,4,12.83,13.13,0.73,0.64,8.76
BATCH_055,5,12.84,12.71,0.79,0.83,9.27
BATCH_055,6,12.85,12.26,0.85,1.04,10.22
BATCH_055,7,12.86,11.77,0.92,1.27,10.65
BATCH_055,8,12.87,11.25,0.99,1.51,11.11
BATCH_055,9,12.89,10.69,1.07,1.77,11.84
BATCH_055,10,12.9,10.08,1.16,2.04,12.81
BATCH_055,11,12.92,9.43,1.25,2.34,13.72
BATCH_055,12,12.94,8.73,1.34,2.66,14.77
BATCH_055,13,12.96,7.99,1.45,3.01,15.42
BATCH_055,14,12.98,7.19,1.56,3.37,16.08
BATCH_055,15,13.01,6.35,1.68,3.76,17.04
BATCH_055,16,13.03,5.46,1.8,4.17,17.76
BATCH_055,17,13.07,4.52,1.93,4.6,18.42
BATCH_055,18,13.1,3.56,2.07,5.04,18.51
BATCH_055,19,13.14,2.58,2.21,5.5,18.34
BATCH_055,20,13.19,1.62,2.34,5.94,16.67
BATCH_055,21,13.23,0.76,2.46,6.33,12.51
BATCH_055,22,13.29,0.15,2.55,6.61,4.98
BATCH_055,23,13.35,0.0,2.57,6.68,2.69
BATCH_055,24,13.41,0.0,2.57,6.68,2.41
BATCH_055,25,13.48,0.0,2.57,6.68,2.31
BATCH_055,26,13.55,0.0,2.57,6.68,2.36
BATCH_055,27,13.63,0.0,2.57,6.68,2.56
BATCH_055,28,13.71,0.0,2.57,6.68,2.91
BATCH_055,29,13.8,0.0,2.57,6.68,2.76
BATCH_055,30,13.89,0.0,2.57,6.68,2.96
BATCH_055,31,13.99,0.0,2.57,6.68,2.89
BATCH_055,32,14.09,0.0,2.57,6.68,2.97
BATCH_055,33,14.2,0.0,2.57,6.68,2.94
BATCH_055,34,14.3,0.0,2.57,6.68,3.21
BATCH_055,35,14.41,0.0,2.57,6.68,3.27
BATCH_055,36,14.52,0.0,2.57,6.68,3.47
BATCH_055,37,14.63,0.0,2.57,6.68,3.53
BATCH_055,38,14.74,0.0,2.57,6.68,3.51
BATCH_055,39,14.84,0.0,2.57,6.68,3.33
BATCH_055,40,14.95,0.0,2.57,6.68,3.93
BATCH_055,41,15.05,0.0,2.57,6.68,3.77
BATCH_055,42,15.15,0.0,2.57,6.68,3.88
BATCH_055,43,15.24,0.0,2.57,6.68,4.25
BATCH_055,44,15.33,0.0,2.57,6.68,4.18
BATCH_055,45,15.41,0.0,2.57,6.68,4.15
BATCH_055,46,15.49,0.0,2.57,6.68,4.12
BATCH_055,47,15.56,0.0,2.57,6.68,4.17
BATCH_055,48,15.63,0.0,2.57,6.68,4.27
BATCH_055,49,15.69,0.0,2.57,6.68,4.35
BATCH_055,50,15.75,0.0,2.57,6.68,4.66
BATCH_055,51,15.8,0.0,2.57,6.68,4.85
BATCH_055,52,15.85,0.0,2.57,6.68,4.45
BATCH_055,53,15.9,0.0,2.57,6.68,3.99
BATCH_055,54,15.94,0.0,2.57,6.68,4.26
BATCH_055,55,15.97,0.0,2.57,6.68,4.84
BATCH_055,56,16.0,0.0,2.57,6.68,4.65
BATCH_055,57,16.03,0.0,2.57,6.68,4.61
BATCH_055,58,16.06,0.0,2.57,6.68,4.51
BATCH_055,59,16.08,0.0,2.57,6.68,4.32
BATCH_055,60,16.1,0.0,2.57,6.68,4.91
BATCH_055,61,16.12,0.0,2.57,6.68,4.43
BATCH_055,62,16.14,0.0,2.57,6.68,4.75
BATCH_055,63,16.15,0.0,2.57,6.68,4.36
BATCH_055,64,16.17,0.0,2.57,6.68,4.58
BATCH_055,65,16.18,0.0,2.57,6.68,4.83
BATCH_055,66,16.19,0.0,2.57,6.68,4.59
BATCH_055,67,16.2,0.0,2.57,6.68,4.57
BATCH_055,68,16.21,0.0,2.57,6.68,4.66
BATCH_055,69,16.21,0.0,2.57,6.68,4.39
BATCH_055,70,16.22,0.0,2.57,6.68,4.36
BATCH_055,71,16.23,0.0,2.57,6.68,4.81
BATCH_055,72,16.23,0.0,2.57,6.68,4.59
BATCH_055,73,16.24,0.0,2.57,6.68,4.82
BATCH_055,74,16.24,0.0,2.57,6.68,4.9
BATCH_055,75,16.24,0.0,2.57,6.68,4.92
BATCH_055,76,16.25,0.0,2.57,6.68,4.36
BATCH_055,77,16.25,0.0,2.57,6.68,4.55
BATCH_055,78,16.25,0.0,2.57,6.68,4.8
BATCH_055,79,16.25,0.0,2.57,6.68,4.8
BATCH_055,80,16.26,0.0,2.57,6.68,5.14
BATCH_055,81,16.26,0.0,2.57,6.68,4.51
BATCH_055,82,16.26,0.0,2.57,6.68,4.93
BATCH_055,83,16.26,0.0,2.57,6.68,4.77
BATCH_055,84,16.26,0.0,2.57,6.68,4.37
BATCH_055,85,16.26,0.0,2.57,6.68,4.59
BATCH_055,86,16.26,0.0,2.57,6.68,4.75
BATCH_055,87,16.26,0.0,2.57,6.68,4.36
BATCH_055,88,16.26,0.0,2.57,6.68,4.28
BATCH_055,89,16.26,0.0,2.57,6.68,4.35
BATCH_055,90,16.27,0.0,2.57,6.68,4.75
BATCH_055,91,16.27,0.0,2.57,6.68,4.6
BATCH_055,92,16.27,0.0,2.57,6.68,4.58
BATCH_055,93,16.27,0.0,2.57,6.68,4.58
BATCH_055,94,16.27,0.0,2.57,6.68,4.42
BATCH_055,95,16.27,0.0,2.57,6.68,4.61
BATCH_055,96,16.27,0.0,2.57,6.68,4.34
BATCH_055,97,16.27,0.0,2.57,6.68,4.94
BATCH_055,98,16.27,0.0,2.57,6.68,5.04
BATCH_055,99,16.27,0.0,2.57,6.68,4.24
BATCH_055,100,16.27,0.0,2.57,6.68,4.61
BATCH_055,101,16.27,0.0,2.57,6.68,4.62
BATCH_055,102,16.27,0.0,2.57,6.68,4.67
BATCH_055,103,16.27,0.0,2.57,6.68,4.9
BATCH_055,104,16.27,0.0,2.57,6.68,4.61
BATCH_055,105,16.27,0.0,2.57,6.68,4.68
BATCH_055,106,16.27,0.0,2.57,6.68,5.3
BATCH_055,107,16.27,0.0,2.57,6.68,4.68
BATCH_055,108,16.27,0.0,2.57,6.68,5.05
BATCH_055,109,16.27,0.0,2.57,6.68,4.8
BATCH_055,110,16.27,0.0,2.57,6.68,4.59
BATCH_055,111,16.27,0.0,2.57,6.68,4.56
BATCH_055,112,16.27,0.0,2.57,6.68,4.7
BATCH_055,113,16.27,0.0,2.57,6.68,4.48
BATCH_055,114,16.27,0.0,2.57,6.68,4.53
BATCH_055,115,16.27,0.0,2.57,6.68,4.62
BATCH_055,116,16.27,0.0,2.57,6.68,4.76
BATCH_055,117,16.27,0.0,2.57,6.68,5.07
BATCH_055,118,16.27,0.0,2.57,6.68,4.6
BATCH_055,119,16.27,0.0,2.57,6.68,4.79
BATCH_055,120,16.27,0.0,2.57,6.68,4.38
BATCH_056,0,11.23,14.32,0.43,0.0,4.95
BATCH_056,1,11.23,14.08,0.46,0.11,4.95
BATCH_056,2,11.24,13.83,0.5,0.22,5.28
BATCH_056,3,11.25,13.56,0.54,0.35,6.11
BATCH_056,4,11.25,13.27,0.58,0.48,5.92
BATCH_056,5,11.26,12.96,0.62,0.63,6.97
BATCH_056,6,11.27,12.62,0.67,0.78,6.98
BATCH_056,7,11.28,12.26,0.72,0.95,7.36
BATCH_056,8,11.29,11.88,0.77,1.12,7.91
BATCH_056,9,11.31,11.46,0.83,1.31,8.82
BATCH_056,10,11.32,11.02,0.89,1.52,8.65
BATCH_056,11,11.34,10.54,0.96,1.74,9.19
BATCH_056,12,11.36,10.03,1.03,1.97,9.86
BATCH_056,13,11.38,9.49,1.11,2.22,10.65
BATCH_056,14,11.4,8.9,1.19,2.49,10.96
BATCH_056,15,11.43,8.28,1.28,2.78,11.99
BATCH_056,16,11.46,7.62,1.37,3.08,13.03
BATCH_056,17,11.49,6.92,1.47,3.4,13.42
BATCH_056,18,11.52,6.17,1.57,3.75,14.02
BATCH_056,19,11.56,5.39,1.68,4.11,14.59
BATCH_056,20,11.61,4.57,1.8,4.48,15.42
BATCH_056,21,11.66,3.72,1.92,4.88,15.39
BATCH_056,22,11.71,2.85,2.04,5.27,15.85
BATCH_056,23,11.77,1.99,2.16,5.67,15.07
BATCH_056,24,11.83,1.18,2.27,6.04,12.63
BATCH_056,25,11.9,0.5,2.37,6.36,8.38
BATCH_056,26,11.97,0.08,2.42,6.55,3.01
BATCH_056,27,12.05,0.0,2.44,6.59,1.76
BATCH_056,28,12.13,0.0,2.44,6.59,1.44
BATCH_056,29,12.22,0.0,2.44,6.59,1.56
BATCH_056,30,12.31,0.0,2.44,6.59,1.47
BATCH_056,31,12.41,0.0,2.44,6.59,1.89
BATCH_056,32,12.51,0.0,2.44,6.59,2.02
BATCH_056,33,12.62,0.0,2.44,6.59,1.69
BATCH_056,34,12.72,0.0,2.44,6.59,1.95
BATCH_056,35,12.83,0.0,2.44,6.59,1.85
BATCH_056,36,12.94,0.0,2.44,6.59,2.03
BATCH_056,37,13.05,0.0,2.44,6.59,2.4
BATCH_056,38,13.16,0.0,2.44,6.59,2.22
BATCH_056,39,13.27,0.0,2.44,6.59,2.39
BATCH_056,40,13.37,0.0,2.44,6.59,2.2
BATCH_056,41,13.47,0.0,2.44,6.59,2.64
BATCH_056,42,13.57,0.0,2.44,6.59,2.67
BATCH_056,43,13.66,0.0,2.44,6.59,2.6
BATCH_056,44,13.75,0.0,2.44,6.59,2.77
BATCH_056,45,13.83,0.0,2.44,6.59,2.91
BATCH_056,46,13.91,0.0,2.44,6.59,2.77
BATCH_056,47,13.98,0.0,2.44,6.59,2.69
BATCH_056,48,14.05,0.0,2.44,6.59,3.4
BATCH_056,49,14.12,0.0,2.44,6.59,2.96
BATCH_056,50,14.17,0.0,2.44,6.59,3.11
BATCH_056,51,14.23,0.0,2.44,6.59,3.37
BATCH_056,52,14.27,0.0,2.44,6.59,3.91
BATCH_056,53,14.32,0.0,2.44,6.59,2.99
BATCH_056,54,14.36,0.0,2.44,6.59,3.36
BATCH_056,55,14.39,0.0,2.44,6.59,3.15
BATCH_056,56,14.43,0.0,2.44,6.59,3.21
BATCH_056,57,14.45,0.0,2.44,6.59,3.2
BATCH_056,58,14.48,0.0,2.44,6.59,3.14
BATCH_056,59,14.5,0.0,2.44,6.59,3.37
BATCH_056,60,14.53,0.0,2.44,6.59,3.1
BATCH_056,61,14.54,0.0,2.44,6.59,3.6
BATCH_056,62,14.56,0.0,2.44,6.59,3.43
BATCH_056,63,14.58,0.0,2.44,6.59,3.52
BATCH_056,64,14.59,0.0,2.44,6.59,3.35
BATCH_056,65,14.6,0.0,2.44,6.59,3.38
BATCH_056,66,14.61,0.0,2.44,6.59,3.52
BATCH_056,67,14.62,0.0,2.44,6.59,3.23
BATCH_056,68,14.63,0.0,2.44,6.59,3.4
BATCH_056,69,14.64,0.0,2.44,6.59,3.3
BATCH_056,70,14.64,0.0,2.44,6.59,3.3
BATCH_056,71,14.65,0.0,2.44,6.59,3.06
BATCH_056,72,14.65,0.0,2.44,6.59,3.76
BATCH_056,73,14.66,0.0,2.44,6.59,3.36
BATCH_056,74,14.66,0.0,2.44,6.59,3.73
BATCH_056,75,14.66,0.0,2.44,6.59,3.71
BATCH_056,76,14.67,0.0,2.44,6.59,3.24
BATCH_056,77,14.67,0.0,2.44,6.59,3.29
BATCH_056,78,14.67,0.0,2.44,6.59,4.02
BATCH_056,79,14.68,0.0,2.44,6.59,3.86
BATCH_056,80,14.68,0.0,2.44,6.59,3.5
BATCH_056,81,14.68,0.0,2.44,6.59,3.56
BATCH_056,82,14.68,0.0,2.44,6.59,3.38
BATCH_056,83,14.68,0.0,2.44,6.59,3.6
BATCH_056,84,14.68,0.0,2.44,6.59,3.37
BATCH_056,85,14.68,0.0,2.44,6.59,3.11
BATCH_056,86,14.68,0.0,2.44,6.59,3.25
BATCH_056,87,14.69,0.0,2.44,6.59,3.52
BATCH_056,88,14.69,0.0,2.44,6.59,3.29
BATCH_056,89,14.69,0.0,2.44,6.59,3.5
BATCH_056,90,14.69,0.0,2.44,6.59,3.3
BATCH_056,91,14.69,0.0,2.44,6.59,3.36
BATCH_056,92,14.69,0.0,2.44,6.59,3.69
BATCH_056,93,14.69,0.0,2.44,6.59,3.57
BATCH_056,94,14.69,0.0,2.44,6.59,3.51
BATCH_056,95,14.69,0.0,2.44,6.59,3.69
BATCH_056,96,14.69,0.0,2.44,6.59,3.61
BATCH_056,97,14.69,0.0,2.44,6.59,3.81
BATCH_056,98,14.69,0.0,2.44,6.59,3.43
BATCH_056,99,14.69,0.0,2.44,6.59,3.43
BATCH_056,100,14.69,0.0,2.44,6.59,3.26
BATCH_056,101,14.69,0.0,2.44,6.59,3.43
BATCH_056,102,14.69,0.0,2.44,6.59,3.71
BATCH_056,103,14.69,0.0,2.44,6.59,3.78
BATCH_056,104,14.69,0.0,2.44,6.59,3.71
BATCH_056,105,14.69,0.0,2.44,6.59,3.16
BATCH_056,106,14.69,0.0,2.44,6.59,3.73
BATCH_056,107,14.69,0.0,2.44,6.59,3.15
BATCH_056,108,14.69,0.0,2.44,6.59,3.7
BATCH_056,109,14.69,0.0,2.44,6.59,3.44
BATCH_056,110,14.69,0.0,2.44,6.59,3.66
BATCH_056,111,14.69,0.0,2.44,6.59,3.25
BATCH_056,112,14.69,0.0,2.44,6.59,3.75
BATCH_056,113,14.69,0.0,2.44,6.59,3.23
BATCH_056,114,14.69,0.0,2.44,6.59,3.38
BATCH_056,115,14.69,0.0,2.44,6.59,3.32
BATCH_056,116,14.69,0.0,2.44,6.59,3.17
BATCH_056,117,14.69,0.0,2.44,6.59,3.54
BATCH_056,118,14.69,0.0,2.44,6.59,3.88
BATCH_056,119,14.69,0.0,2.44,6.59,4.05
BATCH_056,120,14.69,0.0,2.44,6.59,3.54
BATCH_057,0,11.57,14.34,0.51,0.0,5.85
BATCH_057,1,11.58,14.05,0.55,0.13,6.19
BATCH_057,2,11.58,13.75,0.59,0.27,6.39
BATCH_057,3,11.59,13.43,0.64,0.42,7.34
BATCH_057,4,11.6,13.08,0.69,0.58,7.29
BATCH_057,5,11.6,12.7,0.74,0.75,7.84
BATCH_057,6,11.61,12.3,0.79,0.94,8.31
BATCH_057,7,11.62,11.87,0.85,1.13,9.27
BATCH_057,8,11.63,11.4,0.92,1.35,9.38
BATCH_057,9,11.65,10.91,0.99,1.58,9.96
BATCH_057,10,11.66,10.37,1.06,1.82,10.7
BATCH_057,11,11.68,9.8,1.14,2.09,11.2
BATCH_057,12,11.7,9.19,1.23,2.37,12.06
BATCH_057,13,11.72,8.54,1.32,2.67,13.24
BATCH_057,14,11.74,7.84,1.42,2.99,13.56
BATCH_057,15,11.77,7.1,1.52,3.33,14.3
BATCH_057,16,11.8,6.32,1.63,3.69,14.83
BATCH_057,17,11.83,5.49,1.75,4.07,15.98
BATCH_057,18,11.87,4.63,1.87,4.46,16.57
BATCH_057,19,11.91,3.73,1.99,4.88,16.66
BATCH_057,20,11.95,2.82,2.12,5.3,16.47
BATCH_057,21,12.0,1.92,2.25,5.71,15.3
BATCH_057,22,12.05,1.08,2.36,6.1,12.86
BATCH_057,23,12.11,0.4,2.46,6.41,7.59
BATCH_057,24,12.17,0.02,2.51,6.58,1.81
BATCH_057,25,12.24,0.0,2.52,6.59,1.38
BATCH_057,26,12.31,0.0,2.52,6.59,1.82
BATCH_057,27,12.39,0.0,2.52,6.59,1.52
BATCH_057,28,12.47,0.0,2.52,6.59,1.76
BATCH_057,29,12.56,0.0,2.52,6.59,1.91
BATCH_057,30,12.66,0.0,2.52,6.59,2.19
BATCH_057,31,12.75,0.0,2.52,6.59,1.95
BATCH_057,32,12.85,0.0,2.52,6.59,2.36
BATCH_057,33,12.96,0.0,2.52,6.59,2.41
BATCH_057,34,13.06,0.0,2.52,6.59,2.08
BATCH_057,35,13.17,0.0,2.52,6.59,2.6
BATCH_057,36,13.28,0.0,2.52,6.59,2.4
BATCH_057,37,13.39,0.0,2.52,6.59,2.44
BATCH_057,38,13.5,0.0,2.52,6.59,2.57
BATCH_057,39,13.61,0.0,2.52,6.59,2.7
BATCH_057,40,13.71,0.0,2.52,6.59,2.7
BATCH_057,41,13.81,0.0,2.52,6.59,2.69
BATCH_057,42,13.91,0.0,2.52,6.59,2.78
BATCH_057,43,14.0,0.0,2.52,6.59,3.03
BATCH_057,44,14.09,0.0,2.52,6.59,3.04
BATCH_057,45,14.17,0.0,2.52,6.59,3.24
BATCH_057,46,14.25,0.0,2.52,6.59,3.2
BATCH_057,47,14.33,0.0,2.52,6.59,3.26
BATCH_057,48,14.39,0.0,2.52,6.59,3.41
BATCH_057,49,14.46,0.0,2.52,6.59,3.63
BATCH_057,50,14.51,0.0,2.52,6.59,3.68
BATCH_057,51,14.57,0.0,2.52,6.59,3.69
BATCH_057,52,14.62,0.0,2.52,6.59,3.64
BATCH_057,53,14.66,0.0,2.52,6.59,3.91
BATCH_057,54,14.7,0.0,2.52,6.59,3.61
BATCH_057,55,14.73,0.0,2.52,6.59,3.62
BATCH_057,56,14.77,0.0,2.52,6.59,4.02
BATCH_057,57,14.8,0.0,2.52,6.59,3.05
BATCH_057,58,14.82,0.0,2.52,6.59,3.57
BATCH_057,59,14.85,0.0,2.52,6.59,3.88
BATCH_057,60,14.87,0.0,2.52,6.59,3.85
BATCH_057,61,14.88,0.0,2.52,6.59,4.18
BATCH_057,62,14.9,0.0,2.52,6.59,3.7
BATCH_057,63,14.92,0.0,2.52,6.59,3.6
BATCH_057,64,14.93,0.0,2.52,6.59,3.63
BATCH_057,65,14.94,0.0,2.52,6.59,3.77
BATCH_057,66,14.95,0.0,2.52,6.59,4.04
BATCH_057,67,14.96,0.0,2.52,6.59,4.05
BATCH_057,68,14.97,0.0,2.52,6.59,3.72
BATCH_057,69,14.98,0.0,2.52,6.59,3.78
BATCH_057,70,14.98,0.0,2.52,6.59,3.61
BATCH_057,71,14.99,0.0,2.52,6.59,3.64
BATCH_057,72,14.99,0.0,2.52,6.59,3.95
BATCH_057,73,15.0,0.0,2.52,6.59,4.07
BATCH_057,74,15.0,0.0,2.52,6.59,3.61
BATCH_057,75,15.01,0.0,2.52,6.59,3.8
BATCH_057,76,15.01,0.0,2.52,6.59,3.71
BATCH_057,77,15.01,0.0,2.52,6.59,3.93
BATCH_057,78,15.01,0.0,2.52,6.59,3.68
BATCH_057,79,15.02,0.0,2.52,6.59,3.38
BATCH_057,80,15.02,0.0,2.52,6.59,3.96
BATCH_057,81,15.02,0.0,2.52,6.59,3.7
BATCH_057,82,15.02,0.0,2.52,6.59,3.73
BATCH_057,83,15.02,0.0,2.52,6.59,3.85
BATCH_057,84,15.02,0.0,2.52,6.59,3.84
BATCH_057,85,15.02,0.0,2.52,6.59,3.86
BATCH_057,86,15.03,0.0,2.52,6.59,3.44
BATCH_057,87,15.03,0.0,2.52,6.59,3.88
BATCH_057,88,15.03,0.0,2.52,6.59,3.39
BATCH_057,89,15.03,0.0,2.52,6.59,3.92
BATCH_057,90,15.03,0.0,2.52,6.59,3.99
BATCH_057,91,15.03,0.0,2.52,6.59,3.5
BATCH_057,92,15.03,0.0,2.52,6.59,3.84
BATCH_057,93,15.03,0.0,2.52,6.59,3.98
BATCH_057,94,15.03,0.0,2.52,6.59,3.68
BATCH_057,95,15.03,0.0,2.52,6.59,3.91
BATCH_057,96,15.03,0.0,2.52,6.59,3.22
BATCH_057,97,15.03,0.0,2.52,6.59,3.99
BATCH_057,98,15.03,0.0,2.52,6.59,3.78
BATCH_057,99,15.03,0.0,2.52,6.59,3.72
BATCH_057,100,15.03,0.0,2.52,6.59,3.97
BATCH_057,101,15.03,0.0,2.52,6.59,4.12
BATCH_057,102,15.03,0.0,2.52,6.59,3.87
BATCH_057,103,15.03,0.0,2.52,6.59,4.1
BATCH_057,104,15.03,0.0,2.52,6.59,3.46
BATCH_057,105,15.03,0.0,2.52,6.59,3.91
BATCH_057,106,15.03,0.0,2.52,6.59,3.75
BATCH_057,107,15.03,0.0,2.52,6.59,3.62
BATCH_057,108,15.03,0.0,2.52,6.59,3.39
BATCH_057,109,15.03,0.0,2.52,6.59,3.9
BATCH_057,110,15.03,0.0,2.52,6.59,3.95
BATCH_057,111,15.03,0.0,2.52,6.59,4.04
BATCH_057,112,15.03,0.0,2.52,6.59,4.01
BATCH_057,113,15.03,0.0,2.52,6.59,3.62
BATCH_057,114,15.03,0.0,2.52,6.59,4.03
BATCH_057,115,15.03,0.0,2.52,6.59,4.05
BATCH_057,116,15.03,0.0,2.52,6.59,3.72
BATCH_057,117,15.03,0.0,2.52,6.59,3.78
BATCH_057,118,15.03,0.0,2.52,6.59,3.59
BATCH_057,119,15.03,0.0,2.52,6.59,4.07
BATCH_057,120,15.03,0.0,2.52,6.59,3.47
BATCH_058,0,12.09,14.16,0.48,0.0,5.76
BATCH_058,1,12.09,13.89,0.51,0.12,6.35
BATCH_058,2,12.1,13.61,0.55,0.26,6.31
BATCH_058,3,12.1,13.29,0.6,0.4,7.1
BATCH_058,4,12.11,12.96,0.64,0.55,7.69
BATCH_058,5,12.12,12.6,0.69,0.72,7.88
BATCH_058,6,12.13,12.21,0.75,0.9,8.79
BATCH_058,7,12.14,11.8,0.81,1.09,8.69
BATCH_058,8,12.15,11.35,0.87,1.29,9.78
BATCH_058,9,12.16,10.87,0.94,1.51,10.26
BATCH_058,10,12.18,10.36,1.01,1.75,10.41
BATCH_058,11,12.2,9.8,1.09,2.0,11.96
BATCH_058,12,12.21,9.21,1.17,2.28,12.1
BATCH_058,13,12.24,8.58,1.26,2.57,12.66
BATCH_058,14,12.26,7.9,1.35,2.88,13.29
BATCH_058,15,12.28,7.18,1.45,3.21,14.28
BATCH_058,16,12.31,6.42,1.56,3.56,15.04
BATCH_058,17,12.35,5.61,1.67,3.93,15.78
BATCH_058,18,12.38,4.76,1.79,4.32,16.28
BATCH_058,19,12.42,3.88,1.92,4.73,16.84
BATCH_058,20,12.47,2.98,2.04,5.15,16.62
BATCH_058,21,12.51,2.08,2.17,5.56,15.54
BATCH_058,22,12.57,1.22,2.29,5.95,13.73
BATCH_058,23,12.62,0.51,2.39,6.28,8.78
BATCH_058,24,12.69,0.07,2.45,6.48,3.17
BATCH_058,25,12.75,0.0,2.46,6.51,1.87
BATCH_058,26,12.83,0.0,2.46,6.51,2.15
BATCH_058,27,12.91,0.0,2.46,6.51,2.44
BATCH_058,28,12.99,0.0,2.46,6.51,2.05
BATCH_058,29,13.08,0.0,2.46,6.51,2.52
BATCH_058,30,13.17,0.0,2.46,6.51,2.29
BATCH_058,31,13.27,0.0,2.46,6.51,2.8
BATCH_058,32,13.37,0.0,2.46,6.51,2.45
BATCH_058,33,13.47,0.0,2.46,6.51,2.44
BATCH_058,34,13.58,0.0,2.46,6.51,2.82
BATCH_058,35,13.69,0.0,2.46,6.51,2.68
BATCH_058,36,13.8,0.0,2.46,6.51,2.68
BATCH_058,37,13.91,0.0,2.46,6.51,2.84
BATCH_058,38,14.02,0.0,2.46,6.51,3.0
BATCH_058,39,14.12,0.0,2.46,6.51,3.36
BATCH_058,40,14.23,0.0,2.46,6.51,2.78
BATCH_058,41,14.33,0.0,2.46,6.51,3.25
BATCH_058,42,14.43,0.0,2.46,6.51,3.44
BATCH_058,43,14.52,0.0,2.46,6.51,3.43
BATCH_058,44,14.61,0.0,2.46,6.51,3.72
BATCH_058,45,14.69,0.0,2.46,6.51,3.5
BATCH_058,46,14.77,0.0,2.46,6.51,3.54
BATCH_058,47,14.84,0.0,2.46,6.51,3.75
BATCH_058,48,14.91,0.0,2.46,6.51,3.7
BATCH_058,49,14.97,0.0,2.46,6.51,3.65
BATCH_058,50,15.03,0.0,2.46,6.51,3.88
BATCH_058,51,15.08,0.0,2.46,6.51,3.68
BATCH_058,52,15.13,0.0,2.46,6.51,3.73
BATCH_058,53,15.18,0.0,2.46,6.51,3.78
BATCH_058,54,15.21,0.0,2.46,6.51,4.18
BATCH_058,55,15.25,0.0,2.46,6.51,3.29
BATCH_058,56,15.28,0.0,2.46,6.51,4.04
BATCH_058,57,15.31,0.0,2.46,6.51,3.99
BATCH_058,58,15.34,0.0,2.46,6.51,3.67
BATCH_058,59,15.36,0.0,2.46,6.51,4.08
BATCH_058,60,15.38,0.0,2.46,6.51,4.13
BATCH_058,61,15.4,0.0,2.46,6.51,4.17
BATCH_058,62,15.42,0.0,2.46,6.51,3.53
BATCH_058,63,15.43,0.0,2.46,6.51,4.35
BATCH_058,64,15.45,0.0,2.46,6.51,3.94
BATCH_058,65,15.46,0.0,2.46,6.51,4.23
BATCH_058,66,15.47,0.0,2.46,6.51,4.25
BATCH_058,67,15.48,0.0,2.46,6.51,3.93
BATCH_058,68,15.49,0.0,2.46,6.51,4.25
BATCH_058,69,15.49,0.0,2.46,6.51,4.04
BATCH_058,70,15.5,0.0,2.46,6.51,3.71
BATCH_058,71,15.5,0.0,2.46,6.51,4.36
BATCH_058,72,15.51,0.0,2.46,6.51,3.98
BATCH_058,73,15.51,0.0,2.46,6.51,3.96
BATCH_058,74,15.52,0.0,2.46,6.51,4.06
BATCH_058,75,15.52,0.0,2.46,6.51,4.2
BATCH_058,76,15.53,0.0,2.46,6.51,4.13
BATCH_058,77,15.53,0.0,2.46,6.51,4.26
BATCH_058,78,15.53,0.0,2.46,6.51,3.88
BATCH_058,79,15.53,0.0,2.46,6.51,4.0
BATCH_058,80,15.53,0.0,2.46,6.51,4.13
BATCH_058,81,15.54,0.0,2.46,6.51,4.53
BATCH_058,82,15.54,0.0,2.46,6.51,4.13
BATCH_058,83,15.54,0.0,2.46,6.51,4.37
BATCH_058,84,15.54,0.0,2.46,6.51,4.16
BATCH_058,85,15.54,0.0,2.46,6.51,4.06
BATCH_058,86,15.54,0.0,2.46,6.51,4.11
BATCH_058,87,15.54,0.0,2.46,6.51,4.12
BATCH_058,88,15.54,0.0,2.46,6.51,4.28
BATCH_058,89,15.54,0.0,2.46,6.51,4.43
BATCH_058,90,15.54,0.0,2.46,6.51,4.23
BATCH_058,91,15.54,0.0,2.46,6.51,4.4
BATCH_058,92,15.55,0.0,2.46,6.51,3.97
BATCH_058,93,15.55,0.0,2.46,6.51,4.08
BATCH_058,94,15.55,0.0,2.46,6.51,4.01
BATCH_058,95,15.55,0.0,2.46,6.51,4.22
BATCH_058,96,15.55,0.0,2.46,6.51,4.09
BATCH_058,97,15.55,0.0,2.46,6.51,4.31
BATCH_058,98,15.55,0.0,2.46,6.51,3.97
BATCH_058,99,15.55,0.0,2.46,6.51,4.17
BATCH_058,100,15.55,0.0,2.46,6.51,4.3
BATCH_058,101,15.55,0.0,2.46,6.51,3.75
BATCH_058,102,15.55,0.0,2.46,6.51,4.58
BATCH_058,103,15.55,0.0,2.46,6.51,4.1
BATCH_058,104,15.55,0.0,2.46,6.51,3.76
BATCH_058,105,15.55,0.0,2.46,6.51,4.19
BATCH_058,106,15.55,0.0,2.46,6.51,4.17
BATCH_058,107,15.55,0.0,2.46,6.51,4.14
BATCH_058,108,15.55,0.0,2.46,6.51,4.36
BATCH_058,109,15.55,0.0,2.46,6.51,4.31
BATCH_058,110,15.55,0.0,2.46,6.51,4.22
BATCH_058,111,15.55,0.0,2.46,6.51,4.25
BATCH_058,112,15.55,0.0,2.46,6.51,4.14
BATCH_058,113,15.55,0.0,2.46,6.51,4.52
BATCH_058,114,15.55,0.0,2.46,6.51,3.87
BATCH_058,115,15.55,0.0,2.46,6.51,4.19
BATCH_058,116,15.55,0.0,2.46,6.51,4.17
BATCH_058,117,15.55,0.0,2.46,6.51,4.32
BATCH_058,118,15.55,0.0,2.46,6.51,3.99
BATCH_058,119,15.55,0.0,2.46,6.51,3.81
BATCH_058,120,15.55,0.0,2.46,6.51,4.19
BATCH_059,0,12.49,14.08,0.56,0.0,7.09
BATCH_059,1,12.5,13.77,0.6,0.15,7.15
BATCH_059,2,12.5,13.42,0.65,0.31,7.72
BATCH_059,3,12.51,13.05,0.7,0.48,8.82
BATCH_059,4,12.52,12.65,0.76,0.66,9.34
BATCH_059,5,12.53,12.22,0.82,0.86,9.55
BATCH_059,6,12.53,11.76,0.89,1.07,9.77
BATCH_059,7,12.54,11.26,0.96,1.3,10.53
BATCH_059,8,12.56,10.72,1.03,1.55,11.08
BATCH_059,9,12.57,10.15,1.11,1.81,11.77
BATCH_059,10,12.58,9.53,1.2,2.09,13.24
BATCH_059,11,12.6,8.87,1.29,2.4,14.01
BATCH_059,12,12.62,8.17,1.39,2.72,14.16
BATCH_059,13,12.64,7.41,1.49,3.07,15.19
BATCH_059,14,12.66,6.61,1.61,3.44,15.72
BATCH_059,15,12.69,5.77,1.72,3.83,16.71
BATCH_059,16,12.72,4.88,1.85,4.24,17.66
BATCH_059,17,12.75,3.95,1.98,4.66,17.94
BATCH_059,18,12.79,3.0,2.11,5.1,17.84
BATCH_059,19,12.83,2.06,2.24,5.53,16.74
BATCH_059,20,12.87,1.17,2.37,5.94,14.51
BATCH_059,21,12.92,0.43,2.47,6.28,9.13
BATCH_059,22,12.97,0.02,2.53,6.47,2.65
BATCH_059,23,13.03,0.0,2.53,6.48,2.25
BATCH_059,24,13.09,0.0,2.53,6.48,2.38
BATCH_059,25,13.16,0.0,2.53,6.48,2.43
BATCH_059,26,13.23,0.0,2.53,6.48,2.32
BATCH_059,27,13.31,0.0,2.53,6.48,2.33
BATCH_059,28,13.4,0.0,2.53,6.48,2.35
BATCH_059,29,13.48,0.0,2.53,6.48,2.43
BATCH_059,30,13.58,0.0,2.53,6.48,2.65
BATCH_059,31,13.67,0.0,2.53,6.48,2.69
BATCH_059,32,13.78,0.0,2.53,6.48,2.71
BATCH_059,33,13.88,0.0,2.53,6.48,2.77
BATCH_059,34,13.99,0.0,2.53,6.48,3.05
BATCH_059,35,14.09,0.0,2.53,6.48,3.35
BATCH_059,36,14.2,0.0,2.53,6.48,3.15
BATCH_059,37,14.31,0.0,2.53,6.48,3.22
BATCH_059,38,14.42,0.0,2.53,6.48,3.13
BATCH_059,39,14.53,0.0,2.53,6.48,3.35
BATCH_059,40,14.63,0.0,2.53,6.48,3.71
BATCH_059,41,14.73,0.0,2.53,6.48,3.76
BATCH_059,42,14.83,0.0,2.53,6.48,3.82
BATCH_059,43,14.92,0.0,2.53,6.48,3.88
BATCH_059,44,15.01,0.0,2.53,6.48,3.85
BATCH_059,45,15.1,0.0,2.53,6.48,3.9
BATCH_059,46,15.17,0.0,2.53,6.48,3.93
BATCH_059,47,15.25,0.0,2.53,6.48,3.85
BATCH_059,48,15.32,0.0,2.53,6.48,4.0
BATCH_059,49,15.38,0.0,2.53,6.48,4.08
BATCH_059,50,15.44,0.0,2.53,6.48,4.2
BATCH_059,51,15.49,0.0,2.53,6.48,4.14
BATCH_059,52,15.54,0.0,2.53,6.48,4.57
BATCH_059,53,15.58,0.0,2.53,6.48,3.94
BATCH_059,54,15.62,0.0,2.53,6.48,4.37
BATCH_059,55,15.66,0.0,2.53,6.48,4.23
BATCH_059,56,15.69,0.0,2.53,6.48,4.27
BATCH_059,57,15.72,0.0,2.53,6.48,4.13
BATCH_059,58,15.74,0.0,2.53,6.48,4.51
BATCH_059,59,15.77,0.0,2.53,6.48,4.46
BATCH_059,60,15.79,0.0,2.53,6.48,4.51
BATCH_059,61,15.81,0.0,2.53,6.48,4.39
BATCH_059,62,15.82,0.0,2.53,6.48,4.3
BATCH_059,63,15.84,0.0,2.53,6.48,4.37
BATCH_059,64,15.85,0.0,2.53,6.48,4.48
BATCH_059,65,15.86,0.0,2.53,6.48,4.0
BATCH_059,66,15.87,0.0,2.53,6.48,4.58
BATCH_059,67,15.88,0.0,2.53,6.48,4.9
BATCH_059,68,15.89,0.0,2.53,6.48,4.51
BATCH_059,69,15.9,0.0,2.53,6.48,4.37
BATCH_059,70,15.9,0.0,2.53,6.48,4.4
BATCH_059,71,15.91,0.0,2.53,6.48,4.57
BATCH_059,72,15.92,0.0,2.53,6.48,4.39
BATCH_059,73,15.92,0.0,2.53,6.48,4.61
BATCH_059,74,15.92,0.0,2.53,6.48,4.41
BATCH_059,75,15.93,0.0,2.53,6.48,4.79
BATCH_059,76,15.93,0.0,2.53,6.48,4.79
BATCH_059,77,15.93,0.0,2.53,6.48,4.38
BATCH_059,78,15.94,0.0,2.53,6.48,4.44
BATCH_059,79,15.94,0.0,2.53,6.48,4.45
BATCH_059,80,15.94,0.0,2.53,6.48,4.45
BATCH_059,81,15.94,0.0,2.53,6.48,4.27
BATCH_059,82,15.94,0.0,2.53,6.48,4.24
BATCH_059,83,15.94,0.0,2.53,6.48,4.71
BATCH_059,84,15.95,0.0,2.53,6.48,4.68
BATCH_059,85,15.95,0.0,2.53,6.48,4.67
BATCH_059,86,15.95,0.0,2.53,6.48,4.45
BATCH_059,87,15.95,0.0,2.53,6.48,4.84
BATCH_059,88,15.95,0.0,2.53,6.48,4.46
BATCH_059,89,15.95,0.0,2.53,6.48,4.63
BATCH_059,90,15.95,0.0,2.53,6.48,4.18
BATCH_059,91,15.95,0.0,2.53,6.48,4.42
BATCH_059,92,15.95,0.0,2.53,6.48,4.43
BATCH_059,93,15.95,0.0,2.53,6.48,4.45
BATCH_059,94,15.95,0.0,2.53,6.48,4.2
BATCH_059,95,15.95,0.0,2.53,6.48,4.6
BATCH_059,96,15.95,0.0,2.53,6.48,4.67
BATCH_059,97,15.95,0.0,2.53,6.48,4.32
BATCH_059,98,15.95,0.0,2.53,6.48,4.24
BATCH_059,99,15.95,0.0,2.53,6.48,4.31
BATCH_059,100,15.95,0.0,2.53,6.48,4.56
BATCH_059,101,15.95,0.0,2.53,6.48,4.35
BATCH_059,102,15.95,0.0,2.53,6.48,4.44
BATCH_059,103,15.95,0.0,2.53,6.48,4.25
BATCH_059,104,15.95,0.0,2.53,6.48,4.86
BATCH_059,105,15.95,0.0,2.53,6.48,4.48
BATCH_059,106,15.95,0.0,2.53,6.48,4.7
BATCH_059,107,15.95,0.0,2.53,6.48,4.56
BATCH_059,108,15.95,0.0,2.53,6.48,4.46
BATCH_059,109,15.95,0.0,2.53,6.48,4.45
BATCH_059,110,15.95,0.0,2.53,6.48,4.32
BATCH_059,111,15.95,0.0,2.53,6.48,4.38
BATCH_059,112,15.95,0.0,2.53,6.48,4.26
BATCH_059,113,15.95,0.0,2.53,6.48,4.24
BATCH_059,114,15.95,0.0,2.53,6.48,4.88
BATCH_059,115,15.95,0.0,2.53,6.48,4.52
BATCH_059,116,15.95,0.0,2.53,6.48,4.76
BATCH_059,117,15.95,0.0,2.53,6.48,4.31
BATCH_059,118,15.95,0.0,2.53,6.48,4.22
BATCH_059,119,15.95,0.0,2.53,6.48,4.27
BATCH_059,120,15.95,0.0,2.53,6.48,4.38
BATCH_060,0,13.11,14.01,0.49,0.0,6.94
BATCH_060,1,13.12,13.72,0.53,0.13,7.39
BATCH_060,2,13.12,13.41,0.58,0.28,7.95
BATCH_060,3,13.13,13.07,0.63,0.43,8.44
BATCH_060,4,13.14,12.71,0.68,0.6,8.96
BATCH_060,5,13.15,12.32,0.73,0.78,9.57
BATCH_060,6,13.15,11.9,0.79,0.97,9.97
BATCH_060,7,13.17,11.44,0.85,1.18,10.2
BATCH_060,8,13.18,10.95,0.92,1.41,11.01
BATCH_060,9,13.19,10.42,1.0,1.65,12.36
BATCH_060,10,13.21,9.85,1.08,1.91,12.63
BATCH_060,11,13.22,9.24,1.16,2.19,13.7
BATCH_060,12,13.24,8.59,1.25,2.5,14.28
BATCH_060,13,13.26,7.88,1.35,2.82,14.84
BATCH_060,14,13.28,7.14,1.46,3.16,15.66
BATCH_060,15,13.31,6.34,1.57,3.53,16.38
BATCH_060,16,13.34,5.5,1.69,3.92,16.77
BATCH_060,17,13.37,4.61,1.81,4.32,17.71
BATCH_060,18,13.41,3.69,1.94,4.75,18.29
BATCH_060,19,13.45,2.75,2.07,5.18,17.75
BATCH_060,20,13.49,1.83,2.2,5.6,16.8
BATCH_060,21,13.54,0.97,2.32,6.0,13.87
BATCH_060,22,13.59,0.3,2.41,6.31,7.51
BATCH_060,23,13.65,0.0,2.46,6.45,2.65
BATCH_060,24,13.71,0.0,2.46,6.45,2.58
BATCH_060,25,13.78,0.0,2.46,6.45,2.67
BATCH_060,26,13.85,0.0,2.46,6.45,2.63
BATCH_060,27,13.93,0.0,2.46,6.45,2.77
BATCH_060,28,14.02,0.0,2.46,6.45,3.3
BATCH_060,29,14.1,0.0,2.46,6.45,2.9
BATCH_060,30,14.2,0.0,2.46,6.45,3.17
BATCH_060,31,14.29,0.0,2.46,6.45,3.12
BATCH_060,32,14.4,0.0,2.46,6.45,3.53
BATCH_060,33,14.5,0.0,2.46,6.45,3.64
BATCH_060,34,14.61,0.0,2.46,6.45,3.63
BATCH_060,35,14.72,0.0,2.46,6.45,3.6
BATCH_060,36,14.82,0.0,2.46,6.45,3.57
BATCH_060,37,14.93,0.0,2.46,6.45,3.46
BATCH_060,38,15.04,0.0,2.46,6.45,4.17
BATCH_060,39,15.15,0.0,2.46,6.45,3.71
BATCH_060,40,15.25,0.0,2.46,6.45,4.07
BATCH_060,41,15.35,0.0,2.46,6.45,4.23
BATCH_060,42,15.45,0.0,2.46,6.45,3.98
BATCH_060,43,15.54,0.0,2.46,6.45,4.37
BATCH_060,44,15.63,0.0,2.46,6.45,4.38
BATCH_060,45,15.72,0.0,2.46,6.45,4.63
BATCH_060,46,15.79,0.0,2.46,6.45,4.25
BATCH_060,47,15.87,0.0,2.46,6.45,4.14
BATCH_060,48,15.94,0.0,2.46,6.45,4.35
BATCH_060,49,16.0,0.0,2.46,6.45,4.54
BATCH_060,50,16.06,0.0,2.46,6.45,4.55
BATCH_060,51,16.11,0.0,2.46,6.45,4.5
BATCH_060,52,16.16,0.0,2.46,6.45,4.24
BATCH_060,53,16.2,0.0,2.46,6.45,4.74
BATCH_060,54,16.24,0.0,2.46,6.45,5.07
BATCH_060,55,16.28,0.0,2.46,6.45,4.8
BATCH_060,56,16.31,0.0,2.46,6.45,4.85
BATCH_060,57,16.34,0.0,2.46,6.45,4.87
BATCH_060,58,16.36,0.0,2.46,6.45,4.85
BATCH_060,59,16.39,0.0,2.46,6.45,4.98
BATCH_060,60,16.41,0.0,2.46,6.45,4.89
BATCH_060,61,16.43,0.0,2.46,6.45,4.76
BATCH_060,62,16.44,0.0,2.46,6.45,4.67
BATCH_060,63,16.46,0.0,2.46,6.45,4.79
BATCH_060,64,16.47,0.0,2.46,6.45,4.92
BATCH_060,65,16.48,0.0,2.46,6.45,4.8
BATCH_060,66,16.49,0.0,2.46,6.45,4.93
BATCH_060,67,16.5,0.0,2.46,6.45,4.97
BATCH_060,68,16.51,0.0,2.46,6.45,5.05
BATCH_060,69,16.52,0.0,2.46,6.45,5.15
BATCH_060,70,16.53,0.0,2.46,6.45,4.91
BATCH_060,71,16.53,0.0,2.46,6.45,4.64
BATCH_060,72,16.54,0.0,2.46,6.45,4.83
BATCH_060,73,16.54,0.0,2.46,6.45,4.91
BATCH_060,74,16.54,0.0,2.46,6.45,4.54
BATCH_060,75,16.55,0.0,2.46,6.45,5.19
BATCH_060,76,16.55,0.0,2.46,6.45,4.94
BATCH_060,77,16.55,0.0,2.46,6.45,4.99
BATCH_060,78,16.56,0.0,2.46,6.45,5.19
BATCH_060,79,16.56,0.0,2.46,6.45,4.79
BATCH_060,80,16.56,0.0,2.46,6.45,5.03
BATCH_060,81,16.56,0.0,2.46,6.45,4.9
BATCH_060,82,16.56,0.0,2.46,6.45,4.89
BATCH_060,83,16.56,0.0,2.46,6.45,4.77
BATCH_060,84,16.57,0.0,2.46,6.45,5.26
BATCH_060,85,16.57,0.0,2.46,6.45,4.85
BATCH_060,86,16.57,0.0,2.46,6.45,5.07
BATCH_060,87,16.57,0.0,2.46,6.45,4.55
BATCH_060,88,16.57,0.0,2.46,6.45,5.16
BATCH_060,89,16.57,0.0,2.46,6.45,5.14
BATCH_060,90,16.57,0.0,2.46,6.45,4.95
BATCH_060,91,16.57,0.0,2.46,6.45,4.88
BATCH_060,92,16.57,0.0,2.46,6.45,5.01
BATCH_060,93,16.57,0.0,2.46,6.45,5.39
BATCH_060,94,16.57,0.0,2.46,6.45,4.58
BATCH_060,95,16.57,0.0,2.46,6.45,5.09
BATCH_060,96,16.57,0.0,2.46,6.45,4.75
BATCH_060,97,16.57,0.0,2.46,6.45,4.93
BATCH_060,98,16.57,0.0,2.46,6.45,4.88
BATCH_060,99,16.57,0.0,2.46,6.45,4.84
BATCH_060,100,16.57,0.0,2.46,6.45,4.93
BATCH_060,101,16.57,0.0,2.46,6.45,4.7
BATCH_060,102,16.57,0.0,2.46,6.45,5.14
BATCH_060,103,16.57,0.0,2.46,6.45,4.57
BATCH_060,104,16.57,0.0,2.46,6.45,5.04
BATCH_060,105,16.57,0.0,2.46,6.45,4.87
BATCH_060,106,16.57,0.0,2.46,6.45,4.7
BATCH_060,107,16.57,0.0,2.46,6.45,4.97
BATCH_060,108,16.57,0.0,2.46,6.45,4.62
BATCH_060,109,16.57,0.0,2.46,6.45,4.94
BATCH_060,110,16.57,0.0,2.46,6.45,4.65
BATCH_060,111,16.57,0.0,2.46,6.45,5.02
BATCH_060,112,16.57,0.0,2.46,6.45,4.75
BATCH_060,113,16.57,0.0,2.46,6.45,4.84
BATCH_060,114,16.57,0.0,2.46,6.45,4.99
BATCH_060,115,16.57,0.0,2.46,6.45,4.78
BATCH_060,116,16.57,0.0,2.46,6.45,4.92
BATCH_060,117,16.57,0.0,2.46,6.45,4.63
BATCH_060,118,16.57,0.0,2.46,6.45,5.06
BATCH_060,119,16.57,0.0,2.46,6.45,5.28
BATCH_060,120,16.57,0.0,2.46,6.45,5.49
BATCH_061,0,12.32,14.03,0.53,0.0,6.82
BATCH_061,1,12.33,13.73,0.57,0.14,7.07
BATCH_061,2,12.33,13.4,0.62,0.29,7.37
BATCH_061,3,12.34,13.05,0.67,0.45,8.15
BATCH_061,4,12.35,12.68,0.72,0.62,8.4
BATCH_061,5,12.35,12.27,0.78,0.81,9.19
BATCH_061,6,12.36,11.83,0.84,1.01,9.59
BATCH_061,7,12.37,11.37,0.9,1.22,10.18
BATCH_061,8,12.39,10.86,0.97,1.46,10.83
BATCH_061,9,12.4,10.32,1.05,1.7,11.19
BATCH_061,10,12.41,9.74,1.13,1.97,11.86
BATCH_061,11,12.43,9.12,1.22,2.26,12.58
BATCH_061,12,12.45,8.45,1.31,2.56,13.76
BATCH_061,13,12.47,7.74,1.41,2.89,14.13
BATCH_061,14,12.49,6.99,1.52,3.24,14.93
BATCH_061,15,12.52,6.19,1.63,3.61,15.95
BATCH_061,16,12.55,5.34,1.75,4.0,16.47
BATCH_061,17,12.58,4.46,1.87,4.4,16.97
BATCH_061,18,12.62,3.54,2.0,4.82,17.2
BATCH_061,19,12.66,2.61,2.13,5.25,16.53
BATCH_061,20,12.7,1.7,2.26,5.67,15.46
BATCH_061,21,12.75,0.88,2.37,6.05,12.63
BATCH_061,22,12.8,0.25,2.46,6.34,6.12
BATCH_061,23,12.86,0.0,2.5,6.45,1.76
BATCH_061,24,12.92,0.0,2.5,6.45,1.99
BATCH_061,25,12.99,0.0,2.5,6.45,2.31
BATCH_061,26,13.06,0.0,2.5,6.45,2.36
BATCH_061,27,13.14,0.0,2.5,6.45,2.3
BATCH_061,28,13.22,0.0,2.5,6.45,2.28
BATCH_061,29,13.31,0.0,2.5,6.45,2.2
BATCH_061,30,13.41,0.0,2.5,6.45,2.63
BATCH_061,31,13.5,0.0,2.5,6.45,2.79
BATCH_061,32,13.6,0.0,2.5,6.45,2.96
BATCH_061,33,13.71,0.0,2.5,6.45,2.56
BATCH_061,34,13.81,0.0,2.5,6.45,3.13
BATCH_061,35,13.92,0.0,2.5,6.45,2.93
BATCH_061,36,14.03,0.0,2.5,6.45,3.03
BATCH_061,37,14.14,0.0,2.5,6.45,3.29
BATCH_061,38,14.25,0.0,2.5,6.45,3.08
BATCH_061,39,14.36,0.0,2.5,6.45,2.83
BATCH_061,40,14.46,0.0,2.5,6.45,3.49
BATCH_061,41,14.56,0.0,2.5,6.45,3.49
BATCH_061,42,14.66,0.0,2.5,6.45,3.42
BATCH_061,43,14.75,0.0,2.5,6.45,3.69
BATCH_061,44,14.84,0.0,2.5,6.45,3.8
BATCH_061,45,14.92,0.0,2.5,6.45,3.39
BATCH_061,46,15.0,0.0,2.5,6.45,3.76
BATCH_061,47,15.08,0.0,2.5,6.45,3.35
BATCH_061,48,15.14,0.0,2.5,6.45,3.83
BATCH_061,49,15.21,0.0,2.5,6.45,3.83
BATCH_061,50,15.26,0.0,2.5,6.45,4.05
BATCH_061,51,15.32,0.0,2.5,6.45,3.77
BATCH_061,52,15.37,0.0,2.5,6.45,3.94
BATCH_061,53,15.41,0.0,2.5,6.45,3.41
BATCH_061,54,15.45,0.0,2.5,6.45,4.2
BATCH_061,55,15.48,0.0,2.5,6.45,4.1
BATCH_061,56,15.52,0.0,2.5,6.45,4.16
BATCH_061,57,15.55,0.0,2.5,6.45,3.86
BATCH_061,58,15.57,0.0,2.5,6.45,4.26
BATCH_061,59,15.6,0.0,2.5,6.45,4.53
BATCH_061,60,15.62,0.0,2.5,6.45,4.18
BATCH_061,61,15.64,0.0,2.5,6.45,4.36
BATCH_061,62,15.65,0.0,2.5,6.45,4.06
BATCH_061,63,15.67,0.0,2.5,6.45,4.23
BATCH_061,64,15.68,0.0,2.5,6.45,3.95
BATCH_061,65,15.69,0.0,2.5,6.45,4.43
BATCH_061,66,15.7,0.0,2.5,6.45,4.31
BATCH_061,67,15.71,0.0,2.5,6.45,4.04
BATCH_061,68,15.72,0.0,2.5,6.45,4.13
BATCH_061,69,15.73,0.0,2.5,6.45,4.31
BATCH_061,70,15.73,0.0,2.5,6.45,4.48
BATCH_061,71,15.74,0.0,2.5,6.45,4.6
BATCH_061,72,15.74,0.0,2.5,6.45,4.28
BATCH_061,73,15.75,0.0,2.5,6.45,4.04
BATCH_061,74,15.75,0.0,2.5,6.45,4.36
BATCH_061,75,15.76,0.0,2.5,6.45,4.67
BATCH_061,76,15.76,0.0,2.5,6.45,3.99
BATCH_061,77,15.76,0.0,2.5,6.45,4.13
BATCH_061,78,15.76,0.0,2.5,6.45,4.45
BATCH_061,79,15.77,0.0,2.5,6.45,4.36
BATCH_061,80,15.77,0.0,2.5,6.45,4.22
BATCH_061,81,15.77,0.0,2.5,6.45,4.37
BATCH_061,82,15.77,0.0,2.5,6.45,4.52
BATCH_061,83,15.77,0.0,2.5,6.45,4.31
BATCH_061,84,15.77,0.0,2.5,6.45,4.29
BATCH_061,85,15.77,0.0,2.5,6.45,4.45
BATCH_061,86,15.78,0.0,2.5,6.45,4.28
BATCH_061,87,15.78,0.0,2.5,6.45,4.56
BATCH_061,88,15.78,0.0,2.5,6.45,4.74
BATCH_061,89,15.78,0.0,2.5,6.45,4.15
BATCH_061,90,15.78,0.0,2.5,6.45,4.08
BATCH_061,91,15.78,0.0,2.5,6.45,4.41
BATCH_061,92,15.78,0.0,2.5,6.45,4.08
BATCH_061,93,15.78,0.0,2.5,6.45,4.07
BATCH_061,94,15.78,0.0,2.5,6.45,3.93
BATCH_061,95,15.78,0.0,2.5,6.45,4.26
BATCH_061,96,15.78,0.0,2.5,6.45,4.33
BATCH_061,97,15.78,0.0,2.5,6.45,4.23
BATCH_061,98,15.78,0.0,2.5,6.45,4.61
BATCH_061,99,15.78,0.0,2.5,6.45,4.6
BATCH_061,100,15.78,0.0,2.5,6.45,4.72
BATCH_061,101,15.78,0.0,2.5,6.45,4.35
BATCH_061,102,15.78,0.0,2.5,6.45,4.57
BATCH_061,103,15.78,0.0,2.5,6.45,4.4
BATCH_061,104,15.78,0.0,2.5,6.45,4.38
BATCH_061,105,15.78,0.0,2.5,6.45,4.24
BATCH_061,106,15.78,0.0,2.5,6.45,3.88
BATCH_061,107,15.78,0.0,2.5,6.45,4.46
BATCH_061,108,15.78,0.0,2.5,6.45,4.57
BATCH_061,109,15.78,0.0,2.5,6.45,4.03
BATCH_061,110,15.78,0.0,2.5,6.45,4.33
BATCH_061,111,15.78,0.0,2.5,6.45,4.54
BATCH_061,112,15.78,0.0,2.5,6.45,4.26
BATCH_061,113,15.78,0.0,2.5,6.45,4.58
BATCH_061,114,15.78,0.0,2.5,6.45,4.31
BATCH_061,115,15.78,0.0,2.5,6.45,4.23
BATCH_061,116,15.78,0.0,2.5,6.45,4.59
BATCH_061,117,15.78,0.0,2.5,6.45,4.15
BATCH_061,118,15.78,0.0,2.5,6.45,4.19
BATCH_061,119,15.78,0.0,2.5,6.45,4.16
BATCH_061,120,15.78,0.0,2.5,6.45,4.11
BATCH_062,0,11.93,14.05,0.48,0.0,5.96
BATCH_062,1,11.94,13.78,0.52,0.12,6.44
BATCH_062,2,11.94,13.49,0.56,0.26,6.46
BATCH_062,3,11.95,13.18,0.6,0.4,6.75
BATCH_062,4,11.96,12.85,0.65,0.55,7.4
BATCH_062,5,11.97,12.49,0.7,0.72,7.71
BATCH_062,6,11.97,12.1,0.75,0.89,8.62
BATCH_062,7,11.99,11.69,0.81,1.08,8.69
BATCH_062,8,12.0,11.24,0.87,1.29,9.11
BATCH_062,9,12.01,10.76,0.94,1.51,9.54
BATCH_062,10,12.03,10.25,1.01,1.75,10.59
BATCH_062,11,12.04,9.7,1.09,2.0,11.13
BATCH_062,12,12.06,9.11,1.17,2.27,11.64
BATCH_062,13,12.08,8.48,1.26,2.56,12.88
BATCH_062,14,12.1,7.81,1.35,2.87,13.5
BATCH_062,15,12.13,7.1,1.45,3.2,14.1
BATCH_062,16,12.16,6.34,1.56,3.55,15.1
BATCH_062,17,12.19,5.54,1.67,3.91,15.64
BATCH_062,18,12.23,4.7,1.79,4.3,15.9
BATCH_062,19,12.27,3.82,1.91,4.7,16.22
BATCH_062,20,12.31,2.93,2.04,5.11,16.54
BATCH_062,21,12.36,2.04,2.16,5.52,15.68
BATCH_062,22,12.41,1.21,2.28,5.91,13.47
BATCH_062,23,12.47,0.5,2.38,6.23,8.83
BATCH_062,24,12.53,0.07,2.44,6.43,3.15
BATCH_062,25,12.6,0.0,2.45,6.46,1.8
BATCH_062,26,12.67,0.0,2.45,6.46,1.99
BATCH_062,27,12.75,0.0,2.45,6.46,2.35
BATCH_062,28,12.84,0.0,2.45,6.46,1.99
BATCH_062,29,12.92,0.0,2.45,6.46,1.88
BATCH_062,30,13.02,0.0,2.45,6.46,2.05
BATCH_062,31,13.11,0.0,2.45,6.46,2.53
BATCH_062,32,13.22,0.0,2.45,6.46,2.46
BATCH_062,33,13.32,0.0,2.45,6.46,2.46
BATCH_062,34,13.43,0.0,2.45,6.46,2.47
BATCH_062,35,13.54,0.0,2.45,6.46,2.75
BATCH_062,36,13.64,0.0,2.45,6.46,2.56
BATCH_062,37,13.75,0.0,2.45,6.46,2.88
BATCH_062,38,13.86,0.0,2.45,6.46,2.75
BATCH_062,39,13.97,0.0,2.45,6.46,2.8
BATCH_062,40,14.07,0.0,2.45,6.46,2.93
BATCH_062,41,14.17,0.0,2.45,6.46,3.06
BATCH_062,42,14.27,0.0,2.45,6.46,3.19
BATCH_062,43,14.36,0.0,2.45,6.46,3.32
BATCH_062,44,14.45,0.0,2.45,6.46,2.6
BATCH_062,45,14.54,0.0,2.45,6.46,3.24
BATCH_062,46,14.61,0.0,2.45,6.46,3.38
BATCH_062,47,14.69,0.0,2.45,6.46,3.82
BATCH_062,48,14.76,0.0,2.45,6.46,3.35
BATCH_062,49,14.82,0.0,2.45,6.46,3.65
BATCH_062,50,14.88,0.0,2.45,6.46,3.96
BATCH_062,51,14.93,0.0,2.45,6.46,3.43
BATCH_062,52,14.98,0.0,2.45,6.46,3.81
BATCH_062,53,15.02,0.0,2.45,6.46,3.61
BATCH_062,54,15.06,0.0,2.45,6.46,3.69
BATCH_062,55,15.1,0.0,2.45,6.46,3.66
BATCH_062,56,15.13,0.0,2.45,6.46,3.7
BATCH_062,57,15.16,0.0,2.45,6.46,4.41
BATCH_062,58,15.18,0.0,2.45,6.46,4.06
BATCH_062,59,15.21,0.0,2.45,6.46,4.13
BATCH_062,60,15.23,0.0,2.45,6.46,4.02
BATCH_062,61,15.25,0.0,2.45,6.46,3.61
BATCH_062,62,15.26,0.0,2.45,6.46,4.03
BATCH_062,63,15.28,0.0,2.45,6.46,4.17
BATCH_062,64,15.29,0.0,2.45,6.46,3.8
BATCH_062,65,15.3,0.0,2.45,6.46,4.17
BATCH_062,66,15.31,0.0,2.45,6.46,4.13
BATCH_062,67,15.32,0.0,2.45,6.46,4.36
BATCH_062,68,15.33,0.0,2.45,6.46,3.92
BATCH_062,69,15.34,0.0,2.45,6.46,3.78
BATCH_062,70,15.35,0.0,2.45,6.46,3.94
BATCH_062,71,15.35,0.0,2.45,6.46,4.3
BATCH_062,72,15.36,0.0,2.45,6.46,3.65
BATCH_062,73,15.36,0.0,2.45,6.46,3.61
BATCH_062,74,15.36,0.0,2.45,6.46,4.04
BATCH_062,75,15.37,0.0,2.45,6.46,3.94
BATCH_062,76,15.37,0.0,2.45,6.46,4.03
BATCH_062,77,15.37,0.0,2.45,6.46,4.22
BATCH_062,78,15.38,0.0,2.45,6.46,3.92
BATCH_062,79,15.38,0.0,2.45,6.46,3.66
BATCH_062,80,15.38,0.0,2.45,6.46,4.44
BATCH_062,81,15.38,0.0,2.45,6.46,3.84
BATCH_062,82,15.38,0.0,2.45,6.46,3.83
BATCH_062,83,15.38,0.0,2.45,6.46,4.26
BATCH_062,84,15.39,0.0,2.45,6.46,3.96
BATCH_062,85,15.39,0.0,2.45,6.46,4.03
BATCH_062,86,15.39,0.0,2.45,6.46,4.14
BATCH_062,87,15.39,0.0,2.45,6.46,4.26
BATCH_062,88,15.39,0.0,2.45,6.46,3.98
BATCH_062,89,15.39,0.0,2.45,6.46,4.35
BATCH_062,90,15.39,0.0,2.45,6.46,3.62
BATCH_062,91,15.39,0.0,2.45,6.46,4.2
BATCH_062,92,15.39,0.0,2.45,6.46,3.88
BATCH_062,93,15.39,0.0,2.45,6.46,4.32
BATCH_062,94,15.39,0.0,2.45,6.46,4.07
BATCH_062,95,15.39,0.0,2.45,6.46,3.91
BATCH_062,96,15.39,0.0,2.45,6.46,4.18
BATCH_062,97,15.39,0.0,2.45,6.46,4.22
BATCH_062,98,15.39,0.0,2.45,6.46,4.17
BATCH_062,99,15.39,0.0,2.45,6.46,3.84
BATCH_062,100,15.39,0.0,2.45,6.46,3.95
BATCH_062,101,15.39,0.0,2.45,6.46,4.04
BATCH_062,102,15.39,0.0,2.45,6.46,4.04
BATCH_062,103,15.39,0.0,2.45,6.46,4.2
BATCH_062,104,15.39,0.0,2.45,6.46,3.64
BATCH_062,105,15.39,0.0,2.45,6.46,4.11
BATCH_062,106,15.39,0.0,2.45,6.46,3.99
BATCH_062,107,15.39,0.0,2.45,6.46,3.88
BATCH_062,108,15.39,0.0,2.45,6.46,3.9
BATCH_062,109,15.39,0.0,2.45,6.46,4.0
BATCH_062,110,15.39,0.0,2.45,6.46,3.33
BATCH_062,111,15.39,0.0,2.45,6.46,3.91
BATCH_062,112,15.39,0.0,2.45,6.46,3.87
BATCH_062,113,15.39,0.0,2.45,6.46,4.15
BATCH_062,114,15.39,0.0,2.45,6.46,3.88
BATCH_062,115,15.39,0.0,2.45,6.46,4.0
BATCH_062,116,15.39,0.0,2.45,6.46,4.35
BATCH_062,117,15.39,0.0,2.45,6.46,4.24
BATCH_062,118,15.39,0.0,2.45,6.46,4.23
BATCH_062,119,15.39,0.0,2.45,6.46,3.95
BATCH_062,120,15.39,0.0,2.45,6.46,4.15
BATCH_063,0,11.34,13.93,0.49,0.0,5.39
BATCH_063,1,11.35,13.66,0.53,0.12,6.1
BATCH_063,2,11.35,13.37,0.57,0.26,6.26
BATCH_063,3,11.36,13.06,0.61,0.4,6.67
BATCH_063,4,11.37,12.73,0.66,0.55,7.24
BATCH_063,5,11.38,12.37,0.71,0.72,7.54
BATCH_063,6,11.38,11.99,0.76,0.89,7.6
BATCH_063,7,11.4,11.58,0.82,1.08,8.5
BATCH_063,8,11.41,11.14,0.88,1.28,9.06
BATCH_063,9,11.42,10.67,0.95,1.5,9.55
BATCH_063,10,11.44,10.16,1.02,1.73,9.97
BATCH_063,11,11.45,9.62,1.1,1.98,10.75
BATCH_063,12,11.47,9.04,1.18,2.25,11.29
BATCH_063,13,11.49,8.42,1.26,2.53,11.78
BATCH_063,14,11.51,7.76,1.36,2.84,12.53
BATCH_063,15,11.54,7.06,1.45,3.16,13.52
BATCH_063,16,11.57,6.32,1.56,3.5,13.89
BATCH_063,17,11.6,5.54,1.67,3.86,14.55
BATCH_063,18,11.64,4.72,1.78,4.24,15.41
BATCH_063,19,11.68,3.87,1.9,4.63,15.63
BATCH_063,20,11.72,3.0,2.02,5.03,15.72
BATCH_063,21,11.77,2.14,2.14,5.43,14.71
BATCH_063,22,11.82,1.31,2.26,5.81,13.21
BATCH_063,23,11.88,0.6,2.36,6.13,9.11
BATCH_063,24,11.94,0.12,2.42,6.35,3.31
BATCH_063,25,12.01,0.0,2.44,6.41,1.41
BATCH_063,26,12.08,0.0,2.44,6.41,1.84
BATCH_063,27,12.16,0.0,2.44,6.41,1.55
BATCH_063,28,12.25,0.0,2.44,6.41,2.12
BATCH_063,29,12.33,0.0,2.44,6.41,1.34
BATCH_063,30,12.43,0.0,2.44,6.41,1.51
BATCH_063,31,12.52,0.0,2.44,6.41,2.16
BATCH_063,32,12.63,0.0,2.44,6.41,2.28
BATCH_063,33,12.73,0.0,2.44,6.41,1.87
BATCH_063,34,12.84,0.0,2.44,6.41,2.14
BATCH_063,35,12.95,0.0,2.44,6.41,2.35
BATCH_063,36,13.05,0.0,2.44,6.41,2.24
BATCH_063,37,13.16,0.0,2.44,6.41,2.4
BATCH_063,38,13.27,0.0,2.44,6.41,2.46
BATCH_063,39,13.38,0.0,2.44,6.41,2.24
BATCH_063,40,13.48,0.0,2.44,6.41,2.54
BATCH_063,41,13.58,0.0,2.44,6.41,2.69
BATCH_063,42,13.68,0.0,2.44,6.41,2.78
BATCH_063,43,13.77,0.0,2.44,6.41,2.48
BATCH_063,44,13.86,0.0,2.44,6.41,3.05
BATCH_063,45,13.95,0.0,2.44,6.41,2.99
BATCH_063,46,14.02,0.0,2.44,6.41,2.81
BATCH_063,47,14.1,0.0,2.44,6.41,3.43
BATCH_063,48,14.17,0.0,2.44,6.41,3.06
BATCH_063,49,14.23,0.0,2.44,6.41,3.12
BATCH_063,50,14.29,0.0,2.44,6.41,3.34
BATCH_063,51,14.34,0.0,2.44,6.41,3.63
BATCH_063,52,14.39,0.0,2.44,6.41,3.43
BATCH_063,53,14.43,0.0,2.44,6.41,3.49
BATCH_063,54,14.47,0.0,2.44,6.41,3.15
BATCH_063,55,14.51,0.0,2.44,6.41,3.4
BATCH_063,56,14.54,0.0,2.44,6.41,3.3
BATCH_063,57,14.57,0.0,2.44,6.41,3.57
BATCH_063,58,14.59,0.0,2.44,6.41,3.6
BATCH_063,59,14.62,0.0,2.44,6.41,3.79
BATCH_063,60,14.64,0.0,2.44,6.41,3.05
BATCH_063,61,14.66,0.0,2.44,6.41,3.37
BATCH_063,62,14.67,0.0,2.44,6.41,3.77
BATCH_063,63,14.69,0.0,2.44,6.41,3.24
BATCH_063,64,14.7,0.0,2.44,6.41,3.69
BATCH_063,65,14.71,0.0,2.44,6.41,3.76
BATCH_063,66,14.72,0.0,2.44,6.41,3.54
BATCH_063,67,14.73,0.0,2.44,6.41,3.27
BATCH_063,68,14.74,0.0,2.44,6.41,3.53
BATCH_063,69,14.75,0.0,2.44,6.41,3.85
BATCH_063,70,14.76,0.0,2.44,6.41,3.87
BATCH_063,71,14.76,0.0,2.44,6.41,3.61
BATCH_063,72,14.77,0.0,2.44,6.41,3.38
BATCH_063,73,14.77,0.0,2.44,6.41,3.93
BATCH_063,74,14.77,0.0,2.44,6.41,3.74
BATCH_063,75,14.78,0.0,2.44,6.41,3.4
BATCH_063,76,14.78,0.0,2.44,6.41,3.65
BATCH_063,77,14.78,0.0,2.44,6.41,3.65
BATCH_063,78,14.79,0.0,2.44,6.41,3.46
BATCH_063,79,14.79,0.0,2.44,6.41,3.66
BATCH_063,80,14.79,0.0,2.44,6.41,3.81
BATCH_063,81,14.79,0.0,2.44,6.41,3.53
BATCH_063,82,14.79,0.0,2.44,6.41,3.84
BATCH_063,83,14.79,0.0,2.44,6.41,3.24
BATCH_063,84,14.8,0.0,2.44,6.41,4.04
BATCH_063,85,14.8,0.0,2.44,6.41,3.61
BATCH_063,86,14.8,0.0,2.44,6.41,3.81
BATCH_063,87,14.8,0.0,2.44,6.41,3.64
BATCH_063,88,14.8,0.0,2.44,6.41,3.43
BATCH_063,89,14.8,0.0,2.44,6.41,3.59
BATCH_063,90,14.8,0.0,2.44,6.41,3.22
BATCH_063,91,14.8,0.0,2.44,6.41,3.74
BATCH_063,92,14.8,0.0,2.44,6.41,3.64
BATCH_063,93,14.8,0.0,2.44,6.41,3.56
BATCH_063,94,14.8,0.0,2.44,6.41,3.75
BATCH_063,95,14.8,0.0,2.44,6.41,3.61
BATCH_063,96,14.8,0.0,2.44,6.41,3.72
BATCH_063,97,14.8,0.0,2.44,6.41,3.79
BATCH_063,98,14.8,0.0,2.44,6.41,3.49
BATCH_063,99,14.8,0.0,2.44,6.41,3.44
BATCH_063,100,14.8,0.0,2.44,6.41,3.26
BATCH_063,101,14.8,0.0,2.44,6.41,3.63
BATCH_063,102,14.8,0.0,2.44,6.41,3.69
BATCH_063,103,14.8,0.0,2.44,6.41,3.34
BATCH_063,104,14.8,0.0,2.44,6.41,3.89
BATCH_063,105,14.8,0.0,2.44,6.41,3.44
BATCH_063,106,14.8,0.0,2.44,6.41,3.18
BATCH_063,107,14.8,0.0,2.44,6.41,3.9
BATCH_063,108,14.8,0.0,2.44,6.41,3.21
BATCH_063,109,14.8,0.0,2.44,6.41,3.8
BATCH_063,110,14.8,0.0,2.44,6.41,3.75
BATCH_063,111,14.8,0.0,2.44,6.41,3.67
BATCH_063,112,14.8,0.0,2.44,6.41,3.5
BATCH_063,113,14.8,0.0,2.44,6.41,3.7
BATCH_063,114,14.8,0.0,2.44,6.41,3.81
BATCH_063,115,14.8,0.0,2.44,6.41,3.41
BATCH_063,116,14.8,0.0,2.44,6.41,3.8
BATCH_063,117,14.8,0.0,2.44,6.41,3.79
BATCH_063,118,14.8,0.0,2.44,6.41,3.66
BATCH_063,119,14.8,0.0,2.44,6.41,3.5
BATCH_063,120,14.8,0.0,2.44,6.41,3.79
BATCH_064,0,12.27,14.15,0.46,0.0,5.91
BATCH_064,1,12.27,13.89,0.5,0.12,6.29
BATCH_064,2,12.28,13.61,0.53,0.25,6.84
BATCH_064,3,12.28,13.31,0.58,0.39,7.21
BATCH_064,4,12.29,12.99,0.62,0.54,7.44
BATCH_064,5,12.3,12.64,0.67,0.7,7.99
BATCH_064,6,12.31,12.26,0.72,0.87,8.26
BATCH_064,7,12.32,11.85,0.78,1.06,9.08
BATCH_064,8,12.33,11.42,0.84,1.26,9.47
BATCH_064,9,12.34,10.95,0.91,1.47,10.01
BATCH_064,10,12.36,10.44,0.98,1.71,10.61
BATCH_064,11,12.38,9.9,1.05,1.95,11.33
BATCH_064,12,12.39,9.33,1.14,2.22,11.94
BATCH_064,13,12.42,8.7,1.22,2.51,12.88
BATCH_064,14,12.44,8.04,1.31,2.81,13.41
BATCH_064,15,12.46,7.34,1.41,3.14,14.56
BATCH_064,16,12.49,6.58,1.52,3.48,15.29
BATCH_064,17,12.53,5.79,1.63,3.85,15.53
BATCH_064,18,12.56,4.95,1.75,4.23,16.34
BATCH_064,19,12.6,4.08,1.87,4.63,16.64
BATCH_064,20,12.65,3.18,2.0,5.05,16.81
BATCH_064,21,12.69,2.28,2.12,5.46,16.73
BATCH_064,22,12.75,1.41,2.24,5.86,14.5
BATCH_064,23,12.8,0.65,2.35,6.21,10.74
BATCH_064,24,12.87,0.13,2.42,6.45,4.48
BATCH_064,25,12.93,0.0,2.44,6.51,2.0
BATCH_064,26,13.01,0.0,2.44,6.51,2.08
BATCH_064,27,13.09,0.0,2.44,6.51,2.07
BATCH_064,28,13.17,0.0,2.44,6.51,2.2
BATCH_064,29,13.26,0.0,2.44,6.51,1.87
BATCH_064,30,13.35,0.0,2.44,6.51,2.62
BATCH_064,31,13.45,0.0,2.44,6.51,3.0
BATCH_064,32,13.55,0.0,2.44,6.51,2.69
BATCH_064,33,13.65,0.0,2.44,6.51,2.46
BATCH_064,34,13.76,0.0,2.44,6.51,2.69
BATCH_064,35,13.87,0.0,2.44,6.51,2.81
BATCH_064,36,13.98,0.0,2.44,6.51,2.78
BATCH_064,37,14.09,0.0,2.44,6.51,3.24
BATCH_064,38,14.2,0.0,2.44,6.51,3.31
BATCH_064,39,14.3,0.0,2.44,6.51,3.0
BATCH_064,40,14.41,0.0,2.44,6.51,3.45
BATCH_064,41,14.51,0.0,2.44,6.51,3.69
BATCH_064,42,14.61,0.0,2.44,6.51,3.83
BATCH_064,43,14.7,0.0,2.44,6.51,4.1
BATCH_064,44,14.79,0.0,2.44,6.51,3.41
BATCH_064,45,14.87,0.0,2.44,6.51,4.22
BATCH_064,46,14.95,0.0,2.44,6.51,3.64
BATCH_064,47,15.02,0.0,2.44,6.51,3.65
BATCH_064,48,15.09,0.0,2.44,6.51,3.88
BATCH_064,49,15.15,0.0,2.44,6.51,3.75
BATCH_064,50,15.21,0.0,2.44,6.51,3.99
BATCH_064,51,15.26,0.0,2.44,6.51,3.68
BATCH_064,52,15.31,0.0,2.44,6.51,3.94
BATCH_064,53,15.36,0.0,2.44,6.51,4.27
BATCH_064,54,15.39,0.0,2.44,6.51,4.03
BATCH_064,55,15.43,0.0,2.44,6.51,4.1
BATCH_064,56,15.46,0.0,2.44,6.51,4.19
BATCH_064,57,15.49,0.0,2.44,6.51,4.35
BATCH_064,58,15.52,0.0,2.44,6.51,3.81
BATCH_064,59,15.54,0.0,2.44,6.51,4.27
BATCH_064,60,15.56,0.0,2.44,6.51,4.12
BATCH_064,61,15.58,0.0,2.44,6.51,4.22
BATCH_064,62,15.6,0.0,2.44,6.51,4.41
BATCH_064,63,15.61,0.0,2.44,6.51,3.97
BATCH_064,64,15.63,0.0,2.44,6.51,4.02
BATCH_064,65,15.64,0.0,2.44,6.51,3.84
BATCH_064,66,15.65,0.0,2.44,6.51,4.13
BATCH_064,67,15.66,0.0,2.44,6.51,4.51
BATCH_064,68,15.67,0.0,2.44,6.51,4.23
BATCH_064,69,15.67,0.0,2.44,6.51,3.99
BATCH_064,70,15.68,0.0,2.44,6.51,4.16
BATCH_064,71,15.68,0.0,2.44,6.51,3.97
BATCH_064,72,15.69,0.0,2.44,6.51,4.04
BATCH_064,73,15.69,0.0,2.44,6.51,4.35
BATCH_064,74,15.7,0.0,2.44,6.51,4.04
BATCH_064,75,15.7,0.0,2.44,6.51,4.5
BATCH_064,76,15.71,0.0,2.44,6.51,4.26
BATCH_064,77,15.71,0.0,2.44,6.51,4.3
BATCH_064,78,15.71,0.0,2.44,6.51,4.23
BATCH_064,79,15.71,0.0,2.44,6.51,4.44
BATCH_064,80,15.71,0.0,2.44,6.51,4.44
BATCH_064,81,15.72,0.0,2.44,6.51,4.35
BATCH_064,82,15.72,0.0,2.44,6.51,4.4
BATCH_064,83,15.72,0.0,2.44,6.51,4.25
BATCH_064,84,15.72,0.0,2.44,6.51,4.4
BATCH_064,85,15.72,0.0,2.44,6.51,4.22
BATCH_064,86,15.72,0.0,2.44,6.51,4.29
BATCH_064,87,15.72,0.0,2.44,6.51,4.24
BATCH_064,88,15.72,0.0,2.44,6.51,4.2
BATCH_064,89,15.72,0.0,2.44,6.51,4.16
BATCH_064,90,15.72,0.0,2.44,6.51,4.39
BATCH_064,91,15.72,0.0,2.44,6.51,4.56
BATCH_064,92,15.73,0.0,2.44,6.51,4.53
BATCH_064,93,15.73,0.0,2.44,6.51,4.04
BATCH_064,94,15.73,0.0,2.44,6.51,4.55
BATCH_064,95,15.73,0.0,2.44,6.51,4.23
BATCH_064,96,15.73,0.0,2.44,6.51,4.42
BATCH_064,97,15.73,0.0,2.44,6.51,4.11
BATCH_064,98,15.73,0.0,2.44,6.51,4.32
BATCH_064,99,15.73,0.0,2.44,6.51,4.36
BATCH_064,100,15.73,0.0,2.44,6.51,4.0
BATCH_064,101,15.73,0.0,2.44,6.51,4.42
BATCH_064,102,15.73,0.0,2.44,6.51,4.56
BATCH_064,103,15.73,0.0,2.44,6.51,4.26
BATCH_064,104,15.73,0.0,2.44,6.51,4.57
BATCH_064,105,15.73,0.0,2.44,6.51,4.26
BATCH_064,106,15.73,0.0,2.44,6.51,4.47
BATCH_064,107,15.73,0.0,2.44,6.51,3.85
BATCH_064,108,15.73,0.0,2.44,6.51,4.78
BATCH_064,109,15.73,0.0,2.44,6.51,4.6
BATCH_064,110,15.73,0.0,2.44,6.51,4.24
BATCH_064,111,15.73,0.0,2.44,6.51,3.9
BATCH_064,112,15.73,0.0,2.44,6.51,4.35
BATCH_064,113,15.73,0.0,2.44,6.51,4.01
BATCH_064,114,15.73,0.0,2.44,6.51,4.39
BATCH_064,115,15.73,0.0,2.44,6.51,4.38
BATCH_064,116,15.73,0.0,2.44,6.51,4.11
BATCH_064,117,15.73,0.0,2.44,6.51,4.52
BATCH_064,118,15.73,0.0,2.44,6.51,4.46
BATCH_064,119,15.73,0.0,2.44,6.51,4.49
BATCH_064,120,15.73,0.0,2.44,6.51,4.3
BATCH_065,0,13.2,13.58,0.54,0.0,7.43
BATCH_065,1,13.21,13.26,0.58,0.15,7.89
BATCH_065,2,13.21,12.92,0.63,0.3,8.34
BATCH_065,3,13.22,12.55,0.68,0.47,8.94
BATCH_065,4,13.23,12.16,0.74,0.65,9.49
BATCH_065,5,13.23,11.73,0.8,0.85,10.1
BATCH_065,6,13.24,11.27,0.86,1.06,11.02
BATCH_065,7,13.25,10.77,0.93,1.29,11.41
BATCH_065,8,13.27,10.24,1.01,1.54,11.83
BATCH_065,9,13.28,9.66,1.09,1.8,12.64
BATCH_065,10,13.29,9.04,1.17,2.08,13.69
BATCH_065,11,13.31,8.38,1.27,2.39,14.32
BATCH_065,12,13.33,7.67,1.37,2.72,15.26
BATCH_065,13,13.35,6.92,1.47,3.06,15.66
BATCH_065,14,13.37,6.12,1.58,3.43,16.38
BATCH_065,15,13.4,5.27,1.7,3.82,17.08
BATCH_065,16,13.43,4.38,1.83,4.23,17.68
BATCH_065,17,13.46,3.46,1.96,4.65,17.78
BATCH_065,18,13.5,2.52,2.09,5.08,17.7
BATCH_065,19,13.54,1.61,2.21,5.5,16.22
BATCH_065,20,13.58,0.8,2.33,5.88,12.84
BATCH_065,21,13.63,0.2,2.41,6.15,5.6
BATCH_065,22,13.68,0.0,2.44,6.24,2.57
BATCH_065,23,13.74,0.0,2.44,6.24,2.96
BATCH_065,24,13.8,0.0,2.44,6.24,2.89
BATCH_065,25,13.87,0.0,2.44,6.24,2.91
BATCH_065,26,13.94,0.0,2.44,6.24,3.21
BATCH_065,27,14.02,0.0,2.44,6.24,2.81
BATCH_065,28,14.1,0.0,2.44,6.24,2.93
BATCH_065,29,14.19,0.0,2.44,6.24,2.97
BATCH_065,30,14.29,0.0,2.44,6.24,2.81
BATCH_065,31,14.38,0.0,2.44,6.24,3.31
BATCH_065,32,14.48,0.0,2.44,6.24,3.26
BATCH_065,33,14.59,0.0,2.44,6.24,3.29
BATCH_065,34,14.69,0.0,2.44,6.24,3.34
BATCH_065,35,14.8,0.0,2.44,6.24,3.6
BATCH_065,36,14.91,0.0,2.44,6.24,3.52
BATCH_065,37,15.02,0.0,2.44,6.24,3.81
BATCH_065,38,15.13,0.0,2.44,6.24,3.94
BATCH_065,39,15.24,0.0,2.44,6.24,3.87
BATCH_065,40,15.34,0.0,2.44,6.24,3.93
BATCH_065,41,15.44,0.0,2.44,6.24,4.12
BATCH_065,42,15.54,0.0,2.44,6.24,4.15
BATCH_065,43,15.63,0.0,2.44,6.24,4.49
BATCH_065,44,15.72,0.0,2.44,6.24,4.35
BATCH_065,45,15.8,0.0,2.44,6.24,4.57
BATCH_065,46,15.88,0.0,2.44,6.24,4.53
BATCH_065,47,15.96,0.0,2.44,6.24,4.2
BATCH_065,48,16.02,0.0,2.44,6.24,4.41
BATCH_065,49,16.09,0.0,2.44,6.24,4.56
BATCH_065,50,16.14,0.0,2.44,6.24,4.78
BATCH_065,51,16.2,0.0,2.44,6.24,5.03
BATCH_065,52,16.25,0.0,2.44,6.24,4.59
BATCH_065,53,16.29,0.0,2.44,6.24,4.73
BATCH_065,54,16.33,0.0,2.44,6.24,4.91
BATCH_065,55,16.36,0.0,2.44,6.24,4.76
BATCH_065,56,16.4,0.0,2.44,6.24,5.13
BATCH_065,57,16.43,0.0,2.44,6.24,4.55
BATCH_065,58,16.45,0.0,2.44,6.24,4.97
BATCH_065,59,16.48,0.0,2.44,6.24,4.99
BATCH_065,60,16.5,0.0,2.44,6.24,5.1
BATCH_065,61,16.52,0.0,2.44,6.24,4.9
BATCH_065,62,16.53,0.0,2.44,6.24,5.08
BATCH_065,63,16.55,0.0,2.44,6.24,4.86
BATCH_065,64,16.56,0.0,2.44,6.24,4.76
BATCH_065,65,16.57,0.0,2.44,6.24,4.74
BATCH_065,66,16.58,0.0,2.44,6.24,4.65
BATCH_065,67,16.59,0.0,2.44,6.24,4.86
BATCH_065,68,16.6,0.0,2.44,6.24,5.01
BATCH_065,69,16.61,0.0,2.44,6.24,4.91
BATCH_065,70,16.61,0.0,2.44,6.24,5.0
BATCH_065,71,16.62,0.0,2.44,6.24,5.21
BATCH_065,72,16.62,0.0,2.44,6.24,4.86
BATCH_065,73,16.63,0.0,2.44,6.24,5.44
BATCH_065,74,16.63,0.0,2.44,6.24,5.13
BATCH_065,75,16.64,0.0,2.44,6.24,4.94
BATCH_065,76,16.64,0.0,2.44,6.24,4.94
BATCH_065,77,16.64,0.0,2.44,6.24,4.78
BATCH_065,78,16.64,0.0,2.44,6.24,4.98
BATCH_065,79,16.65,0.0,2.44,6.24,4.55
BATCH_065,80,16.65,0.0,2.44,6.24,5.24
BATCH_065,81,16.65,0.0,2.44,6.24,4.42
BATCH_065,82,16.65,0.0,2.44,6.24,5.0
BATCH_065,83,16.65,0.0,2.44,6.24,4.76
BATCH_065,84,16.65,0.0,2.44,6.24,4.85
BATCH_065,85,16.65,0.0,2.44,6.24,4.88
BATCH_065,86,16.66,0.0,2.44,6.24,5.38
BATCH_065,87,16.66,0.0,2.44,6.24,4.77
BATCH_065,88,16.66,0.0,2.44,6.24,5.18
BATCH_065,89,16.66,0.0,2.44,6.24,5.23
BATCH_065,90,16.66,0.0,2.44,6.24,4.53
BATCH_065,91,16.66,0.0,2.44,6.24,4.87
BATCH_065,92,16.66,0.0,2.44,6.24,5.29
BATCH_065,93,16.66,0.0,2.44,6.24,4.73
BATCH_065,94,16.66,0.0,2.44,6.24,5.23
BATCH_065,95,16.66,0.0,2.44,6.24,4.99
BATCH_065,96,16.66,0.0,2.44,6.24,4.98
BATCH_065,97,16.66,0.0,2.44,6.24,5.01
BATCH_065,98,16.66,0.0,2.44,6.24,5.06
BATCH_065,99,16.66,0.0,2.44,6.24,4.8
BATCH_065,100,16.66,0.0,2.44,6.24,4.94
BATCH_065,101,16.66,0.0,2.44,6.24,5.07
BATCH_065,102,16.66,0.0,2.44,6.24,5.03
BATCH_065,103,16.66,0.0,2.44,6.24,5.07
BATCH_065,104,16.66,0.0,2.44,6.24,4.85
BATCH_065,105,16.66,0.0,2.44,6.24,5.12
BATCH_065,106,16.66,0.0,2.44,6.24,5.02
BATCH_065,107,16.66,0.0,2.44,6.24,4.68
BATCH_065,108,16.66,0.0,2.44,6.24,4.89
BATCH_065,109,16.66,0.0,2.44,6.24,4.82
BATCH_065,110,16.66,0.0,2.44,6.24,4.81
BATCH_065,111,16.66,0.0,2.44,6.24,4.9
BATCH_065,112,16.66,0.0,2.44,6.24,5.12
BATCH_065,113,16.66,0.0,2.44,6.24,4.87
BATCH_065,114,16.66,0.0,2.44,6.24,5.04
BATCH_065,115,16.66,0.0,2.44,6.24,5.01
BATCH_065,116,16.66,0.0,2.44,6.24,4.84
BATCH_065,117,16.66,0.0,2.44,6.24,4.93
BATCH_065,118,16.66,0.0,2.44,6.24,5.17
BATCH_065,119,16.66,0.0,2.44,6.24,5.03
BATCH_065,120,16.66,0.0,2.44,6.24,5.11
BATCH_066,0,11.24,14.38,0.52,0.0,5.19
BATCH_066,1,11.24,14.1,0.56,0.13,6.16
BATCH_066,2,11.25,13.8,0.6,0.27,6.48
BATCH_066,3,11.26,13.47,0.64,0.42,6.71
BATCH_066,4,11.26,13.12,0.69,0.58,7.06
BATCH_066,5,11.27,12.75,0.75,0.75,7.78
BATCH_066,6,11.28,12.35,0.8,0.94,8.22
BATCH_066,7,11.29,11.92,0.86,1.13,8.48
BATCH_066,8,11.3,11.45,0.93,1.35,9.0
BATCH_066,9,11.32,10.96,1.0,1.58,9.33
BATCH_066,10,11.33,10.43,1.07,1.82,10.4
BATCH_066,11,11.35,9.86,1.15,2.08,11.01
BATCH_066,12,11.37,9.25,1.24,2.36,11.94
BATCH_066,13,11.39,8.6,1.33,2.66,12.5
BATCH_066,14,11.41,7.91,1.42,2.98,13.42
BATCH_066,15,11.44,7.18,1.53,3.31,13.75
BATCH_066,16,11.47,6.4,1.63,3.67,14.83
BATCH_066,17,11.5,5.59,1.75,4.05,15.16
BATCH_066,18,11.53,4.73,1.87,4.44,15.97
BATCH_066,19,11.57,3.84,1.99,4.85,15.85
BATCH_066,20,11.62,2.93,2.12,5.27,16.11
BATCH_066,21,11.67,2.03,2.25,5.68,14.82
BATCH_066,22,11.72,1.19,2.36,6.07,12.89
BATCH_066,23,11.78,0.48,2.46,6.39,8.42
BATCH_066,24,11.84,0.06,2.52,6.59,2.21
BATCH_066,25,11.91,0.0,2.53,6.62,1.22
BATCH_066,26,11.98,0.0,2.53,6.62,1.65
BATCH_066,27,12.06,0.0,2.53,6.62,1.52
BATCH_066,28,12.14,0.0,2.53,6.62,1.51
BATCH_066,29,12.23,0.0,2.53,6.62,1.68
BATCH_066,30,12.32,0.0,2.53,6.62,2.27
BATCH_066,31,12.42,0.0,2.53,6.62,2.05
BATCH_066,32,12.52,0.0,2.53,6.62,2.12
BATCH_066,33,12.63,0.0,2.53,6.62,2.06
BATCH_066,34,12.73,0.0,2.53,6.62,2.08
BATCH_066,35,12.84,0.0,2.53,6.62,1.65
BATCH_066,36,12.95,0.0,2.53,6.62,2.08
BATCH_066,37,13.06,0.0,2.53,6.62,2.2
BATCH_066,38,13.17,0.0,2.53,6.62,2.0
BATCH_066,39,13.28,0.0,2.53,6.62,2.22
BATCH_066,40,13.38,0.0,2.53,6.62,2.14
BATCH_066,41,13.48,0.0,2.53,6.62,2.6
BATCH_066,42,13.58,0.0,2.53,6.62,2.85
BATCH_066,43,13.67,0.0,2.53,6.62,2.97
BATCH_066,44,13.76,0.0,2.53,6.62,2.9
BATCH_066,45,13.84,0.0,2.53,6.62,2.69
BATCH_066,46,13.92,0.0,2.53,6.62,2.55
BATCH_066,47,13.99,0.0,2.53,6.62,2.64
BATCH_066,48,14.06,0.0,2.53,6.62,2.79
BATCH_066,49,14.12,0.0,2.53,6.62,2.92
BATCH_066,50,14.18,0.0,2.53,6.62,3.1
BATCH_066,51,14.24,0.0,2.53,6.62,2.97
BATCH_066,52,14.28,0.0,2.53,6.62,3.28
BATCH_066,53,14.33,0.0,2.53,6.62,3.2
BATCH_066,54,14.37,0.0,2.53,6.62,3.28
BATCH_066,55,14.4,0.0,2.53,6.62,3.53
BATCH_066,56,14.44,0.0,2.53,6.62,3.09
BATCH_066,57,14.46,0.0,2.53,6.62,3.43
BATCH_066,58,14.49,0.0,2.53,6.62,3.37
BATCH_066,59,14.51,0.0,2.53,6.62,3.32
BATCH_066,60,14.53,0.0,2.53,6.62,3.58
BATCH_066,61,14.55,0.0,2.53,6.62,3.59
BATCH_066,62,14.57,0.0,2.53,6.62,3.24
BATCH_066,63,14.58,0.0,2.53,6.62,3.4
BATCH_066,64,14.6,0.0,2.53,6.62,3.5
BATCH_066,65,14.61,0.0,2.53,6.62,3.4
BATCH_066,66,14.62,0.0,2.53,6.62,3.58
BATCH_066,67,14.63,0.0,2.53,6.62,3.53
BATCH_066,68,14.64,0.0,2.53,6.62,3.84
BATCH_066,69,14.65,0.0,2.53,6.62,3.18
BATCH_066,70,14.65,0.0,2.53,6.62,3.46
BATCH_066,71,14.66,0.0,2.53,6.62,3.31
BATCH_066,72,14.66,0.0,2.53,6.62,3.62
BATCH_066,73,14.67,0.0,2.53,6.62,3.18
BATCH_066,74,14.67,0.0,2.53,6.62,3.57
BATCH_066,75,14.67,0.0,2.53,6.62,3.38
BATCH_066,76,14.68,0.0,2.53,6.62,3.36
BATCH_066,77,14.68,0.0,2.53,6.62,3.22
BATCH_066,78,14.68,0.0,2.53,6.62,3.42
BATCH_066,79,14.68,0.0,2.53,6.62,3.73
BATCH_066,80,14.69,0.0,2.53,6.62,3.51
BATCH_066,81,14.69,0.0,2.53,6.62,3.64
BATCH_066,82,14.69,0.0,2.53,6.62,3.85
BATCH_066,83,14.69,0.0,2.53,6.62,3.57
BATCH_066,84,14.69,0.0,2.53,6.62,3.41
BATCH_066,85,14.69,0.0,2.53,6.62,3.61
BATCH_066,86,14.69,0.0,2.53,6.62,3.41
BATCH_066,87,14.69,0.0,2.53,6.62,3.42
BATCH_066,88,14.7,0.0,2.53,6.62,3.22
BATCH_066,89,14.7,0.0,2.53,6.62,3.71
BATCH_066,90,14.7,0.0,2.53,6.62,3.45
BATCH_066,91,14.7,0.0,2.53,6.62,3.56
BATCH_066,92,14.7,0.0,2.53,6.62,3.32
BATCH_066,93,14.7,0.0,2.53,6.62,3.61
BATCH_066,94,14.7,0.0,2.53,6.62,3.37
BATCH_066,95,14.7,0.0,2.53,6.62,3.5
BATCH_066,96,14.7,0.0,2.53,6.62,3.7
BATCH_066,97,14.7,0.0,2.53,6.62,3.68
BATCH_066,98,14.7,0.0,2.53,6.62,3.52
BATCH_066,99,14.7,0.0,2.53,6.62,3.17
BATCH_066,100,14.7,0.0,2.53,6.62,4.12
BATCH_066,101,14.7,0.0,2.53,6.62,3.87
BATCH_066,102,14.7,0.0,2.53,6.62,3.67
BATCH_066,103,14.7,0.0,2.53,6.62,3.37
BATCH_066,104,14.7,0.0,2.53,6.62,3.5
BATCH_066,105,14.7,0.0,2.53,6.62,3.42
BATCH_066,106,14.7,0.0,2.53,6.62,3.78
BATCH_066,107,14.7,0.0,2.53,6.62,3.58
BATCH_066,108,14.7,0.0,2.53,6.62,3.37
BATCH_066,109,14.7,0.0,2.53,6.62,3.43
BATCH_066,110,14.7,0.0,2.53,6.62,3.75
BATCH_066,111,14.7,0.0,2.53,6.62,3.85
BATCH_066,112,14.7,0.0,2.53,6.62,3.83
BATCH_066,113,14.7,0.0,2.53,6.62,3.68
BATCH_066,114,14.7,0.0,2.53,6.62,3.47
BATCH_066,115,14.7,0.0,2.53,6.62,2.88
BATCH_066,116,14.7,0.0,2.53,6.62,3.58
BATCH_066,117,14.7,0.0,2.53,6.62,3.53
BATCH_066,118,14.7,0.0,2.53,6.62,3.55
BATCH_066,119,14.7,0.0,2.53,6.62,3.54
BATCH_066,120,14.7,0.0,2.53,6.62,3.26
BATCH_067,0,12.77,14.17,0.53,0.0,6.88
BATCH_067,1,12.78,13.86,0.57,0.14,7.65
BATCH_067,2,12.78,13.54,0.61,0.29,7.85
BATCH_067,3,12.79,13.18,0.66,0.45,8.32
BATCH_067,4,12.8,12.8,0.72,0.63,9.29
BATCH_067,5,12.81,12.39,0.77,0.82,9.52
BATCH_067,6,12.82,11.95,0.84,1.02,9.84
BATCH_067,7,12.83,11.48,0.9,1.24,10.58
BATCH_067,8,12.84,10.96,0.97,1.47,11.22
BATCH_067,9,12.85,10.41,1.05,1.73,12.24
BATCH_067,10,12.87,9.82,1.13,2.0,12.63
BATCH_067,11,12.88,9.19,1.22,2.29,13.82
BATCH_067,12,12.9,8.51,1.32,2.6,13.9
BATCH_067,13,12.92,7.78,1.42,2.94,14.96
BATCH_067,14,12.95,7.01,1.53,3.29,15.62
BATCH_067,15,12.97,6.18,1.64,3.67,16.45
BATCH_067,16,13.0,5.32,1.76,4.07,17.15
BATCH_067,17,13.03,4.41,1.89,4.49,17.64
BATCH_067,18,13.07,3.47,2.02,4.92,18.35
BATCH_067,19,13.11,2.52,2.16,5.36,17.89
BATCH_067,20,13.15,1.59,2.29,5.79,16.1
BATCH_067,21,13.2,0.76,2.4,6.17,12.11
BATCH_067,22,13.25,0.17,2.49,6.44,5.09
BATCH_067,23,13.31,0.0,2.51,6.52,2.63
BATCH_067,24,13.37,0.0,2.51,6.52,2.59
BATCH_067,25,13.44,0.0,2.51,6.52,2.55
BATCH_067,26,13.51,0.0,2.51,6.52,2.74
BATCH_067,27,13.59,0.0,2.51,6.52,2.87
BATCH_067,28,13.68,0.0,2.51,6.52,2.73
BATCH_067,29,13.76,0.0,2.51,6.52,2.67
BATCH_067,30,13.86,0.0,2.51,6.52,2.63
BATCH_067,31,13.96,0.0,2.51,6.52,3.02
BATCH_067,32,14.06,0.0,2.51,6.52,3.48
BATCH_067,33,14.16,0.0,2.51,6.52,2.9
BATCH_067,34,14.27,0.0,2.51,6.52,3.42
BATCH_067,35,14.38,0.0,2.51,6.52,3.15
BATCH_067,36,14.48,0.0,2.51,6.52,3.27
BATCH_067,37,14.59,0.0,2.51,6.52,3.63
BATCH_067,38,14.7,0.0,2.51,6.52,3.48
BATCH_067,39,14.81,0.0,2.51,6.52,3.66
BATCH_067,40,14.91,0.0,2.51,6.52,3.73
BATCH_067,41,15.01,0.0,2.51,6.52,3.63
BATCH_067,42,15.11,0.0,2.51,6.52,4.01
BATCH_067,43,15.21,0.0,2.51,6.52,3.89
BATCH_067,44,15.29,0.0,2.51,6.52,3.69
BATCH_067,45,15.38,0.0,2.51,6.52,3.85
BATCH_067,46,15.46,0.0,2.51,6.52,3.47
BATCH_067,47,15.53,0.0,2.51,6.52,4.16
BATCH_067,48,15.6,0.0,2.51,6.52,4.46
BATCH_067,49,15.66,0.0,2.51,6.52,4.03
BATCH_067,50,15.72,0.0,2.51,6.52,4.4
BATCH_067,51,15.77,0.0,2.51,6.52,4.41
BATCH_067,52,15.82,0.0,2.51,6.52,4.21
BATCH_067,53,15.86,0.0,2.51,6.52,4.7
BATCH_067,54,15.9,0.0,2.51,6.52,4.37
BATCH_067,55,15.94,0.0,2.51,6.52,4.85
BATCH_067,56,15.97,0.0,2.51,6.52,4.15
BATCH_067,57,16.0,0.0,2.51,6.52,4.45
BATCH_067,58,16.02,0.0,2.51,6.52,4.49
BATCH_067,59,16.05,0.0,2.51,6.52,4.53
BATCH_067,60,16.07,0.0,2.51,6.52,4.69
BATCH_067,61,16.09,0.0,2.51,6.52,5.25
BATCH_067,62,16.1,0.0,2.51,6.52,4.67
BATCH_067,63,16.12,0.0,2.51,6.52,4.59
BATCH_067,64,16.13,0.0,2.51,6.52,4.38
BATCH_067,65,16.14,0.0,2.51,6.52,4.23
BATCH_067,66,16.15,0.0,2.51,6.52,4.85
BATCH_067,67,16.16,0.0,2.51,6.52,4.51
BATCH_067,68,16.17,0.0,2.51,6.52,5.15
BATCH_067,69,16.18,0.0,2.51,6.52,4.81
BATCH_067,70,16.19,0.0,2.51,6.52,4.71
BATCH_067,71,16.19,0.0,2.51,6.52,4.72
BATCH_067,72,16.2,0.0,2.51,6.52,4.73
BATCH_067,73,16.2,0.0,2.51,6.52,4.51
BATCH_067,74,16.2,0.0,2.51,6.52,4.3
BATCH_067,75,16.21,0.0,2.51,6.52,4.55
BATCH_067,76,16.21,0.0,2.51,6.52,4.65
BATCH_067,77,16.21,0.0,2.51,6.52,4.53
BATCH_067,78,16.22,0.0,2.51,6.52,4.41
BATCH_067,79,16.22,0.0,2.51,6.52,4.51
BATCH_067,80,16.22,0.0,2.51,6.52,4.87
BATCH_067,81,16.22,0.0,2.51,6.52,4.82
BATCH_067,82,16.22,0.0,2.51,6.52,4.7
BATCH_067,83,16.23,0.0,2.51,6.52,4.79
BATCH_067,84,16.23,0.0,2.51,6.52,4.44
BATCH_067,85,16.23,0.0,2.51,6.52,4.51
BATCH_067,86,16.23,0.0,2.51,6.52,4.73
BATCH_067,87,16.23,0.0,2.51,6.52,4.47
BATCH_067,88,16.23,0.0,2.51,6.52,4.69
BATCH_067,89,16.23,0.0,2.51,6.52,4.42
BATCH_067,90,16.23,0.0,2.51,6.52,4.34
BATCH_067,91,16.23,0.0,2.51,6.52,4.82
BATCH_067,92,16.23,0.0,2.51,6.52,4.88
BATCH_067,93,16.23,0.0,2.51,6.52,4.55
BATCH_067,94,16.23,0.0,2.51,6.52,4.37
BATCH_067,95,16.23,0.0,2.51,6.52,4.23
BATCH_067,96,16.23,0.0,2.51,6.52,5.04
BATCH_067,97,16.23,0.0,2.51,6.52,4.7
BATCH_067,98,16.23,0.0,2.51,6.52,4.55
BATCH_067,99,16.23,0.0,2.51,6.52,4.6
BATCH_067,100,16.23,0.0,2.51,6.52,4.29
BATCH_067,101,16.23,0.0,2.51,6.52,4.8
BATCH_067,102,16.23,0.0,2.51,6.52,5.08
BATCH_067,103,16.23,0.0,2.51,6.52,4.52
BATCH_067,104,16.23,0.0,2.51,6.52,5.15
BATCH_067,105,16.23,0.0,2.51,6.52,4.65
BATCH_067,106,16.23,0.0,2.51,6.52,5.01
BATCH_067,107,16.23,0.0,2.51,6.52,4.74
BATCH_067,108,16.23,0.0,2.51,6.52,4.74
BATCH_067,109,16.23,0.0,2.51,6.52,5.04
BATCH_067,110,16.23,0.0,2.51,6.52,4.83
BATCH_067,111,16.23,0.0,2.51,6.52,4.75
BATCH_067,112,16.23,0.0,2.51,6.52,4.29
BATCH_067,113,16.23,0.0,2.51,6.52,4.37
BATCH_067,114,16.23,0.0,2.51,6.52,4.77
BATCH_067,115,16.23,0.0,2.51,6.52,4.97
BATCH_067,116,16.23,0.0,2.51,6.52,4.7
BATCH_067,117,16.23,0.0,2.51,6.52,4.56
BATCH_067,118,16.23,0.0,2.51,6.52,4.31
BATCH_067,119,16.23,0.0,2.51,6.52,4.52
BATCH_067,120,16.23,0.0,2.51,6.52,4.7
BATCH_068,0,12.39,13.74,0.46,0.0,6.1
BATCH_068,1,12.39,13.48,0.5,0.12,6.62
BATCH_068,2,12.4,13.2,0.54,0.25,6.96
BATCH_068,3,12.4,12.9,0.58,0.39,7.17
BATCH_068,4,12.41,12.57,0.63,0.54,7.79
BATCH_068,5,12.42,12.22,0.68,0.7,7.91
BATCH_068,6,12.43,11.84,0.73,0.88,8.46
BATCH_068,7,12.44,11.43,0.79,1.06,8.67
BATCH_068,8,12.45,10.99,0.85,1.27,9.36
BATCH_068,9,12.46,10.52,0.91,1.48,10.57
BATCH_068,10,12.48,10.01,0.98,1.72,11.16
BATCH_068,11,12.49,9.47,1.06,1.97,11.49
BATCH_068,12,12.51,8.88,1.14,2.24,12.5
BATCH_068,13,12.53,8.26,1.23,2.52,12.85
BATCH_068,14,12.56,7.6,1.32,2.83,13.56
BATCH_068,15,12.58,6.89,1.42,3.15,14.36
BATCH_068,16,12.61,6.14,1.53,3.5,15.04
BATCH_068,17,12.65,5.34,1.64,3.86,15.68
BATCH_068,18,12.68,4.51,1.75,4.25,16.5
BATCH_068,19,12.72,3.64,1.88,4.65,16.61
BATCH_068,20,12.76,2.76,2.0,5.05,16.6
BATCH_068,21,12.81,1.89,2.12,5.45,15.74
BATCH_068,22,12.87,1.08,2.23,5.83,13.19
BATCH_068,23,12.92,0.41,2.33,6.13,8.2
BATCH_068,24,12.99,0.04,2.38,6.3,2.6
BATCH_068,25,13.05,0.0,2.39,6.32,2.32
BATCH_068,26,13.13,0.0,2.39,6.32,2.31
BATCH_068,27,13.21,0.0,2.39,6.32,2.42
BATCH_068,28,13.29,0.0,2.39,6.32,2.46
BATCH_068,29,13.38,0.0,2.39,6.32,3.05
BATCH_068,30,13.47,0.0,2.39,6.32,2.34
BATCH_068,31,13.57,0.0,2.39,6.32,2.28
BATCH_068,32,13.67,0.0,2.39,6.32,2.82
BATCH_068,33,13.77,0.0,2.39,6.32,2.75
BATCH_068,34,13.88,0.0,2.39,6.32,2.97
BATCH_068,35,13.99,0.0,2.39,6.32,3.11
BATCH_068,36,14.1,0.0,2.39,6.32,3.33
BATCH_068,37,14.21,0.0,2.39,6.32,2.85
BATCH_068,38,14.32,0.0,2.39,6.32,3.12
BATCH_068,39,14.42,0.0,2.39,6.32,3.4
BATCH_068,40,14.53,0.0,2.39,6.32,3.55
BATCH_068,41,14.63,0.0,2.39,6.32,3.91
BATCH_068,42,14.72,0.0,2.39,6.32,3.73
BATCH_068,43,14.82,0.0,2.39,6.32,3.6
BATCH_068,44,14.91,0.0,2.39,6.32,3.5
BATCH_068,45,14.99,0.0,2.39,6.32,3.63
BATCH_068,46,15.07,0.0,2.39,6.32,3.68
BATCH_068,47,15.14,0.0,2.39,6.32,3.99
BATCH_068,48,15.21,0.0,2.39,6.32,3.96
BATCH_068,49,15.27,0.0,2.39,6.32,3.69
BATCH_068,50,15.33,0.0,2.39,6.32,3.91
BATCH_068,51,15.38,0.0,2.39,6.32,4.21
BATCH_068,52,15.43,0.0,2.39,6.32,4.14
BATCH_068,53,15.47,0.0,2.39,6.32,4.22
BATCH_068,54,15.51,0.0,2.39,6.32,4.21
BATCH_068,55,15.55,0.0,2.39,6.32,4.49
BATCH_068,56,15.58,0.0,2.39,6.32,4.23
BATCH_068,57,15.61,0.0,2.39,6.32,4.13
BATCH_068,58,15.64,0.0,2.39,6.32,4.04
BATCH_068,59,15.66,0.0,2.39,6.32,4.3
BATCH_068,60,15.68,0.0,2.39,6.32,3.77
BATCH_068,61,15.7,0.0,2.39,6.32,4.24
BATCH_068,62,15.72,0.0,2.39,6.32,4.25
BATCH_068,63,15.73,0.0,2.39,6.32,4.03
BATCH_068,64,15.74,0.0,2.39,6.32,4.12
BATCH_068,65,15.76,0.0,2.39,6.32,4.48
BATCH_068,66,15.77,0.0,2.39,6.32,4.37
BATCH_068,67,15.78,0.0,2.39,6.32,4.35
BATCH_068,68,15.78,0.0,2.39,6.32,4.4
BATCH_068,69,15.79,0.0,2.39,6.32,4.36
BATCH_068,70,15.8,0.0,2.39,6.32,4.6
BATCH_068,71,15.8,0.0,2.39,6.32,4.38
BATCH_068,72,15.81,0.0,2.39,6.32,4.07
BATCH_068,73,15.81,0.0,2.39,6.32,4.69
BATCH_068,74,15.82,0.0,2.39,6.32,4.44
BATCH_068,75,15.82,0.0,2.39,6.32,4.25
BATCH_068,76,15.82,0.0,2.39,6.32,4.12
BATCH_068,77,15.83,0.0,2.39,6.32,4.45
BATCH_068,78,15.83,0.0,2.39,6.32,4.35
BATCH_068,79,15.83,0.0,2.39,6.32,4.69
BATCH_068,80,15.83,0.0,2.39,6.32,4.31
BATCH_068,81,15.83,0.0,2.39,6.32,4.21
BATCH_068,82,15.84,0.0,2.39,6.32,4.56
BATCH_068,83,15.84,0.0,2.39,6.32,4.56
BATCH_068,84,15.84,0.0,2.39,6.32,4.41
BATCH_068,85,15.84,0.0,2.39,6.32,4.52
BATCH_068,86,15.84,0.0,2.39,6.32,4.37
BATCH_068,87,15.84,0.0,2.39,6.32,4.43
BATCH_068,88,15.84,0.0,2.39,6.32,4.61
BATCH_068,89,15.84,0.0,2.39,6.32,4.51
BATCH_068,90,15.84,0.0,2.39,6.32,4.35
BATCH_068,91,15.84,0.0,2.39,6.32,4.65
BATCH_068,92,15.84,0.0,2.39,6.32,3.91
BATCH_068,93,15.84,0.0,2.39,6.32,4.79
BATCH_068,94,15.84,0.0,2.39,6.32,4.04
BATCH_068,95,15.85,0.0,2.39,6.32,4.26
BATCH_068,96,15.85,0.0,2.39,6.32,4.38
BATCH_068,97,15.85,0.0,2.39,6.32,4.36
BATCH_068,98,15.85,0.0,2.39,6.32,4.59
BATCH_068,99,15.85,0.0,2.39,6.32,4.17
BATCH_068,100,15.85,0.0,2.39,6.32,4.44
BATCH_068,101,15.85,0.0,2.39,6.32,4.27
BATCH_068,102,15.85,0.0,2.39,6.32,4.44
BATCH_068,103,15.85,0.0,2.39,6.32,4.37
BATCH_068,104,15.85,0.0,2.39,6.32,4.4
BATCH_068,105,15.85,0.0,2.39,6.32,4.28
BATCH_068,106,15.85,0.0,2.39,6.32,4.28
BATCH_068,107,15.85,0.0,2.39,6.32,4.44
BATCH_068,108,15.85,0.0,2.39,6.32,4.57
BATCH_068,109,15.85,0.0,2.39,6.32,4.27
BATCH_068,110,15.85,0.0,2.39,6.32,4.21
BATCH_068,111,15.85,0.0,2.39,6.32,4.51
BATCH_068,112,15.85,0.0,2.39,6.32,4.38
BATCH_068,113,15.85,0.0,2.39,6.32,4.55
BATCH_068,114,15.85,0.0,2.39,6.32,4.2
BATCH_068,115,15.85,0.0,2.39,6.32,4.03
BATCH_068,116,15.85,0.0,2.39,6.32,4.28
BATCH_068,117,15.85,0.0,2.39,6.32,4.23
BATCH_068,118,15.85,0.0,2.39,6.32,4.37
BATCH_068,119,15.85,0.0,2.39,6.32,4.26
BATCH_068,120,15.85,0.0,2.39,6.32,4.53
BATCH_069,0,13.14,13.91,0.51,0.0,7.28
BATCH_069,1,13.14,13.62,0.55,0.14,7.6
BATCH_069,2,13.15,13.3,0.59,0.28,8.41
BATCH_069,3,13.16,12.95,0.64,0.44,8.48
BATCH_069,4,13.16,12.58,0.69,0.61,8.77
BATCH_069,5,13.17,12.18,0.75,0.8,9.44
BATCH_069,6,13.18,11.75,0.81,1.0,9.85
BATCH_069,7,13.19,11.28,0.87,1.21,10.65
BATCH_069,8,13.2,10.78,0.95,1.44,11.69
BATCH_069,9,13.22,10.23,1.02,1.69,12.27
BATCH_069,10,13.23,9.65,1.1,1.96,13.14
BATCH_069,11,13.25,9.03,1.19,2.25,13.58
BATCH_069,12,13.27,8.36,1.28,2.56,14.3
BATCH_069,13,13.29,7.64,1.38,2.89,14.87
BATCH_069,14,13.31,6.88,1.49,3.24,15.93
BATCH_069,15,13.34,6.07,1.6,3.61,16.62
BATCH_069,16,13.37,5.21,1.72,4.0,17.5
BATCH_069,17,13.4,4.31,1.85,4.42,17.64
BATCH_069,18,13.43,3.38,1.98,4.84,18.08
BATCH_069,19,13.47,2.44,2.11,5.28,17.32
BATCH_069,20,13.52,1.53,2.24,5.7,16.06
BATCH_069,21,13.57,0.72,2.35,6.07,12.24
BATCH_069,22,13.62,0.15,2.43,6.33,4.9
BATCH_069,23,13.68,0.0,2.46,6.4,2.49
BATCH_069,24,13.74,0.0,2.46,6.4,2.55
BATCH_069,25,13.81,0.0,2.46,6.4,2.82
BATCH_069,26,13.88,0.0,2.46,6.4,2.63
BATCH_069,27,13.96,0.0,2.46,6.4,3.24
BATCH_069,28,14.04,0.0,2.46,6.4,3.12
BATCH_069,29,14.13,0.0,2.46,6.4,3.22
BATCH_069,30,14.22,0.0,2.46,6.4,2.85
BATCH_069,31,14.32,0.0,2.46,6.4,3.5
BATCH_069,32,14.42,0.0,2.46,6.4,3.45
BATCH_069,33,14.53,0.0,2.46,6.4,3.26
BATCH_069,34,14.63,0.0,2.46,6.4,3.17
BATCH_069,35,14.74,0.0,2.46,6.4,3.54
BATCH_069,36,14.85,0.0,2.46,6.4,3.55
BATCH_069,37,14.96,0.0,2.46,6.4,3.64
BATCH_069,38,15.07,0.0,2.46,6.4,3.66
BATCH_069,39,15.18,0.0,2.46,6.4,4.03
BATCH_069,40,15.28,0.0,2.46,6.4,3.44
BATCH_069,41,15.38,0.0,2.46,6.4,4.32
BATCH_069,42,15.48,0.0,2.46,6.4,4.31
BATCH_069,43,15.57,0.0,2.46,6.4,4.22
BATCH_069,44,15.66,0.0,2.46,6.4,4.22
BATCH_069,45,15.74,0.0,2.46,6.4,4.52
BATCH_069,46,15.82,0.0,2.46,6.4,4.36
BATCH_069,47,15.89,0.0,2.46,6.4,4.37
BATCH_069,48,15.96,0.0,2.46,6.4,4.7
BATCH_069,49,16.03,0.0,2.46,6.4,4.94
BATCH_069,50,16.08,0.0,2.46,6.4,4.37
BATCH_069,51,16.14,0.0,2.46,6.4,4.69
BATCH_069,52,16.18,0.0,2.46,6.4,4.42
BATCH_069,53,16.23,0.0,2.46,6.4,4.77
BATCH_069,54,16.27,0.0,2.46,6.4,4.54
BATCH_069,55,16.3,0.0,2.46,6.4,4.97
BATCH_069,56,16.34,0.0,2.46,6.4,4.73
BATCH_069,57,16.36,0.0,2.46,6.4,4.78
BATCH_069,58,16.39,0.0,2.46,6.4,5.12
BATCH_069,59,16.41,0.0,2.46,6.4,4.66
BATCH_069,60,16.44,0.0,2.46,6.4,4.96
BATCH_069,61,16.45,0.0,2.46,6.4,4.71
BATCH_069,62,16.47,0.0,2.46,6.4,5.09
BATCH_069,63,16.49,0.0,2.46,6.4,5.22
BATCH_069,64,16.5,0.0,2.46,6.4,4.82
BATCH_069,65,16.51,0.0,2.46,6.4,4.44
BATCH_069,66,16.52,0.0,2.46,6.4,4.75
BATCH_069,67,16.53,0.0,2.46,6.4,5.38
BATCH_069,68,16.54,0.0,2.46,6.4,4.79
BATCH_069,69,16.55,0.0,2.46,6.4,5.26
BATCH_069,70,16.55,0.0,2.46,6.4,4.79
BATCH_069,71,16.56,0.0,2.46,6.4,4.79
BATCH_069,72,16.56,0.0,2.46,6.4,5.08
BATCH_069,73,16.57,0.0,2.46,6.4,5.06
BATCH_069,74,16.57,0.0,2.46,6.4,5.1
BATCH_069,75,16.57,0.0,2.46,6.4,4.93
BATCH_069,76,16.58,0.0,2.46,6.4,5.14
BATCH_069,77,16.58,0.0,2.46,6.4,5.13
BATCH_069,78,16.58,0.0,2.46,6.4,5.17
BATCH_069,79,16.59,0.0,2.46,6.4,4.81
BATCH_069,80,16.59,0.0,2.46,6.4,5.15
BATCH_069,81,16.59,0.0,2.46,6.4,4.84
BATCH_069,82,16.59,0.0,2.46,6.4,4.91
BATCH_069,83,16.59,0.0,2.46,6.4,4.91
BATCH_069,84,16.59,0.0,2.46,6.4,4.74
BATCH_069,85,16.59,0.0,2.46,6.4,4.6
BATCH_069,86,16.59,0.0,2.46,6.4,5.19
BATCH_069,87,16.6,0.0,2.46,6.4,4.81
BATCH_069,88,16.6,0.0,2.46,6.4,4.89
BATCH_069,89,16.6,0.0,2.46,6.4,4.8
BATCH_069,90,16.6,0.0,2.46,6.4,4.9
BATCH_069,91,16.6,0.0,2.46,6.4,4.85
BATCH_069,92,16.6,0.0,2.46,6.4,5.2
BATCH_069,93,16.6,0.0,2.46,6.4,4.83
BATCH_069,94,16.6,0.0,2.46,6.4,5.29
BATCH_069,95,16.6,0.0,2.46,6.4,5.18
BATCH_069,96,16.6,0.0,2.46,6.4,4.85
BATCH_069,97,16.6,0.0,2.46,6.4,5.01
BATCH_069,98,16.6,0.0,2.46,6.4,5.05
BATCH_069,99,16.6,0.0,2.46,6.4,5.12
BATCH_069,100,16.6,0.0,2.46,6.4,5.14
BATCH_069,101,16.6,0.0,2.46,6.4,4.99
BATCH_069,102,16.6,0.0,2.46,6.4,4.76
BATCH_069,103,16.6,0.0,2.46,6.4,5.08
BATCH_069,104,16.6,0.0,2.46,6.4,4.9
BATCH_069,105,16.6,0.0,2.46,6.4,4.39
BATCH_069,106,16.6,0.0,2.46,6.4,5.03
BATCH_069,107,16.6,0.0,2.46,6.4,4.8
BATCH_069,108,16.6,0.0,2.46,6.4,4.86
BATCH_069,109,16.6,0.0,2.46,6.4,4.95
BATCH_069,110,16.6,0.0,2.46,6.4,4.64
BATCH_069,111,16.6,0.0,2.46,6.4,4.98
BATCH_069,112,16.6,0.0,2.46,6.4,4.89
BATCH_069,113,16.6,0.0,2.46,6.4,4.78
BATCH_069,114,16.6,0.0,2.46,6.4,4.96
BATCH_069,115,16.6,0.0,2.46,6.4,4.61
BATCH_069,116,16.6,0.0,2.46,6.4,4.97
BATCH_069,117,16.6,0.0,2.46,6.4,5.04
BATCH_069,118,16.6,0.0,2.46,6.4,5.01
BATCH_069,119,16.6,0.0,2.46,6.4,5.11
BATCH_069,120,16.6,0.0,2.46,6.4,5.18
BATCH_070,0,11.68,13.98,0.54,0.0,6.2
BATCH_070,1,11.68,13.68,0.59,0.14,6.78
BATCH_070,2,11.69,13.35,0.63,0.29,7.04
BATCH_070,3,11.7,13.01,0.68,0.45,6.96
BATCH_070,4,11.7,12.63,0.73,0.62,7.9
BATCH_070,5,11.71,12.23,0.79,0.8,8.64
BATCH_070,6,11.72,11.8,0.85,1.0,9.03
BATCH_070,7,11.73,11.34,0.91,1.21,9.57
BATCH_070,8,11.74,10.84,0.98,1.44,9.74
BATCH_070,9,11.76,10.31,1.06,1.69,10.57
BATCH_070,10,11.77,9.74,1.14,1.95,11.46
BATCH_070,11,11.79,9.13,1.22,2.23,12.15
BATCH_070,12,11.81,8.48,1.31,2.53,13.04
BATCH_070,13,11.83,7.79,1.41,2.85,13.5
BATCH_070,14,11.85,7.05,1.51,3.19,14.35
BATCH_070,15,11.88,6.27,1.62,3.54,14.99
BATCH_070,16,11.91,5.45,1.74,3.92,15.45
BATCH_070,17,11.94,4.59,1.86,4.32,15.72
BATCH_070,18,11.98,3.69,1.98,4.73,16.55
BATCH_070,19,12.01,2.79,2.11,5.15,16.33
BATCH_070,20,12.06,1.89,2.24,5.56,15.15
BATCH_070,21,12.11,1.06,2.35,5.94,12.34
BATCH_070,22,12.16,0.39,2.45,6.25,7.74
BATCH_070,23,12.22,0.02,2.5,6.42,1.97
BATCH_070,24,12.28,0.0,2.5,6.43,1.82
BATCH_070,25,12.35,0.0,2.5,6.43,2.13
BATCH_070,26,12.42,0.0,2.5,6.43,1.39
BATCH_070,27,12.5,0.0,2.5,6.43,1.73
BATCH_070,28,12.58,0.0,2.5,6.43,1.9
BATCH_070,29,12.67,0.0,2.5,6.43,2.29
BATCH_070,30,12.76,0.0,2.5,6.43,1.75
BATCH_070,31,12.86,0.0,2.5,6.43,2.53
BATCH_070,32,12.96,0.0,2.5,6.43,2.25
BATCH_070,33,13.07,0.0,2.5,6.43,2.28
BATCH_070,34,13.17,0.0,2.5,6.43,2.34
BATCH_070,35,13.28,0.0,2.5,6.43,2.37
BATCH_070,36,13.39,0.0,2.5,6.43,2.75
BATCH_070,37,13.5,0.0,2.5,6.43,2.41
BATCH_070,38,13.61,0.0,2.5,6.43,2.78
BATCH_070,39,13.72,0.0,2.5,6.43,2.71
BATCH_070,40,13.82,0.0,2.5,6.43,2.71
BATCH_070,41,13.92,0.0,2.5,6.43,3.46
BATCH_070,42,14.02,0.0,2.5,6.43,3.1
BATCH_070,43,14.11,0.0,2.5,6.43,3.21
BATCH_070,44,14.2,0.0,2.5,6.43,3.38
BATCH_070,45,14.28,0.0,2.5,6.43,2.93
BATCH_070,46,14.36,0.0,2.5,6.43,3.62
BATCH_070,47,14.44,0.0,2.5,6.43,2.82
BATCH_070,48,14.5,0.0,2.5,6.43,3.22
BATCH_070,49,14.57,0.0,2.5,6.43,3.33
BATCH_070,50,14.62,0.0,2.5,6.43,3.58
BATCH_070,51,14.68,0.0,2.5,6.43,3.55
BATCH_070,52,14.72,0.0,2.5,6.43,3.51
BATCH_070,53,14.77,0.0,2.5,6.43,3.57
BATCH_070,54,14.81,0.0,2.5,6.43,3.41
BATCH_070,55,14.84,0.0,2.5,6.43,3.33
BATCH_070,56,14.88,0.0,2.5,6.43,3.8
BATCH_070,57,14.91,0.0,2.5,6.43,3.82
BATCH_070,58,14.93,0.0,2.5,6.43,4.02
BATCH_070,59,14.95,0.0,2.5,6.43,3.56
BATCH_070,60,14.98,0.0,2.5,6.43,3.87
BATCH_070,61,14.99,0.0,2.5,6.43,3.69
BATCH_070,62,15.01,0.0,2.5,6.43,4.0
BATCH_070,63,15.03,0.0,2.5,6.43,3.97
BATCH_070,64,15.04,0.0,2.5,6.43,3.82
BATCH_070,65,15.05,0.0,2.5,6.43,3.72
BATCH_070,66,15.06,0.0,2.5,6.43,3.99
BATCH_070,67,15.07,0.0,2.5,6.43,3.93
BATCH_070,68,15.08,0.0,2.5,6.43,3.67
BATCH_070,69,15.09,0.0,2.5,6.43,3.55
BATCH_070,70,15.09,0.0,2.5,6.43,3.76
BATCH_070,71,15.1,0.0,2.5,6.43,4.13
BATCH_070,72,15.1,0.0,2.5,6.43,4.06
BATCH_070,73,15.11,0.0,2.5,6.43,3.61
BATCH_070,74,15.11,0.0,2.5,6.43,3.6
BATCH_070,75,15.11,0.0,2.5,6.43,4.09
BATCH_070,76,15.12,0.0,2.5,6.43,3.61
BATCH_070,77,15.12,0.0,2.5,6.43,3.94
BATCH_070,78,15.12,0.0,2.5,6.43,3.72
BATCH_070,79,15.13,0.0,2.5,6.43,4.17
BATCH_070,80,15.13,0.0,2.5,6.43,3.69
BATCH_070,81,15.13,0.0,2.5,6.43,4.08
BATCH_070,82,15.13,0.0,2.5,6.43,3.88
BATCH_070,83,15.13,0.0,2.5,6.43,3.9
BATCH_070,84,15.13,0.0,2.5,6.43,3.46
BATCH_070,85,15.13,0.0,2.5,6.43,3.41
BATCH_070,86,15.13,0.0,2.5,6.43,3.81
BATCH_070,87,15.14,0.0,2.5,6.43,3.9
BATCH_070,88,15.14,0.0,2.5,6.43,3.63
BATCH_070,89,15.14,0.0,2.5,6.43,3.63
BATCH_070,90,15.14,0.0,2.5,6.43,3.97
BATCH_070,91,15.14,0.0,2.5,6.43,3.97
BATCH_070,92,15.14,0.0,2.5,6.43,3.83
BATCH_070,93,15.14,0.0,2.5,6.43,4.01
BATCH_070,94,15.14,0.0,2.5,6.43,3.62
BATCH_070,95,15.14,0.0,2.5,6.43,3.78
BATCH_070,96,15.14,0.0,2.5,6.43,4.18
BATCH_070,97,15.14,0.0,2.5,6.43,3.87
BATCH_070,98,15.14,0.0,2.5,6.43,3.88
BATCH_070,99,15.14,0.0,2.5,6.43,4.32
BATCH_070,100,15.14,0.0,2.5,6.43,3.58
BATCH_070,101,15.14,0.0,2.5,6.43,4.01
BATCH_070,102,15.14,0.0,2.5,6.43,4.19
BATCH_070,103,15.14,0.0,2.5,6.43,3.79
BATCH_070,104,15.14,0.0,2.5,6.43,4.03
BATCH_070,105,15.14,0.0,2.5,6.43,3.66
BATCH_070,106,15.14,0.0,2.5,6.43,3.72
BATCH_070,107,15.14,0.0,2.5,6.43,3.93
BATCH_070,108,15.14,0.0,2.5,6.43,4.02
BATCH_070,109,15.14,0.0,2.5,6.43,4.08
BATCH_070,110,15.14,0.0,2.5,6.43,4.17
BATCH_070,111,15.14,0.0,2.5,6.43,3.84
BATCH_070,112,15.14,0.0,2.5,6.43,4.09
BATCH_070,113,15.14,0.0,2.5,6.43,3.79
BATCH_070,114,15.14,0.0,2.5,6.43,4.04
BATCH_070,115,15.14,0.0,2.5,6.43,3.9
BATCH_070,116,15.14,0.0,2.5,6.43,3.95
BATCH_070,117,15.14,0.0,2.5,6.43,3.94
BATCH_070,118,15.14,0.0,2.5,6.43,3.54
BATCH_070,119,15.14,0.0,2.5,6.43,3.63
BATCH_070,120,15.14,0.0,2.5,6.43,3.88
BATCH_071,0,11.15,13.49,0.53,0.0,5.64
BATCH_071,1,11.16,13.21,0.57,0.13,6.06
BATCH_071,2,11.16,12.9,0.62,0.27,6.41
BATCH_071,3,11.17,12.57,0.66,0.43,6.9
BATCH_071,4,11.18,12.21,0.71,0.59,7.22
BATCH_071,5,11.19,11.83,0.77,0.77,7.19
BATCH_071,6,11.2,11.42,0.82,0.95,8.18
BATCH_071,7,11.21,10.98,0.88,1.16,8.67
BATCH_071,8,11.22,10.51,0.95,1.37,9.31
BATCH_071,9,11.23,10.01,1.02,1.6,9.71
BATCH_071,10,11.25,9.47,1.1,1.85,10.44
BATCH_071,11,11.26,8.9,1.18,2.11,11.15
BATCH_071,12,11.28,8.29,1.26,2.39,11.66
BATCH_071,13,11.3,7.64,1.35,2.69,12.51
BATCH_071,14,11.33,6.95,1.45,3.01,13.07
BATCH_071,15,11.35,6.22,1.55,3.35,13.75
BATCH_071,16,11.38,5.45,1.66,3.7,13.75
BATCH_071,17,11.41,4.64,1.77,4.07,14.62
BATCH_071,18,11.45,3.8,1.89,4.46,14.94
BATCH_071,19,11.49,2.95,2.01,4.85,15.18
BATCH_071,20,11.53,2.1,2.13,5.24,14.73
BATCH_071,21,11.58,1.29,2.24,5.61,12.62
BATCH_071,22,11.63,0.6,2.34,5.93,9.08
BATCH_071,23,11.69,0.13,2.4,6.15,3.59
BATCH_071,24,11.75,0.0,2.42,6.21,1.34
BATCH_071,25,11.82,0.0,2.42,6.21,1.48
BATCH_071,26,11.89,0.0,2.42,6.21,1.47
BATCH_071,27,11.97,0.0,2.42,6.21,1.45
BATCH_071,28,12.06,0.0,2.42,6.21,1.62
BATCH_071,29,12.14,0.0,2.42,6.21,1.9
BATCH_071,30,12.24,0.0,2.42,6.21,1.77
BATCH_071,31,12.34,0.0,2.42,6.21,1.8
BATCH_071,32,12.44,0.0,2.42,6.21,1.65
BATCH_071,33,12.54,0.0,2.42,6.21,2.19
BATCH_071,34,12.65,0.0,2.42,6.21,1.7
BATCH_071,35,12.76,0.0,2.42,6.21,1.73
BATCH_071,36,12.87,0.0,2.42,6.21,2.22
BATCH_071,37,12.97,0.0,2.42,6.21,2.05
BATCH_071,38,13.08,0.0,2.42,6.21,2.53
BATCH_071,39,13.19,0.0,2.42,6.21,2.06
BATCH_071,40,13.29,0.0,2.42,6.21,2.66
BATCH_071,41,13.39,0.0,2.42,6.21,2.71
BATCH_071,42,13.49,0.0,2.42,6.21,2.64
BATCH_071,43,13.59,0.0,2.42,6.21,2.27
BATCH_071,44,13.67,0.0,2.42,6.21,2.41
BATCH_071,45,13.76,0.0,2.42,6.21,2.87
BATCH_071,46,13.84,0.0,2.42,6.21,2.83
BATCH_071,47,13.91,0.0,2.42,6.21,3.08
BATCH_071,48,13.98,0.0,2.42,6.21,2.97
BATCH_071,49,14.04,0.0,2.42,6.21,3.0
BATCH_071,50,14.1,0.0,2.42,6.21,2.59
BATCH_071,51,14.15,0.0,2.42,6.21,3.28
BATCH_071,52,14.2,0.0,2.42,6.21,3.02
BATCH_071,53,14.24,0.0,2.42,6.21,3.1
BATCH_071,54,14.28,0.0,2.42,6.21,3.0
BATCH_071,55,14.32,0.0,2.42,6.21,2.93
BATCH_071,56,14.35,0.0,2.42,6.21,3.56
BATCH_071,57,14.38,0.0,2.42,6.21,3.44
BATCH_071,58,14.4,0.0,2.42,6.21,3.47
BATCH_071,59,14.43,0.0,2.42,6.21,3.28
BATCH_071,60,14.45,0.0,2.42,6.21,2.99
BATCH_071,61,14.47,0.0,2.42,6.21,3.77
BATCH_071,62,14.48,0.0,2.42,6.21,3.45
BATCH_071,63,14.5,0.0,2.42,6.21,3.4
BATCH_071,64,14.51,0.0,2.42,6.21,3.31
BATCH_071,65,14.52,0.0,2.42,6.21,2.98
BATCH_071,66,14.53,0.0,2.42,6.21,3.63
BATCH_071,67,14.54,0.0,2.42,6.21,3.2
BATCH_071,68,14.55,0.0,2.42,6.21,3.52
BATCH_071,69,14.56,0.0,2.42,6.21,3.57
BATCH_071,70,14.57,0.0,2.42,6.21,3.49
BATCH_071,71,14.57,0.0,2.42,6.21,3.52
BATCH_071,72,14.58,0.0,2.42,6.21,3.7
BATCH_071,73,14.58,0.0,2.42,6.21,3.28
BATCH_071,74,14.59,0.0,2.42,6.21,3.47
BATCH_071,75,14.59,0.0,2.42,6.21,3.4
BATCH_071,76,14.59,0.0,2.42,6.21,3.08
BATCH_071,77,14.59,0.0,2.42,6.21,3.5
BATCH_071,78,14.6,0.0,2.42,6.21,3.7
BATCH_071,79,14.6,0.0,2.42,6.21,3.72
BATCH_071,80,14.6,0.0,2.42,6.21,3.82
BATCH_071,81,14.6,0.0,2.42,6.21,3.1
BATCH_071,82,14.6,0.0,2.42,6.21,3.78
BATCH_071,83,14.61,0.0,2.42,6.21,3.49
BATCH_071,84,14.61,0.0,2.42,6.21,3.77
BATCH_071,85,14.61,0.0,2.42,6.21,3.38
BATCH_071,86,14.61,0.0,2.42,6.21,3.35
BATCH_071,87,14.61,0.0,2.42,6.21,3.21
BATCH_071,88,14.61,0.0,2.42,6.21,3.61
BATCH_071,89,14.61,0.0,2.42,6.21,3.56
BATCH_071,90,14.61,0.0,2.42,6.21,3.23
BATCH_071,91,14.61,0.0,2.42,6.21,3.03
BATCH_071,92,14.61,0.0,2.42,6.21,3.54
BATCH_071,93,14.61,0.0,2.42,6.21,3.57
BATCH_071,94,14.61,0.0,2.42,6.21,3.26
BATCH_071,95,14.61,0.0,2.42,6.21,3.22
BATCH_071,96,14.61,0.0,2.42,6.21,3.59
BATCH_071,97,14.61,0.0,2.42,6.21,3.83
BATCH_071,98,14.61,0.0,2.42,6.21,3.36
BATCH_071,99,14.61,0.0,2.42,6.21,3.28
BATCH_071,100,14.61,0.0,2.42,6.21,3.52
BATCH_071,101,14.61,0.0,2.42,6.21,3.59
BATCH_071,102,14.61,0.0,2.42,6.21,3.39
BATCH_071,103,14.61,0.0,2.42,6.21,3.87
BATCH_071,104,14.61,0.0,2.42,6.21,3.64
BATCH_071,105,14.61,0.0,2.42,6.21,3.38
BATCH_071,106,14.61,0.0,2.42,6.21,3.14
BATCH_071,107,14.61,0.0,2.42,6.21,3.72
BATCH_071,108,14.61,0.0,2.42,6.21,3.7
BATCH_071,109,14.61,0.0,2.42,6.21,3.4
BATCH_071,110,14.61,0.0,2.42,6.21,3.53
BATCH_071,111,14.61,0.0,2.42,6.21,3.43
BATCH_071,112,14.61,0.0,2.42,6.21,3.57
BATCH_071,113,14.61,0.0,2.42,6.21,3.26
BATCH_071,114,14.61,0.0,2.42,6.21,3.23
BATCH_071,115,14.61,0.0,2.42,6.21,3.62
BATCH_071,116,14.62,0.0,2.42,6.21,3.65
BATCH_071,117,14.62,0.0,2.42,6.21,3.36
BATCH_071,118,14.62,0.0,2.42,6.21,3.31
BATCH_071,119,14.62,0.0,2.42,6.21,3.69
BATCH_071,120,14.62,0.0,2.42,6.21,3.32
BATCH_072,0,11.23,14.02,0.5,0.0,5.08
BATCH_072,1,11.23,13.75,0.53,0.12,5.8
BATCH_072,2,11.24,13.46,0.58,0.26,6.22
BATCH_072,3,11.24,13.15,0.62,0.4,6.48
BATCH_072,4,11.25,12.81,0.67,0.55,6.93
BATCH_072,5,11.26,12.45,0.72,0.72,7.32
BATCH_072,6,11.27,12.07,0.77,0.9,7.91
BATCH_072,7,11.28,11.65,0.83,1.09,8.33
BATCH_072,8,11.29,11.21,0.89,1.29,8.81
BATCH_072,9,11.3,10.74,0.96,1.51,9.31
BATCH_072,10,11.32,10.23,1.03,1.74,9.97
BATCH_072,11,11.34,9.69,1.1,1.99,10.68
BATCH_072,12,11.36,9.1,1.18,2.26,11.29
BATCH_072,13,11.38,8.48,1.27,2.54,12.0
BATCH_072,14,11.4,7.82,1.36,2.85,12.89
BATCH_072,15,11.43,7.12,1.46,3.17,13.38
BATCH_072,16,11.45,6.38,1.57,3.51,13.89
BATCH_072,17,11.49,5.6,1.68,3.87,14.84
BATCH_072,18,11.52,4.78,1.79,4.25,14.94
BATCH_072,19,11.56,3.92,1.91,4.64,15.36
BATCH_072,20,11.61,3.05,2.03,5.04,15.66
BATCH_072,21,11.65,2.18,2.15,5.45,15.07
BATCH_072,22,11.71,1.35,2.27,5.83,12.92
BATCH_072,23,11.76,0.63,2.37,6.16,9.32
BATCH_072,24,11.83,0.14,2.44,6.38,3.51
BATCH_072,25,11.9,0.0,2.46,6.45,1.32
BATCH_072,26,11.97,0.0,2.46,6.45,1.67
BATCH_072,27,12.05,0.0,2.46,6.45,1.68
BATCH_072,28,12.13,0.0,2.46,6.45,1.59
BATCH_072,29,12.22,0.0,2.46,6.45,1.55
BATCH_072,30,12.31,0.0,2.46,6.45,1.46
BATCH_072,31,12.41,0.0,2.46,6.45,2.09
BATCH_072,32,12.51,0.0,2.46,6.45,2.0
BATCH_072,33,12.61,0.0,2.46,6.45,1.82
BATCH_072,34,12.72,0.0,2.46,6.45,2.19
BATCH_072,35,12.83,0.0,2.46,6.45,2.11
BATCH_072,36,12.94,0.0,2.46,6.45,2.15
BATCH_072,37,13.05,0.0,2.46,6.45,2.37
BATCH_072,38,13.16,0.0,2.46,6.45,2.22
BATCH_072,39,13.26,0.0,2.46,6.45,2.38
BATCH_072,40,13.37,0.0,2.46,6.45,2.55
BATCH_072,41,13.47,0.0,2.46,6.45,2.5
BATCH_072,42,13.57,0.0,2.46,6.45,2.81
BATCH_072,43,13.66,0.0,2.46,6.45,3.12
BATCH_072,44,13.75,0.0,2.46,6.45,2.66
BATCH_072,45,13.83,0.0,2.46,6.45,2.54
BATCH_072,46,13.91,0.0,2.46,6.45,2.53
BATCH_072,47,13.98,0.0,2.46,6.45,2.96
BATCH_072,48,14.05,0.0,2.46,6.45,2.91
BATCH_072,49,14.11,0.0,2.46,6.45,3.13
BATCH_072,50,14.17,0.0,2.46,6.45,3.15
BATCH_072,51,14.22,0.0,2.46,6.45,2.85
BATCH_072,52,14.27,0.0,2.46,6.45,2.84
BATCH_072,53,14.32,0.0,2.46,6.45,3.3
BATCH_072,54,14.36,0.0,2.46,6.45,3.29
BATCH_072,55,14.39,0.0,2.46,6.45,3.21
BATCH_072,56,14.42,0.0,2.46,6.45,2.99
BATCH_072,57,14.45,0.0,2.46,6.45,3.43
BATCH_072,58,14.48,0.0,2.46,6.45,3.61
BATCH_072,59,14.5,0.0,2.46,6.45,3.43
BATCH_072,60,14.52,0.0,2.46,6.45,3.22
BATCH_072,61,14.54,0.0,2.46,6.45,3.42
BATCH_072,62,14.56,0.0,2.46,6.45,3.15
BATCH_072,63,14.57,0.0,2.46,6.45,3.64
BATCH_072,64,14.59,0.0,2.46,6.45,3.46
BATCH_072,65,14.6,0.0,2.46,6.45,3.1
BATCH_072,66,14.61,0.0,2.46,6.45,3.4
BATCH_072,67,14.62,0.0,2.46,6.45,3.56
BATCH_072,68,14.63,0.0,2.46,6.45,3.4
BATCH_072,69,14.63,0.0,2.46,6.45,3.42
BATCH_072,70,14.64,0.0,2.46,6.45,3.24
BATCH_072,71,14.65,0.0,2.46,6.45,3.6
BATCH_072,72,14.65,0.0,2.46,6.45,3.36
BATCH_072,73,14.66,0.0,2.46,6.45,3.06
BATCH_072,74,14.66,0.0,2.46,6.45,3.42
BATCH_072,75,14.66,0.0,2.46,6.45,3.69
BATCH_072,76,14.67,0.0,2.46,6.45,3.42
BATCH_072,77,14.67,0.0,2.46,6.45,3.85
BATCH_072,78,14.67,0.0,2.46,6.45,3.59
BATCH_072,79,14.67,0.0,2.46,6.45,3.57
BATCH_072,80,14.67,0.0,2.46,6.45,3.48
BATCH_072,81,14.68,0.0,2.46,6.45,3.49
BATCH_072,82,14.68,0.0,2.46,6.45,3.46
BATCH_072,83,14.68,0.0,2.46,6.45,3.45
BATCH_072,84,14.68,0.0,2.46,6.45,3.62
BATCH_072,85,14.68,0.0,2.46,6.45,3.32
BATCH_072,86,14.68,0.0,2.46,6.45,3.3
BATCH_072,87,14.68,0.0,2.46,6.45,3.29
BATCH_072,88,14.68,0.0,2.46,6.45,3.92
BATCH_072,89,14.68,0.0,2.46,6.45,3.62
BATCH_072,90,14.69,0.0,2.46,6.45,3.57
BATCH_072,91,14.69,0.0,2.46,6.45,3.3
BATCH_072,92,14.69,0.0,2.46,6.45,3.64
BATCH_072,93,14.69,0.0,2.46,6.45,3.49
BATCH_072,94,14.69,0.0,2.46,6.45,3.56
BATCH_072,95,14.69,0.0,2.46,6.45,3.32
BATCH_072,96,14.69,0.0,2.46,6.45,3.55
BATCH_072,97,14.69,0.0,2.46,6.45,3.43
BATCH_072,98,14.69,0.0,2.46,6.45,3.36
BATCH_072,99,14.69,0.0,2.46,6.45,3.66
BATCH_072,100,14.69,0.0,2.46,6.45,3.21
BATCH_072,101,14.69,0.0,2.46,6.45,3.63
BATCH_072,102,14.69,0.0,2.46,6.45,3.65
BATCH_072,103,14.69,0.0,2.46,6.45,3.34
BATCH_072,104,14.69,0.0,2.46,6.45,3.35
BATCH_072,105,14.69,0.0,2.46,6.45,3.47
BATCH_072,106,14.69,0.0,2.46,6.45,3.57
BATCH_072,107,14.69,0.0,2.46,6.45,3.49
BATCH_072,108,14.69,0.0,2.46,6.45,3.6
BATCH_072,109,14.69,0.0,2.46,6.45,3.87
BATCH_072,110,14.69,0.0,2.46,6.45,3.42
BATCH_072,111,14.69,0.0,2.46,6.45,3.17
BATCH_072,112,14.69,0.0,2.46,6.45,3.68
BATCH_072,113,14.69,0.0,2.46,6.45,3.85
BATCH_072,114,14.69,0.0,2.46,6.45,3.6
BATCH_072,115,14.69,0.0,2.46,6.45,3.3
BATCH_072,116,14.69,0.0,2.46,6.45,3.49
BATCH_072,117,14.69,0.0,2.46,6.45,3.29
BATCH_072,118,14.69,0.0,2.46,6.45,3.65
BATCH_072,119,14.69,0.0,2.46,6.45,3.25
BATCH_072,120,14.69,0.0,2.46,6.45,3.46
BATCH_073,0,11.09,13.7,0.51,0.0,5.39
BATCH_073,1,11.09,13.43,0.54,0.13,5.49
BATCH_073,2,11.1,13.13,0.58,0.26,5.37
BATCH_073,3,11.11,12.82,0.63,0.4,6.54
BATCH_073,4,11.11,12.48,0.68,0.56,6.89
BATCH_073,5,11.12,12.12,0.73,0.72,7.5
BATCH_073,6,11.13,11.74,0.78,0.9,7.28
BATCH_073,7,11.14,11.32,0.84,1.09,8.06
BATCH_073,8,11.15,10.88,0.9,1.3,8.75
BATCH_073,9,11.17,10.4,0.97,1.52,9.39
BATCH_073,10,11.18,9.89,1.04,1.75,9.57
BATCH_073,11,11.2,9.35,1.11,2.0,10.57
BATCH_073,12,11.22,8.77,1.2,2.27,11.01
BATCH_073,13,11.24,8.15,1.28,2.55,11.42
BATCH_073,14,11.26,7.49,1.37,2.86,12.32
BATCH_073,15,11.29,6.79,1.47,3.18,13.25
BATCH_073,16,11.32,6.05,1.58,3.52,13.45
BATCH_073,17,11.35,5.27,1.68,3.88,14.54
BATCH_073,18,11.38,4.46,1.8,4.25,14.95
BATCH_073,19,11.42,3.62,1.92,4.64,15.11
BATCH_073,20,11.47,2.77,2.04,5.03,14.7
BATCH_073,21,11.52,1.92,2.15,5.42,13.86
BATCH_073,22,11.57,1.13,2.26,5.78,11.93
BATCH_073,23,11.63,0.48,2.36,6.08,7.61
BATCH_073,24,11.69,0.08,2.41,6.27,2.46
BATCH_073,25,11.76,0.0,2.42,6.3,1.5
BATCH_073,26,11.83,0.0,2.42,6.3,1.32
BATCH_073,27,11.91,0.0,2.42,6.3,1.37
BATCH_073,28,11.99,0.0,2.42,6.3,1.43
BATCH_073,29,12.08,0.0,2.42,6.3,1.76
BATCH_073,30,12.17,0.0,2.42,6.3,1.89
BATCH_073,31,12.27,0.0,2.42,6.3,1.79
BATCH_073,32,12.37,0.0,2.42,6.3,1.81
BATCH_073,33,12.48,0.0,2.42,6.3,1.9
BATCH_073,34,12.58,0.0,2.42,6.3,2.22
BATCH_073,35,12.69,0.0,2.42,6.3,2.11
BATCH_073,36,12.8,0.0,2.42,6.3,2.41
BATCH_073,37,12.91,0.0,2.42,6.3,2.1
BATCH_073,38,13.02,0.0,2.42,6.3,2.0
BATCH_073,39,13.13,0.0,2.42,6.3,2.21
BATCH_073,40,13.23,0.0,2.42,6.3,2.31
BATCH_073,41,13.33,0.0,2.42,6.3,2.82
BATCH_073,42,13.43,0.0,2.42,6.3,2.72
BATCH_073,43,13.52,0.0,2.42,6.3,2.51
BATCH_073,44,13.61,0.0,2.42,6.3,2.87
BATCH_073,45,13.69,0.0,2.42,6.3,2.74
BATCH_073,46,13.77,0.0,2.42,6.3,3.16
BATCH_073,47,13.84,0.0,2.42,6.3,2.82
BATCH_073,48,13.91,0.0,2.42,6.3,2.63
BATCH_073,49,13.98,0.0,2.42,6.3,2.94
BATCH_073,50,14.03,0.0,2.42,6.3,2.96
BATCH_073,51,14.09,0.0,2.42,6.3,2.8
BATCH_073,52,14.13,0.0,2.42,6.3,3.22
BATCH_073,53,14.18,0.0,2.42,6.3,3.42
BATCH_073,54,14.22,0.0,2.42,6.3,2.94
BATCH_073,55,14.25,0.0,2.42,6.3,3.38
BATCH_073,56,14.29,0.0,2.42,6.3,3.09
BATCH_073,57,14.31,0.0,2.42,6.3,3.23
BATCH_073,58,14.34,0.0,2.42,6.3,3.23
BATCH_073,59,14.36,0.0,2.42,6.3,3.27
BATCH_073,60,14.38,0.0,2.42,6.3,3.38
BATCH_073,61,14.4,0.0,2.42,6.3,3.1
BATCH_073,62,14.42,0.0,2.42,6.3,3.57
BATCH_073,63,14.44,0.0,2.42,6.3,3.43
BATCH_073,64,14.45,0.0,2.42,6.3,3.5
BATCH_073,65,14.46,0.0,2.42,6.3,3.19
BATCH_073,66,14.47,0.0,2.42,6.3,3.13
BATCH_073,67,14.48,0.0,2.42,6.3,3.6
BATCH_073,68,14.49,0.0,2.42,6.3,3.13
BATCH_073,69,14.5,0.0,2.42,6.3,3.4
BATCH_073,70,14.5,0.0,2.42,6.3,3.58
BATCH_073,71,14.51,0.0,2.42,6.3,3.36
BATCH_073,72,14.51,0.0,2.42,6.3,3.62
BATCH_073,73,14.52,0.0,2.42,6.3,3.33
BATCH_073,74,14.52,0.0,2.42,6.3,3.14
BATCH_073,75,14.52,0.0,2.42,6.3,3.47
BATCH_073,76,14.53,0.0,2.42,6.3,3.44
BATCH_073,77,14.53,0.0,2.42,6.3,3.94
BATCH_073,78,14.53,0.0,2.42,6.3,3.21
BATCH_073,79,14.53,0.0,2.42,6.3,3.35
BATCH_073,80,14.54,0.0,2.42,6.3,3.26
BATCH_073,81,14.54,0.0,2.42,6.3,3.38
BATCH_073,82,14.54,0.0,2.42,6.3,3.37
BATCH_073,83,14.54,0.0,2.42,6.3,3.23
BATCH_073,84,14.54,0.0,2.42,6.3,3.5
BATCH_073,85,14.54,0.0,2.42,6.3,3.36
BATCH_073,86,14.54,0.0,2.42,6.3,3.68
BATCH_073,87,14.54,0.0,2.42,6.3,3.28
BATCH_073,88,14.55,0.0,2.42,6.3,3.78
BATCH_073,89,14.55,0.0,2.42,6.3,3.46
BATCH_073,90,14.55,0.0,2.42,6.3,3.66
BATCH_073,91,14.55,0.0,2.42,6.3,3.43
BATCH_073,92,14.55,0.0,2.42,6.3,3.25
BATCH_073,93,14.55,0.0,2.42,6.3,3.36
BATCH_073,94,14.55,0.0,2.42,6.3,3.13
BATCH_073,95,14.55,0.0,2.42,6.3,3.39
BATCH_073,96,14.55,0.0,2.42,6.3,3.45
BATCH_073,97,14.55,0.0,2.42,6.3,3.42
BATCH_073,98,14.55,0.0,2.42,6.3,3.68
BATCH_073,99,14.55,0.0,2.42,6.3,3.38
BATCH_073,100,14.55,0.0,2.42,6.3,3.03
BATCH_073,101,14.55,0.0,2.42,6.3,4.12
BATCH_073,102,14.55,0.0,2.42,6.3,3.27
BATCH_073,103,14.55,0.0,2.42,6.3,3.61
BATCH_073,104,14.55,0.0,2.42,6.3,3.11
BATCH_073,105,14.55,0.0,2.42,6.3,3.46
BATCH_073,106,14.55,0.0,2.42,6.3,3.25
BATCH_073,107,14.55,0.0,2.42,6.3,2.85
BATCH_073,108,14.55,0.0,2.42,6.3,3.36
BATCH_073,109,14.55,0.0,2.42,6.3,3.4
BATCH_073,110,14.55,0.0,2.42,6.3,3.37
BATCH_073,111,14.55,0.0,2.42,6.3,3.46
BATCH_073,112,14.55,0.0,2.42,6.3,3.36
BATCH_073,113,14.55,0.0,2.42,6.3,3.43
BATCH_073,114,14.55,0.0,2.42,6.3,3.45
BATCH_073,115,14.55,0.0,2.42,6.3,3.41
BATCH_073,116,14.55,0.0,2.42,6.3,3.38
BATCH_073,117,14.55,0.0,2.42,6.3,3.23
BATCH_073,118,14.55,0.0,2.42,6.3,3.53
BATCH_073,119,14.55,0.0,2.42,6.3,3.36
BATCH_073,120,14.55,0.0,2.42,6.3,3.34
BATCH_074,0,11.78,14.15,0.51,0.0,5.85
BATCH_074,1,11.78,13.87,0.55,0.13,6.33
BATCH_074,2,11.79,13.57,0.59,0.27,6.74
BATCH_074,3,11.8,13.24,0.64,0.42,7.22
BATCH_074,4,11.8,12.89,0.69,0.58,7.43
BATCH_074,5,11.81,12.51,0.74,0.76,8.15
BATCH_074,6,11.82,12.11,0.8,0.94,8.49
BATCH_074,7,11.83,11.67,0.86,1.14,8.92
BATCH_074,8,11.84,11.2,0.92,1.36,9.79
BATCH_074,9,11.86,10.7,0.99,1.59,10.58
BATCH_074,10,11.87,10.16,1.07,1.84,11.06
BATCH_074,11,11.89,9.58,1.15,2.1,11.78
BATCH_074,12,11.91,8.97,1.23,2.39,12.19
BATCH_074,13,11.93,8.31,1.33,2.69,12.71
BATCH_074,14,11.95,7.61,1.43,3.01,14.07
BATCH_074,15,11.98,6.86,1.53,3.35,14.92
BATCH_074,16,12.01,6.07,1.64,3.72,15.53
BATCH_074,17,12.04,5.24,1.76,4.1,15.8
BATCH_074,18,12.07,4.37,1.88,4.5,16.13
BATCH_074,19,12.11,3.47,2.0,4.91,16.36
BATCH_074,20,12.16,2.57,2.13,5.33,15.92
BATCH_074,21,12.21,1.68,2.25,5.74,14.91
BATCH_074,22,12.26,0.87,2.37,6.11,12.11
BATCH_074,23,12.32,0.26,2.45,6.39,6.03
BATCH_074,24,12.38,0.0,2.49,6.51,1.84
BATCH_074,25,12.45,0.0,2.49,6.51,2.11
BATCH_074,26,12.52,0.0,2.49,6.51,1.81
BATCH_074,27,12.6,0.0,2.49,6.51,2.36
BATCH_074,28,12.68,0.0,2.49,6.51,2.41
BATCH_074,29,12.77,0.0,2.49,6.51,2.05
BATCH_074,30,12.86,0.0,2.49,6.51,2.03
BATCH_074,31,12.96,0.0,2.49,6.51,2.36
BATCH_074,32,13.06,0.0,2.49,6.51,2.23
BATCH_074,33,13.17,0.0,2.49,6.51,2.14
BATCH_074,34,13.27,0.0,2.49,6.51,2.71
BATCH_074,35,13.38,0.0,2.49,6.51,2.78
BATCH_074,36,13.49,0.0,2.49,6.51,2.65
BATCH_074,37,13.6,0.0,2.49,6.51,2.45
BATCH_074,38,13.71,0.0,2.49,6.51,2.53
BATCH_074,39,13.81,0.0,2.49,6.51,2.88
BATCH_074,40,13.92,0.0,2.49,6.51,2.84
BATCH_074,41,14.02,0.0,2.49,6.51,2.95
BATCH_074,42,14.12,0.0,2.49,6.51,3.29
BATCH_074,43,14.21,0.0,2.49,6.51,3.3
BATCH_074,44,14.3,0.0,2.49,6.51,3.5
BATCH_074,45,14.38,0.0,2.49,6.51,3.09
BATCH_074,46,14.46,0.0,2.49,6.51,3.28
BATCH_074,47,14.53,0.0,2.49,6.51,3.55
BATCH_074,48,14.6,0.0,2.49,6.51,3.54
BATCH_074,49,14.66,0.0,2.49,6.51,3.8
BATCH_074,50,14.72,0.0,2.49,6.51,3.63
BATCH_074,51,14.77,0.0,2.49,6.51,3.95
BATCH_074,52,14.82,0.0,2.49,6.51,3.73
BATCH_074,53,14.87,0.0,2.49,6.51,3.86
BATCH_074,54,14.91,0.0,2.49,6.51,3.62
BATCH_074,55,14.94,0.0,2.49,6.51,3.71
BATCH_074,56,14.97,0.0,2.49,6.51,3.91
BATCH_074,57,15.0,0.0,2.49,6.51,4.08
BATCH_074,58,15.03,0.0,2.49,6.51,3.92
BATCH_074,59,15.05,0.0,2.49,6.51,3.77
BATCH_074,60,15.07,0.0,2.49,6.51,4.08
BATCH_074,61,15.09,0.0,2.49,6.51,3.38
BATCH_074,62,15.11,0.0,2.49,6.51,3.55
BATCH_074,63,15.12,0.0,2.49,6.51,3.98
BATCH_074,64,15.14,0.0,2.49,6.51,3.86
BATCH_074,65,15.15,0.0,2.49,6.51,3.98
BATCH_074,66,15.16,0.0,2.49,6.51,3.88
BATCH_074,67,15.17,0.0,2.49,6.51,3.99
BATCH_074,68,15.18,0.0,2.49,6.51,3.72
BATCH_074,69,15.18,0.0,2.49,6.51,4.0
BATCH_074,70,15.19,0.0,2.49,6.51,4.09
BATCH_074,71,15.2,0.0,2.49,6.51,4.14
BATCH_074,72,15.2,0.0,2.49,6.51,4.3
BATCH_074,73,15.21,0.0,2.49,6.51,3.95
BATCH_074,74,15.21,0.0,2.49,6.51,3.96
BATCH_074,75,15.21,0.0,2.49,6.51,3.61
BATCH_074,76,15.22,0.0,2.49,6.51,3.81
BATCH_074,77,15.22,0.0,2.49,6.51,3.88
BATCH_074,78,15.22,0.0,2.49,6.51,4.13
BATCH_074,79,15.22,0.0,2.49,6.51,3.8
BATCH_074,80,15.23,0.0,2.49,6.51,4.08
BATCH_074,81,15.23,0.0,2.49,6.51,3.92
BATCH_074,82,15.23,0.0,2.49,6.51,3.89
BATCH_074,83,15.23,0.0,2.49,6.51,3.97
BATCH_074,84,15.23,0.0,2.49,6.51,3.85
BATCH_074,85,15.23,0.0,2.49,6.51,3.84
BATCH_074,86,15.23,0.0,2.49,6.51,3.58
BATCH_074,87,15.23,0.0,2.49,6.51,3.88
BATCH_074,88,15.23,0.0,2.49,6.51,3.83
BATCH_074,89,15.24,0.0,2.49,6.51,3.82
BATCH_074,90,15.24,0.0,2.49,6.51,4.01
BATCH_074,91,15.24,0.0,2.49,6.51,4.06
BATCH_074,92,15.24,0.0,2.49,6.51,3.97
BATCH_074,93,15.24,0.0,2.49,6.51,4.13
BATCH_074,94,15.24,0.0,2.49,6.51,4.04
BATCH_074,95,15.24,0.0,2.49,6.51,3.87
BATCH_074,96,15.24,0.0,2.49,6.51,3.84
BATCH_074,97,15.24,0.0,2.49,6.51,3.99
BATCH_074,98,15.24,0.0,2.49,6.51,4.04
BATCH_074,99,15.24,0.0,2.49,6.51,4.21
BATCH_074,100,15.24,0.0,2.49,6.51,4.17
BATCH_074,101,15.24,0.0,2.49,6.51,3.82
BATCH_074,102,15.24,0.0,2.49,6.51,3.91
BATCH_074,103,15.24,0.0,2.49,6.51,4.06
BATCH_074,104,15.24,0.0,2.49,6.51,4.14
BATCH_074,105,15.24,0.0,2.49,6.51,4.12
BATCH_074,106,15.24,0.0,2.49,6.51,3.92
BATCH_074,107,15.24,0.0,2.49,6.51,3.68
BATCH_074,108,15.24,0.0,2.49,6.51,3.73
BATCH_074,109,15.24,0.0,2.49,6.51,3.98
BATCH_074,110,15.24,0.0,2.49,6.51,4.0
BATCH_074,111,15.24,0.0,2.49,6.51,3.71
BATCH_074,112,15.24,0.0,2.49,6.51,3.94
BATCH_074,113,15.24,0.0,2.49,6.51,4.06
BATCH_074,114,15.24,0.0,2.49,6.51,3.7
BATCH_074,115,15.24,0.0,2.49,6.51,4.15
BATCH_074,116,15.24,0.0,2.49,6.51,3.85
BATCH_074,117,15.24,0.0,2.49,6.51,4.18
BATCH_074,118,15.24,0.0,2.49,6.51,3.82
BATCH_074,119,15.24,0.0,2.49,6.51,3.72
BATCH_074,120,15.24,0.0,2.49,6.51,3.84
BATCH_075,0,13.03,13.97,0.48,0.0,6.78
BATCH_075,1,13.03,13.69,0.52,0.13,7.17
BATCH_075,2,13.04,13.38,0.57,0.27,7.57
BATCH_075,3,13.04,13.06,0.61,0.42,8.35
BATCH_075,4,13.05,12.7,0.66,0.58,8.64
BATCH_075,5,13.06,12.32,0.72,0.76,8.88
BATCH_075,6,13.07,11.91,0.77,0.95,9.59
BATCH_075,7,13.08,11.46,0.84,1.15,10.19
BATCH_075,8,13.09,10.98,0.9,1.38,10.4
BATCH_075,9,13.1,10.47,0.98,1.61,11.44
BATCH_075,10,13.12,9.91,1.05,1.87,12.31
BATCH_075,11,13.14,9.31,1.14,2.14,12.87
BATCH_075,12,13.15,8.68,1.23,2.44,13.7
BATCH_075,13,13.17,7.99,1.32,2.75,14.53
BATCH_075,14,13.2,7.26,1.42,3.09,15.16
BATCH_075,15,13.22,6.48,1.53,3.44,16.16
BATCH_075,16,13.25,5.66,1.65,3.82,17.04
BATCH_075,17,13.29,4.79,1.77,4.22,17.07
BATCH_075,18,13.32,3.89,1.9,4.64,17.71
BATCH_075,19,13.36,2.96,2.03,5.06,18.22
BATCH_075,20,13.41,2.04,2.15,5.49,16.95
BATCH_075,21,13.45,1.17,2.28,5.89,14.5
BATCH_075,22,13.51,0.45,2.38,6.22,9.44
BATCH_075,23,13.56,0.03,2.44,6.41,3.45
BATCH_075,24,13.63,0.0,2.44,6.43,2.53
BATCH_075,25,13.69,0.0,2.44,6.43,2.96
BATCH_075,26,13.77,0.0,2.44,6.43,2.77
BATCH_075,27,13.85,0.0,2.44,6.43,2.73
BATCH_075,28,13.93,0.0,2.44,6.43,2.9
BATCH_075,29,14.02,0.0,2.44,6.43,3.0
BATCH_075,30,14.11,0.0,2.44,6.43,2.98
BATCH_075,31,14.21,0.0,2.44,6.43,3.38
BATCH_075,32,14.31,0.0,2.44,6.43,3.08
BATCH_075,33,14.41,0.0,2.44,6.43,3.34
BATCH_075,34,14.52,0.0,2.44,6.43,3.5
BATCH_075,35,14.63,0.0,2.44,6.43,3.5
BATCH_075,36,14.74,0.0,2.44,6.43,3.71
BATCH_075,37,14.85,0.0,2.44,6.43,3.55
BATCH_075,38,14.96,0.0,2.44,6.43,3.84
BATCH_075,39,15.06,0.0,2.44,6.43,3.93
BATCH_075,40,15.17,0.0,2.44,6.43,4.07
BATCH_075,41,15.27,0.0,2.44,6.43,3.57
BATCH_075,42,15.36,0.0,2.44,6.43,4.13
BATCH_075,43,15.46,0.0,2.44,6.43,4.27
BATCH_075,44,15.55,0.0,2.44,6.43,4.08
BATCH_075,45,15.63,0.0,2.44,6.43,4.11
BATCH_075,46,15.71,0.0,2.44,6.43,4.14
BATCH_075,47,15.78,0.0,2.44,6.43,4.13
BATCH_075,48,15.85,0.0,2.44,6.43,4.52
BATCH_075,49,15.91,0.0,2.44,6.43,4.89
BATCH_075,50,15.97,0.0,2.44,6.43,4.37
BATCH_075,51,16.02,0.0,2.44,6.43,4.42
BATCH_075,52,16.07,0.0,2.44,6.43,4.56
BATCH_075,53,16.11,0.0,2.44,6.43,4.27
BATCH_075,54,16.15,0.0,2.44,6.43,4.48
BATCH_075,55,16.19,0.0,2.44,6.43,4.63
BATCH_075,56,16.22,0.0,2.44,6.43,4.49
BATCH_075,57,16.25,0.0,2.44,6.43,4.93
BATCH_075,58,16.28,0.0,2.44,6.43,4.45
BATCH_075,59,16.3,0.0,2.44,6.43,4.91
BATCH_075,60,16.32,0.0,2.44,6.43,5.04
BATCH_075,61,16.34,0.0,2.44,6.43,4.83
BATCH_075,62,16.36,0.0,2.44,6.43,4.74
BATCH_075,63,16.37,0.0,2.44,6.43,4.83
BATCH_075,64,16.39,0.0,2.44,6.43,4.7
BATCH_075,65,16.4,0.0,2.44,6.43,4.39
BATCH_075,66,16.41,0.0,2.44,6.43,4.61
BATCH_075,67,16.42,0.0,2.44,6.43,4.81
BATCH_075,68,16.42,0.0,2.44,6.43,4.63
BATCH_075,69,16.43,0.0,2.44,6.43,4.74
BATCH_075,70,16.44,0.0,2.44,6.43,4.92
BATCH_075,71,16.44,0.0,2.44,6.43,4.86
BATCH_075,72,16.45,0.0,2.44,6.43,5.05
BATCH_075,73,16.45,0.0,2.44,6.43,4.9
BATCH_075,74,16.46,0.0,2.44,6.43,4.91
BATCH_075,75,16.46,0.0,2.44,6.43,4.7
BATCH_075,76,16.46,0.0,2.44,6.43,4.58
BATCH_075,77,16.47,0.0,2.44,6.43,4.77
BATCH_075,78,16.47,0.0,2.44,6.43,4.71
BATCH_075,79,16.47,0.0,2.44,6.43,4.82
BATCH_075,80,16.47,0.0,2.44,6.43,4.64
BATCH_075,81,16.48,0.0,2.44,6.43,5.02
BATCH_075,82,16.48,0.0,2.44,6.43,4.71
BATCH_075,83,16.48,0.0,2.44,6.43,4.79
BATCH_075,84,16.48,0.0,2.44,6.43,4.86
BATCH_075,85,16.48,0.0,2.44,6.43,5.08
BATCH_075,86,16.48,0.0,2.44,6.43,5.21
BATCH_075,87,16.48,0.0,2.44,6.43,5.23
BATCH_075,88,16.48,0.0,2.44,6.43,4.61
BATCH_075,89,16.48,0.0,2.44,6.43,4.79
BATCH_075,90,16.48,0.0,2.44,6.43,4.75
BATCH_075,91,16.48,0.0,2.44,6.43,4.94
BATCH_075,92,16.48,0.0,2.44,6.43,4.93
BATCH_075,93,16.49,0.0,2.44,6.43,4.75
BATCH_075,94,16.49,0.0,2.44,6.43,4.73
BATCH_075,95,16.49,0.0,2.44,6.43,4.66
BATCH_075,96,16.49,0.0,2.44,6.43,4.33
BATCH_075,97,16.49,0.0,2.44,6.43,4.6
BATCH_075,98,16.49,0.0,2.44,6.43,5.04
BATCH_075,99,16.49,0.0,2.44,6.43,5.16
BATCH_075,100,16.49,0.0,2.44,6.43,5.13
BATCH_075,101,16.49,0.0,2.44,6.43,5.05
BATCH_075,102,16.49,0.0,2.44,6.43,4.66
BATCH_075,103,16.49,0.0,2.44,6.43,4.63
BATCH_075,104,16.49,0.0,2.44,6.43,4.5
BATCH_075,105,16.49,0.0,2.44,6.43,4.75
BATCH_075,106,16.49,0.0,2.44,6.43,4.88
BATCH_075,107,16.49,0.0,2.44,6.43,4.66
BATCH_075,108,16.49,0.0,2.44,6.43,4.95
BATCH_075,109,16.49,0.0,2.44,6.43,5.0
BATCH_075,110,16.49,0.0,2.44,6.43,4.77
BATCH_075,111,16.49,0.0,2.44,6.43,4.6
BATCH_075,112,16.49,0.0,2.44,6.43,5.14
BATCH_075,113,16.49,0.0,2.44,6.43,4.87
BATCH_075,114,16.49,0.0,2.44,6.43,5.25
BATCH_075,115,16.49,0.0,2.44,6.43,4.88
BATCH_075,116,16.49,0.0,2.44,6.43,4.9
BATCH_075,117,16.49,0.0,2.44,6.43,4.67
BATCH_075,118,16.49,0.0,2.44,6.43,4.78
BATCH_075,119,16.49,0.0,2.44,6.43,4.55
BATCH_075,120,16.49,0.0,2.44,6.43,4.6
BATCH_076,0,11.53,14.22,0.49,0.0,5.49
BATCH_076,1,11.53,13.95,0.53,0.12,5.94
BATCH_076,2,11.54,13.66,0.57,0.26,6.06
BATCH_076,3,11.54,13.35,0.61,0.4,6.75
BATCH_076,4,11.55,13.02,0.66,0.55,7.25
BATCH_076,5,11.56,12.66,0.71,0.72,7.63
BATCH_076,6,11.57,12.28,0.76,0.9,7.65
BATCH_076,7,11.58,11.86,0.82,1.09,8.71
BATCH_076,8,11.59,11.42,0.88,1.29,9.24
BATCH_076,9,11.6,10.94,0.95,1.51,9.79
BATCH_076,10,11.62,10.43,1.02,1.74,10.31
BATCH_076,11,11.63,9.88,1.1,2.0,10.92
BATCH_076,12,11.65,9.3,1.18,2.26,11.76
BATCH_076,13,11.67,8.67,1.27,2.55,12.63
BATCH_076,14,11.7,8.01,1.36,2.86,12.78
BATCH_076,15,11.72,7.3,1.46,3.18,13.91
BATCH_076,16,11.75,6.55,1.56,3.53,14.4
BATCH_076,17,11.78,5.75,1.67,3.9,15.07
BATCH_076,18,11.82,4.92,1.79,4.28,15.38
BATCH_076,19,11.86,4.05,1.91,4.68,16.04
BATCH_076,20,11.9,3.16,2.04,5.09,15.97
BATCH_076,21,11.95,2.27,2.16,5.5,15.51
BATCH_076,22,12.0,1.41,2.28,5.89,13.64
BATCH_076,23,12.06,0.66,2.39,6.24,9.98
BATCH_076,24,12.13,0.15,2.46,6.48,3.91
BATCH_076,25,12.19,0.0,2.48,6.54,1.66
BATCH_076,26,12.27,0.0,2.48,6.54,1.38
BATCH_076,27,12.34,0.0,2.48,6.54,1.47
BATCH_076,28,12.43,0.0,2.48,6.54,1.89
BATCH_076,29,12.52,0.0,2.48,6.54,1.73
BATCH_076,30,12.61,0.0,2.48,6.54,2.17
BATCH_076,31,12.71,0.0,2.48,6.54,2.08
BATCH_076,32,12.81,0.0,2.48,6.54,2.23
BATCH_076,33,12.91,0.0,2.48,6.54,2.47
BATCH_076,34,13.02,0.0,2.48,6.54,2.2
BATCH_076,35,13.13,0.0,2.48,6.54,2.23
BATCH_076,36,13.24,0.0,2.48,6.54,2.6
BATCH_076,37,13.35,0.0,2.48,6.54,2.61
BATCH_076,38,13.45,0.0,2.48,6.54,2.55
BATCH_076,39,13.56,0.0,2.48,6.54,2.95
BATCH_076,40,13.67,0.0,2.48,6.54,2.71
BATCH_076,41,13.77,0.0,2.48,6.54,2.83
BATCH_076,42,13.86,0.0,2.48,6.54,2.9
BATCH_076,43,13.96,0.0,2.48,6.54,2.78
BATCH_076,44,14.05,0.0,2.48,6.54,3.05
BATCH_076,45,14.13,0.0,2.48,6.54,3.38
BATCH_076,46,14.21,0.0,2.48,6.54,3.24
BATCH_076,47,14.28,0.0,2.48,6.54,3.22
BATCH_076,48,14.35,0.0,2.48,6.54,3.23
BATCH_076,49,14.41,0.0,2.48,6.54,3.37
BATCH_076,50,14.47,0.0,2.48,6.54,3.5
BATCH_076,51,14.52,0.0,2.48,6.54,3.51
BATCH_076,52,14.57,0.0,2.48,6.54,3.36
BATCH_076,53,14.61,0.0,2.48,6.54,3.52
BATCH_076,54,14.65,0.0,2.48,6.54,3.59
BATCH_076,55,14.69,0.0,2.48,6.54,3.32
BATCH_076,56,14.72,0.0,2.48,6.54,3.57
BATCH_076,57,14.75,0.0,2.48,6.54,3.13
BATCH_076,58,14.78,0.0,2.48,6.54,3.68
BATCH_076,59,14.8,0.0,2.48,6.54,3.73
BATCH_076,60,14.82,0.0,2.48,6.54,3.77
BATCH_076,61,14.84,0.0,2.48,6.54,3.55
BATCH_076,62,14.86,0.0,2.48,6.54,3.7
BATCH_076,63,14.87,0.0,2.48,6.54,3.94
BATCH_076,64,14.88,0.0,2.48,6.54,3.95
BATCH_076,65,14.9,0.0,2.48,6.54,3.67
BATCH_076,66,14.91,0.0,2.48,6.54,3.71
BATCH_076,67,14.92,0.0,2.48,6.54,3.91
BATCH_076,68,14.92,0.0,2.48,6.54,3.39
BATCH_076,69,14.93,0.0,2.48,6.54,3.63
BATCH_076,70,14.94,0.0,2.48,6.54,3.97
BATCH_076,71,14.94,0.0,2.48,6.54,3.9
BATCH_076,72,14.95,0.0,2.48,6.54,3.79
BATCH_076,73,14.95,0.0,2.48,6.54,3.41
BATCH_076,74,14.96,0.0,2.48,6.54,3.71
BATCH_076,75,14.96,0.0,2.48,6.54,3.6
BATCH_076,76,14.96,0.0,2.48,6.54,3.79
BATCH_076,77,14.97,0.0,2.48,6.54,3.56
BATCH_076,78,14.97,0.0,2.48,6.54,3.52
BATCH_076,79,14.97,0.0,2.48,6.54,3.31
BATCH_076,80,14.97,0.0,2.48,6.54,3.97
BATCH_076,81,14.97,0.0,2.48,6.54,3.65
BATCH_076,82,14.98,0.0,2.48,6.54,3.76
BATCH_076,83,14.98,0.0,2.48,6.54,3.73
BATCH_076,84,14.98,0.0,2.48,6.54,3.52
BATCH_076,85,14.98,0.0,2.48,6.54,3.48
BATCH_076,86,14.98,0.0,2.48,6.54,3.53
BATCH_076,87,14.98,0.0,2.48,6.54,3.59
BATCH_076,88,14.98,0.0,2.48,6.54,3.81
BATCH_076,89,14.98,0.0,2.48,6.54,3.58
BATCH_076,90,14.98,0.0,2.48,6.54,4.09
BATCH_076,91,14.98,0.0,2.48,6.54,3.94
BATCH_076,92,14.98,0.0,2.48,6.54,3.9
BATCH_076,93,14.98,0.0,2.48,6.54,3.71
BATCH_076,94,14.98,0.0,2.48,6.54,4.04
BATCH_076,95,14.98,0.0,2.48,6.54,3.69
BATCH_076,96,14.98,0.0,2.48,6.54,3.73
BATCH_076,97,14.98,0.0,2.48,6.54,3.77
BATCH_076,98,14.99,0.0,2.48,6.54,3.88
BATCH_076,99,14.99,0.0,2.48,6.54,3.87
BATCH_076,100,14.99,0.0,2.48,6.54,3.64
BATCH_076,101,14.99,0.0,2.48,6.54,3.63
BATCH_076,102,14.99,0.0,2.48,6.54,3.87
BATCH_076,103,14.99,0.0,2.48,6.54,3.88
BATCH_076,104,14.99,0.0,2.48,6.54,3.66
BATCH_076,105,14.99,0.0,2.48,6.54,3.42
BATCH_076,106,14.99,0.0,2.48,6.54,3.7
BATCH_076,107,14.99,0.0,2.48,6.54,3.86
BATCH_076,108,14.99,0.0,2.48,6.54,4.1
BATCH_076,109,14.99,0.0,2.48,6.54,3.5
BATCH_076,110,14.99,0.0,2.48,6.54,3.65
BATCH_076,111,14.99,0.0,2.48,6.54,3.66
BATCH_076,112,14.99,0.0,2.48,6.54,4.01
BATCH_076,113,14.99,0.0,2.48,6.54,3.73
BATCH_076,114,14.99,0.0,2.48,6.54,3.56
BATCH_076,115,14.99,0.0,2.48,6.54,3.85
BATCH_076,116,14.99,0.0,2.48,6.54,3.66
BATCH_076,117,14.99,0.0,2.48,6.54,3.5
BATCH_076,118,14.99,0.0,2.48,6.54,3.56
BATCH_076,119,14.99,0.0,2.48,6.54,4.09
BATCH_076,120,14.99,0.0,2.48,6.54,3.82
BATCH_077,0,12.87,14.03,0.49,0.0,6.92
BATCH_077,1,12.87,13.75,0.53,0.13,7.38
BATCH_077,2,12.88,13.44,0.57,0.27,7.61
BATCH_077,3,12.89,13.11,0.62,0.42,8.17
BATCH_077,4,12.89,12.76,0.67,0.59,8.42
BATCH_077,5,12.9,12.37,0.72,0.76,9.18
BATCH_077,6,12.91,11.96,0.78,0.95,9.59
BATCH_077,7,12.92,11.51,0.84,1.16,9.85
BATCH_077,8,12.93,11.03,0.91,1.38,10.94
BATCH_077,9,12.95,10.51,0.98,1.62,11.35
BATCH_077,10,12.96,9.96,1.06,1.87,12.01
BATCH_077,11,12.98,9.36,1.14,2.15,12.7
BATCH_077,12,13.0,8.72,1.23,2.44,13.47
BATCH_077,13,13.02,8.04,1.33,2.76,14.37
BATCH_077,14,13.04,7.31,1.43,3.09,14.92
BATCH_077,15,13.07,6.53,1.54,3.45,15.58
BATCH_077,16,13.1,5.7,1.66,3.83,16.42
BATCH_077,17,13.13,4.84,1.78,4.23,17.33
BATCH_077,18,13.16,3.93,1.9,4.65,17.64
BATCH_077,19,13.2,3.01,2.03,5.07,17.89
BATCH_077,20,13.25,2.08,2.16,5.5,16.86
BATCH_077,21,13.3,1.21,2.29,5.9,14.72
BATCH_077,22,13.35,0.47,2.39,6.24,9.52
BATCH_077,23,13.41,0.04,2.45,6.44,3.15
BATCH_077,24,13.47,0.0,2.46,6.45,2.6
BATCH_077,25,13.54,0.0,2.46,6.45,2.62
BATCH_077,26,13.61,0.0,2.46,6.45,2.66
BATCH_077,27,13.69,0.0,2.46,6.45,2.59
BATCH_077,28,13.77,0.0,2.46,6.45,2.51
BATCH_077,29,13.86,0.0,2.46,6.45,3.02
BATCH_077,30,13.95,0.0,2.46,6.45,3.07
BATCH_077,31,14.05,0.0,2.46,6.45,2.92
BATCH_077,32,14.15,0.0,2.46,6.45,3.19
BATCH_077,33,14.26,0.0,2.46,6.45,3.16
BATCH_077,34,14.36,0.0,2.46,6.45,3.49
BATCH_077,35,14.47,0.0,2.46,6.45,3.09
BATCH_077,36,14.58,0.0,2.46,6.45,3.41
BATCH_077,37,14.69,0.0,2.46,6.45,3.48
BATCH_077,38,14.8,0.0,2.46,6.45,3.63
BATCH_077,39,14.91,0.0,2.46,6.45,3.99
BATCH_077,40,15.01,0.0,2.46,6.45,3.73
BATCH_077,41,15.11,0.0,2.46,6.45,3.98
BATCH_077,42,15.21,0.0,2.46,6.45,3.88
BATCH_077,43,15.3,0.0,2.46,6.45,4.19
BATCH_077,44,15.39,0.0,2.46,6.45,4.19
BATCH_077,45,15.47,0.0,2.46,6.45,4.04
BATCH_077,46,15.55,0.0,2.46,6.45,4.08
BATCH_077,47,15.62,0.0,2.46,6.45,4.32
BATCH_077,48,15.69,0.0,2.46,6.45,4.14
BATCH_077,49,15.76,0.0,2.46,6.45,4.35
BATCH_077,50,15.81,0.0,2.46,6.45,4.29
BATCH_077,51,15.87,0.0,2.46,6.45,4.47
BATCH_077,52,15.91,0.0,2.46,6.45,4.4
BATCH_077,53,15.96,0.0,2.46,6.45,4.33
BATCH_077,54,16.0,0.0,2.46,6.45,4.72
BATCH_077,55,16.03,0.0,2.46,6.45,4.57
BATCH_077,56,16.07,0.0,2.46,6.45,4.54
BATCH_077,57,16.09,0.0,2.46,6.45,4.65
BATCH_077,58,16.12,0.0,2.46,6.45,4.26
BATCH_077,59,16.14,0.0,2.46,6.45,5.03
BATCH_077,60,16.16,0.0,2.46,6.45,4.63
BATCH_077,61,16.18,0.0,2.46,6.45,4.25
BATCH_077,62,16.2,0.0,2.46,6.45,4.89
BATCH_077,63,16.22,0.0,2.46,6.45,4.51
BATCH_077,64,16.23,0.0,2.46,6.45,4.88
BATCH_077,65,16.24,0.0,2.46,6.45,4.7
BATCH_077,66,16.25,0.0,2.46,6.45,4.37
BATCH_077,67,16.26,0.0,2.46,6.45,4.75
BATCH_077,68,16.27,0.0,2.46,6.45,4.74
BATCH_077,69,16.28,0.0,2.46,6.45,4.94
BATCH_077,70,16.28,0.0,2.46,6.45,4.82
BATCH_077,71,16.29,0.0,2.46,6.45,4.47
BATCH_077,72,16.29,0.0,2.46,6.45,4.92
BATCH_077,73,16.3,0.0,2.46,6.45,4.64
BATCH_077,74,16.3,0.0,2.46,6.45,5.07
BATCH_077,75,16.3,0.0,2.46,6.45,4.66
BATCH_077,76,16.31,0.0,2.46,6.45,4.69
BATCH_077,77,16.31,0.0,2.46,6.45,4.57
BATCH_077,78,16.31,0.0,2.46,6.45,4.63
BATCH_077,79,16.31,0.0,2.46,6.45,4.58
BATCH_077,80,16.32,0.0,2.46,6.45,4.97
BATCH_077,81,16.32,0.0,2.46,6.45,4.47
BATCH_077,82,16.32,0.0,2.46,6.45,4.9
BATCH_077,83,16.32,0.0,2.46,6.45,4.91
BATCH_077,84,16.32,0.0,2.46,6.45,5.02
BATCH_077,85,16.32,0.0,2.46,6.45,4.75
BATCH_077,86,16.32,0.0,2.46,6.45,4.54
BATCH_077,87,16.32,0.0,2.46,6.45,4.71
BATCH_077,88,16.33,0.0,2.46,6.45,4.86
BATCH_077,89,16.33,0.0,2.46,6.45,4.76
BATCH_077,90,16.33,0.0,2.46,6.45,4.82
BATCH_077,91,16.33,0.0,2.46,6.45,5.02
BATCH_077,92,16.33,0.0,2.46,6.45,4.86
BATCH_077,93,16.33,0.0,2.46,6.45,4.79
BATCH_077,94,16.33,0.0,2.46,6.45,4.38
BATCH_077,95,16.33,0.0,2.46,6.45,4.59
BATCH_077,96,16.33,0.0,2.46,6.45,4.67
BATCH_077,97,16.33,0.0,2.46,6.45,4.35
BATCH_077,98,16.33,0.0,2.46,6.45,4.53
BATCH_077,99,16.33,0.0,2.46,6.45,4.69
BATCH_077,100,16.33,0.0,2.46,6.45,4.73
BATCH_077,101,16.33,0.0,2.46,6.45,4.85
BATCH_077,102,16.33,0.0,2.46,6.45,4.71
BATCH_077,103,16.33,0.0,2.46,6.45,4.8
BATCH_077,104,16.33,0.0,2.46,6.45,4.66
BATCH_077,105,16.33,0.0,2.46,6.45,4.76
BATCH_077,106,16.33,0.0,2.46,6.45,4.84
BATCH_077,107,16.33,0.0,2.46,6.45,5.04
BATCH_077,108,16.33,0.0,2.46,6.45,4.64
BATCH_077,109,16.33,0.0,2.46,6.45,4.78
BATCH_077,110,16.33,0.0,2.46,6.45,4.92
BATCH_077,111,16.33,0.0,2.46,6.45,4.46
BATCH_077,112,16.33,0.0,2.46,6.45,5.15
BATCH_077,113,16.33,0.0,2.46,6.45,4.98
BATCH_077,114,16.33,0.0,2.46,6.45,4.41
BATCH_077,115,16.33,0.0,2.46,6.45,4.82
BATCH_077,116,16.33,0.0,2.46,6.45,4.64
BATCH_077,117,16.33,0.0,2.46,6.45,4.67
BATCH_077,118,16.33,0.0,2.46,6.45,4.82
BATCH_077,119,16.33,0.0,2.46,6.45,4.96
BATCH_077,120,16.33,0.0,2.46,6.45,4.65
BATCH_078,0,12.49,13.86,0.51,0.0,6.82
BATCH_078,1,12.49,13.57,0.56,0.13,6.78
BATCH_078,2,12.5,13.25,0.6,0.28,7.38
BATCH_078,3,12.51,12.91,0.65,0.44,8.1
BATCH_078,4,12.51,12.55,0.7,0.61,8.32
BATCH_078,5,12.52,12.15,0.75,0.79,8.76
BATCH_078,6,12.53,11.73,0.81,0.98,9.66
BATCH_078,7,12.54,11.27,0.88,1.19,9.77
BATCH_078,8,12.55,10.78,0.95,1.42,10.58
BATCH_078,9,12.57,10.25,1.02,1.66,11.36
BATCH_078,10,12.58,9.68,1.1,1.93,11.86
BATCH_078,11,12.6,9.07,1.19,2.21,12.85
BATCH_078,12,12.62,8.42,1.28,2.5,13.32
BATCH_078,13,12.64,7.72,1.37,2.82,14.48
BATCH_078,14,12.66,6.98,1.48,3.17,14.94
BATCH_078,15,12.69,6.2,1.59,3.53,15.84
BATCH_078,16,12.72,5.37,1.7,3.91,16.54
BATCH_078,17,12.75,4.5,1.83,4.31,16.81
BATCH_078,18,12.78,3.6,1.95,4.72,16.8
BATCH_078,19,12.82,2.68,2.08,5.14,17.06
BATCH_078,20,12.87,1.78,2.21,5.56,15.82
BATCH_078,21,12.92,0.95,2.32,5.94,12.96
BATCH_078,22,12.97,0.3,2.41,6.24,7.21
BATCH_078,23,13.03,0.0,2.46,6.38,2.18
BATCH_078,24,13.09,0.0,2.46,6.38,2.72
BATCH_078,25,13.16,0.0,2.46,6.38,2.07
BATCH_078,26,13.23,0.0,2.46,6.38,2.57
BATCH_078,27,13.31,0.0,2.46,6.38,2.37
BATCH_078,28,13.39,0.0,2.46,6.38,2.48
BATCH_078,29,13.48,0.0,2.46,6.38,2.55
BATCH_078,30,13.57,0.0,2.46,6.38,2.52
BATCH_078,31,13.67,0.0,2.46,6.38,2.87
BATCH_078,32,13.77,0.0,2.46,6.38,3.11
BATCH_078,33,13.88,0.0,2.46,6.38,3.0
BATCH_078,34,13.98,0.0,2.46,6.38,3.01
BATCH_078,35,14.09,0.0,2.46,6.38,2.87
BATCH_078,36,14.2,0.0,2.46,6.38,3.25
BATCH_078,37,14.31,0.0,2.46,6.38,3.66
BATCH_078,38,14.42,0.0,2.46,6.38,3.24
BATCH_078,39,14.53,0.0,2.46,6.38,3.32
BATCH_078,40,14.63,0.0,2.46,6.38,3.36
BATCH_078,41,14.73,0.0,2.46,6.38,3.45
BATCH_078,42,14.83,0.0,2.46,6.38,3.07
BATCH_078,43,14.92,0.0,2.46,6.38,3.77
BATCH_078,44,15.01,0.0,2.46,6.38,3.59
BATCH_078,45,15.09,0.0,2.46,6.38,3.5
BATCH_078,46,15.17,0.0,2.46,6.38,4.03
BATCH_078,47,15.24,0.0,2.46,6.38,3.72
BATCH_078,48,15.31,0.0,2.46,6.38,3.92
BATCH_078,49,15.37,0.0,2.46,6.38,4.32
BATCH_078,50,15.43,0.0,2.46,6.38,3.79
BATCH_078,51,15.49,0.0,2.46,6.38,3.81
BATCH_078,52,15.53,0.0,2.46,6.38,4.2
BATCH_078,53,15.58,0.0,2.46,6.38,4.41
BATCH_078,54,15.62,0.0,2.46,6.38,3.9
BATCH_078,55,15.65,0.0,2.46,6.38,4.32
BATCH_078,56,15.69,0.0,2.46,6.38,4.38
BATCH_078,57,15.71,0.0,2.46,6.38,3.87
BATCH_078,58,15.74,0.0,2.46,6.38,4.46
BATCH_078,59,15.76,0.0,2.46,6.38,4.5
BATCH_078,60,15.78,0.0,2.46,6.38,4.28
BATCH_078,61,15.8,0.0,2.46,6.38,4.6
BATCH_078,62,15.82,0.0,2.46,6.38,4.59
BATCH_078,63,15.83,0.0,2.46,6.38,4.4
BATCH_078,64,15.85,0.0,2.46,6.38,4.3
BATCH_078,65,15.86,0.0,2.46,6.38,4.2
BATCH_078,66,15.87,0.0,2.46,6.38,4.4
BATCH_078,67,15.88,0.0,2.46,6.38,4.52
BATCH_078,68,15.89,0.0,2.46,6.38,4.35
BATCH_078,69,15.9,0.0,2.46,6.38,3.98
BATCH_078,70,15.9,0.0,2.46,6.38,4.68
BATCH_078,71,15.91,0.0,2.46,6.38,4.47
BATCH_078,72,15.91,0.0,2.46,6.38,4.36
BATCH_078,73,15.92,0.0,2.46,6.38,4.61
BATCH_078,74,15.92,0.0,2.46,6.38,4.75
BATCH_078,75,15.92,0.0,2.46,6.38,3.88
BATCH_078,76,15.93,0.0,2.46,6.38,4.53
BATCH_078,77,15.93,0.0,2.46,6.38,4.16
BATCH_078,78,15.93,0.0,2.46,6.38,4.55
BATCH_078,79,15.93,0.0,2.46,6.38,4.48
BATCH_078,80,15.94,0.0,2.46,6.38,4.58
BATCH_078,81,15.94,0.0,2.46,6.38,4.35
BATCH_078,82,15.94,0.0,2.46,6.38,4.08
BATCH_078,83,15.94,0.0,2.46,6.38,4.37
BATCH_078,84,15.94,0.0,2.46,6.38,4.54
BATCH_078,85,15.94,0.0,2.46,6.38,4.66
BATCH_078,86,15.94,0.0,2.46,6.38,4.22
BATCH_078,87,15.94,0.0,2.46,6.38,4.66
BATCH_078,88,15.95,0.0,2.46,6.38,4.33
BATCH_078,89,15.95,0.0,2.46,6.38,4.53
BATCH_078,90,15.95,0.0,2.46,6.38,4.36
BATCH_078,91,15.95,0.0,2.46,6.38,4.5
BATCH_078,92,15.95,0.0,2.46,6.38,4.64
BATCH_078,93,15.95,0.0,2.46,6.38,4.22
BATCH_078,94,15.95,0.0,2.46,6.38,4.33
BATCH_078,95,15.95,0.0,2.46,6.38,4.5
BATCH_078,96,15.95,0.0,2.46,6.38,4.94
BATCH_078,97,15.95,0.0,2.46,6.38,4.29
BATCH_078,98,15.95,0.0,2.46,6.38,4.87
BATCH_078,99,15.95,0.0,2.46,6.38,4.86
BATCH_078,100,15.95,0.0,2.46,6.38,4.44
BATCH_078,101,15.95,0.0,2.46,6.38,4.4
BATCH_078,102,15.95,0.0,2.46,6.38,4.32
BATCH_078,103,15.95,0.0,2.46,6.38,4.45
BATCH_078,104,15.95,0.0,2.46,6.38,4.18
BATCH_078,105,15.95,0.0,2.46,6.38,4.45
BATCH_078,106,15.95,0.0,2.46,6.38,4.76
BATCH_078,107,15.95,0.0,2.46,6.38,4.34
BATCH_078,108,15.95,0.0,2.46,6.38,4.41
BATCH_078,109,15.95,0.0,2.46,6.38,4.12
BATCH_078,110,15.95,0.0,2.46,6.38,4.54
BATCH_078,111,15.95,0.0,2.46,6.38,4.52
BATCH_078,112,15.95,0.0,2.46,6.38,4.48
BATCH_078,113,15.95,0.0,2.46,6.38,4.42
BATCH_078,114,15.95,0.0,2.46,6.38,4.4
BATCH_078,115,15.95,0.0,2.46,6.38,4.56
BATCH_078,116,15.95,0.0,2.46,6.38,4.46
BATCH_078,117,15.95,0.0,2.46,6.38,4.53
BATCH_078,118,15.95,0.0,2.46,6.38,4.51
BATCH_078,119,15.95,0.0,2.46,6.38,4.69
BATCH_078,120,15.95,0.0,2.46,6.38,4.6
BATCH_079,0,12.79,14.06,0.56,0.0,7.1
BATCH_079,1,12.8,13.73,0.61,0.15,8.03
BATCH_079,2,12.8,13.39,0.65,0.31,8.59
BATCH_079,3,12.81,13.01,0.71,0.48,9.3
BATCH_079,4,12.82,12.6,0.76,0.67,9.62
BATCH_079,5,12.83,12.16,0.83,0.87,9.8
BATCH_079,6,12.83,11.69,0.89,1.09,10.54
BATCH_079,7,12.85,11.19,0.96,1.32,11.08
BATCH_079,8,12.86,10.64,1.04,1.57,11.74
BATCH_079,9,12.87,10.05,1.12,1.84,12.51
BATCH_079,10,12.89,9.42,1.21,2.13,13.55
BATCH_079,11,12.9,8.75,1.3,2.44,13.76
BATCH_079,12,12.92,8.03,1.4,2.77,14.68
BATCH_079,13,12.94,7.26,1.51,3.13,15.94
BATCH_079,14,12.96,6.44,1.63,3.5,16.78
BATCH_079,15,12.99,5.58,1.75,3.9,17.09
BATCH_079,16,13.02,4.67,1.88,4.32,18.15
BATCH_079,17,13.05,3.73,2.01,4.75,18.33
BATCH_079,18,13.09,2.77,2.14,5.19,17.88
BATCH_079,19,13.13,1.82,2.27,5.63,16.21
BATCH_079,20,13.17,0.95,2.4,6.03,13.15
BATCH_079,21,13.22,0.28,2.49,6.34,6.86
BATCH_079,22,13.27,0.0,2.53,6.47,2.61
BATCH_079,23,13.33,0.0,2.53,6.47,2.65
BATCH_079,24,13.39,0.0,2.53,6.47,2.45
BATCH_079,25,13.46,0.0,2.53,6.47,2.55
BATCH_079,26,13.53,0.0,2.53,6.47,2.64
BATCH_079,27,13.61,0.0,2.53,6.47,2.67
BATCH_079,28,13.7,0.0,2.53,6.47,2.8
BATCH_079,29,13.78,0.0,2.53,6.47,2.83
BATCH_079,30,13.88,0.0,2.53,6.47,2.57
BATCH_079,31,13.97,0.0,2.53,6.47,2.94
BATCH_079,32,14.08,0.0,2.53,6.47,3.05
BATCH_079,33,14.18,0.0,2.53,6.47,3.33
BATCH_079,34,14.29,0.0,2.53,6.47,3.05
BATCH_079,35,14.4,0.0,2.53,6.47,3.34
BATCH_079,36,14.5,0.0,2.53,6.47,3.49
BATCH_079,37,14.61,0.0,2.53,6.47,3.43
BATCH_079,38,14.72,0.0,2.53,6.47,3.19
BATCH_079,39,14.83,0.0,2.53,6.47,3.82
BATCH_079,40,14.93,0.0,2.53,6.47,3.85
BATCH_079,41,15.03,0.0,2.53,6.47,3.82
BATCH_079,42,15.13,0.0,2.53,6.47,3.86
BATCH_079,43,15.22,0.0,2.53,6.47,3.56
BATCH_079,44,15.31,0.0,2.53,6.47,4.14
BATCH_079,45,15.4,0.0,2.53,6.47,4.34
BATCH_079,46,15.48,0.0,2.53,6.47,3.88
BATCH_079,47,15.55,0.0,2.53,6.47,4.43
BATCH_079,48,15.62,0.0,2.53,6.47,4.44
BATCH_079,49,15.68,0.0,2.53,6.47,4.03
BATCH_079,50,15.74,0.0,2.53,6.47,4.22
BATCH_079,51,15.79,0.0,2.53,6.47,4.06
BATCH_079,52,15.84,0.0,2.53,6.47,4.36
BATCH_079,53,15.88,0.0,2.53,6.47,4.5
BATCH_079,54,15.92,0.0,2.53,6.47,4.18
BATCH_079,55,15.96,0.0,2.53,6.47,4.54
BATCH_079,56,15.99,0.0,2.53,6.47,4.62
BATCH_079,57,16.02,0.0,2.53,6.47,4.64
BATCH_079,58,16.04,0.0,2.53,6.47,4.62
BATCH_079,59,16.07,0.0,2.53,6.47,4.3
BATCH_079,60,16.09,0.0,2.53,6.47,4.54
BATCH_079,61,16.11,0.0,2.53,6.47,4.65
BATCH_079,62,16.12,0.0,2.53,6.47,4.89
BATCH_079,63,16.14,0.0,2.53,6.47,4.6
BATCH_079,64,16.15,0.0,2.53,6.47,4.7
BATCH_079,65,16.16,0.0,2.53,6.47,4.44
BATCH_079,66,16.17,0.0,2.53,6.47,4.4
BATCH_079,67,16.18,0.0,2.53,6.47,4.38
BATCH_079,68,16.19,0.0,2.53,6.47,4.56
BATCH_079,69,16.2,0.0,2.53,6.47,5.06
BATCH_079,70,16.21,0.0,2.53,6.47,4.57
BATCH_079,71,16.21,0.0,2.53,6.47,4.73
BATCH_079,72,16.22,0.0,2.53,6.47,4.77
BATCH_079,73,16.22,0.0,2.53,6.47,4.45
BATCH_079,74,16.22,0.0,2.53,6.47,4.58
BATCH_079,75,16.23,0.0,2.53,6.47,4.8
BATCH_079,76,16.23,0.0,2.53,6.47,4.76
BATCH_079,77,16.23,0.0,2.53,6.47,4.28
BATCH_079,78,16.24,0.0,2.53,6.47,4.8
BATCH_079,79,16.24,0.0,2.53,6.47,4.57
BATCH_079,80,16.24,0.0,2.53,6.47,4.58
BATCH_079,81,16.24,0.0,2.53,6.47,4.76
BATCH_079,82,16.24,0.0,2.53,6.47,4.99
BATCH_079,83,16.24,0.0,2.53,6.47,4.64
BATCH_079,84,16.25,0.0,2.53,6.47,4.92
BATCH_079,85,16.25,0.0,2.53,6.47,4.4
BATCH_079,86,16.25,0.0,2.53,6.47,4.71
BATCH_079,87,16.25,0.0,2.53,6.47,4.58
BATCH_079,88,16.25,0.0,2.53,6.47,4.74
BATCH_079,89,16.25,0.0,2.53,6.47,4.63
BATCH_079,90,16.25,0.0,2.53,6.47,4.42
BATCH_079,91,16.25,0.0,2.53,6.47,4.51
BATCH_079,92,16.25,0.0,2.53,6.47,4.36
BATCH_079,93,16.25,0.0,2.53,6.47,4.43
BATCH_079,94,16.25,0.0,2.53,6.47,4.79
BATCH_079,95,16.25,0.0,2.53,6.47,4.64
BATCH_079,96,16.25,0.0,2.53,6.47,4.74
BATCH_079,97,16.25,0.0,2.53,6.47,5.05
BATCH_079,98,16.25,0.0,2.53,6.47,4.63
BATCH_079,99,16.25,0.0,2.53,6.47,4.82
BATCH_079,100,16.25,0.0,2.53,6.47,4.7
BATCH_079,101,16.25,0.0,2.53,6.47,5.24
BATCH_079,102,16.25,0.0,2.53,6.47,4.09
BATCH_079,103,16.25,0.0,2.53,6.47,4.55
BATCH_079,104,16.25,0.0,2.53,6.47,4.82
BATCH_079,105,16.25,0.0,2.53,6.47,4.54
BATCH_079,106,16.25,0.0,2.53,6.47,4.8
BATCH_079,107,16.25,0.0,2.53,6.47,4.68
BATCH_079,108,16.25,0.0,2.53,6.47,4.86
BATCH_079,109,16.25,0.0,2.53,6.47,4.46
BATCH_079,110,16.25,0.0,2.53,6.47,4.73
BATCH_079,111,16.25,0.0,2.53,6.47,4.78
BATCH_079,112,16.25,0.0,2.53,6.47,4.72
BATCH_079,113,16.25,0.0,2.53,6.47,4.72
BATCH_079,114,16.25,0.0,2.53,6.47,4.93
BATCH_079,115,16.25,0.0,2.53,6.47,4.35
BATCH_079,116,16.25,0.0,2.53,6.47,4.72
BATCH_079,117,16.25,0.0,2.53,6.47,4.45
BATCH_079,118,16.25,0.0,2.53,6.47,4.84
BATCH_079,119,16.25,0.0,2.53,6.47,4.52
BATCH_079,120,16.25,0.0,2.53,6.47,4.2
BATCH_080,0,13.18,14.23,0.49,0.0,7.19
BATCH_080,1,13.18,13.95,0.53,0.13,7.54
BATCH_080,2,13.19,13.64,0.57,0.27,7.73
BATCH_080,3,13.19,13.3,0.62,0.43,8.24
BATCH_080,4,13.2,12.94,0.67,0.59,9.09
BATCH_080,5,13.21,12.55,0.73,0.77,9.35
BATCH_080,6,13.22,12.13,0.78,0.97,9.99
BATCH_080,7,13.23,11.67,0.85,1.18,10.48
BATCH_080,8,13.24,11.19,0.92,1.4,10.9
BATCH_080,9,13.25,10.66,0.99,1.65,11.99
BATCH_080,10,13.27,10.09,1.07,1.91,12.62
BATCH_080,11,13.29,9.48,1.15,2.19,13.72
BATCH_080,12,13.3,8.83,1.25,2.49,13.84
BATCH_080,13,13.33,8.12,1.34,2.81,15.02
BATCH_080,14,13.35,7.38,1.45,3.15,15.42
BATCH_080,15,13.37,6.58,1.56,3.52,16.52
BATCH_080,16,13.4,5.73,1.68,3.91,17.45
BATCH_080,17,13.44,4.84,1.8,4.32,17.49
BATCH_080,18,13.47,3.91,1.93,4.75,18.27
BATCH_080,19,13.51,2.96,2.07,5.19,18.16
BATCH_080,20,13.56,2.01,2.2,5.62,17.2
BATCH_080,21,13.6,1.12,2.32,6.03,14.77
BATCH_080,22,13.66,0.4,2.43,6.37,9.41
BATCH_080,23,13.71,0.01,2.48,6.55,2.76
BATCH_080,24,13.78,0.01,2.48,6.55,2.87
BATCH_080,25,13.84,0.01,2.48,6.55,2.91
BATCH_080,26,13.92,0.01,2.48,6.55,2.94
BATCH_080,27,14.0,0.01,2.48,6.55,2.78
BATCH_080,28,14.08,0.01,2.48,6.55,3.28
BATCH_080,29,14.17,0.01,2.48,6.55,3.19
BATCH_080,30,14.26,0.01,2.48,6.55,3.28
BATCH_080,31,14.36,0.01,2.48,6.55,3.11
BATCH_080,32,14.46,0.01,2.48,6.55,3.25
BATCH_080,33,14.56,0.01,2.48,6.55,3.39
BATCH_080,34,14.67,0.01,2.48,6.55,3.2
BATCH_080,35,14.78,0.01,2.48,6.55,3.25
BATCH_080,36,14.89,0.01,2.48,6.55,3.55
BATCH_080,37,15.0,0.01,2.48,6.55,3.85
BATCH_080,38,15.11,0.01,2.48,6.55,3.7
BATCH_080,39,15.21,0.01,2.48,6.55,3.71
BATCH_080,40,15.32,0.01,2.48,6.55,3.82
BATCH_080,41,15.42,0.01,2.48,6.55,3.97
BATCH_080,42,15.52,0.01,2.48,6.55,4.07
BATCH_080,43,15.61,0.01,2.48,6.55,4.64
BATCH_080,44,15.7,0.01,2.48,6.55,4.48
BATCH_080,45,15.78,0.01,2.48,6.55,4.54
BATCH_080,46,15.86,0.01,2.48,6.55,4.63
BATCH_080,47,15.93,0.01,2.48,6.55,4.25
BATCH_080,48,16.0,0.01,2.48,6.55,4.26
BATCH_080,49,16.06,0.01,2.48,6.55,4.33
BATCH_080,50,16.12,0.01,2.48,6.55,4.86
BATCH_080,51,16.17,0.01,2.48,6.55,4.52
BATCH_080,52,16.22,0.01,2.48,6.55,4.42
BATCH_080,53,16.27,0.01,2.48,6.55,4.61
BATCH_080,54,16.3,0.01,2.48,6.55,4.68
BATCH_080,55,16.34,0.01,2.48,6.55,4.81
BATCH_080,56,16.37,0.01,2.48,6.55,4.83
BATCH_080,57,16.4,0.01,2.48,6.55,4.64
BATCH_080,58,16.43,0.01,2.48,6.55,4.96
BATCH_080,59,16.45,0.01,2.48,6.55,4.71
BATCH_080,60,16.47,0.01,2.48,6.55,4.82
BATCH_080,61,16.49,0.01,2.48,6.55,5.01
BATCH_080,62,16.51,0.01,2.48,6.55,4.75
BATCH_080,63,16.52,0.01,2.48,6.55,4.78
BATCH_080,64,16.54,0.01,2.48,6.55,5.02
BATCH_080,65,16.55,0.01,2.48,6.55,4.74
BATCH_080,66,16.56,0.01,2.48,6.55,4.84
BATCH_080,67,16.57,0.01,2.48,6.55,5.04
BATCH_080,68,16.58,0.01,2.48,6.55,5.34
BATCH_080,69,16.58,0.01,2.48,6.55,5.06
BATCH_080,70,16.59,0.01,2.48,6.55,5.04
BATCH_080,71,16.59,0.01,2.48,6.55,5.05
BATCH_080,72,16.6,0.01,2.48,6.55,4.74
BATCH_080,73,16.6,0.01,2.48,6.55,4.98
BATCH_080,74,16.61,0.01,2.48,6.55,4.95
BATCH_080,75,16.61,0.01,2.48,6.55,5.02
BATCH_080,76,16.62,0.01,2.48,6.55,4.98
BATCH_080,77,16.62,0.01,2.48,6.55,5.04
BATCH_080,78,16.62,0.01,2.48,6.55,4.9
BATCH_080,79,16.62,0.01,2.48,6.55,4.98
BATCH_080,80,16.62,0.01,2.48,6.55,4.72
BATCH_080,81,16.63,0.01,2.48,6.55,4.91
BATCH_080,82,16.63,0.01,2.48,6.55,5.25
BATCH_080,83,16.63,0.01,2.48,6.55,5.04
BATCH_080,84,16.63,0.01,2.48,6.55,4.97
BATCH_080,85,16.63,0.01,2.48,6.55,5.35
BATCH_080,86,16.63,0.01,2.48,6.55,4.7
BATCH_080,87,16.63,0.01,2.48,6.55,4.75
BATCH_080,88,16.63,0.01,2.48,6.55,5.32
BATCH_080,89,16.63,0.01,2.48,6.55,4.98
BATCH_080,90,16.63,0.01,2.48,6.55,4.93
BATCH_080,91,16.63,0.01,2.48,6.55,4.74
BATCH_080,92,16.64,0.01,2.48,6.55,5.07
BATCH_080,93,16.64,0.01,2.48,6.55,5.09
BATCH_080,94,16.64,0.01,2.48,6.55,4.76
BATCH_080,95,16.64,0.01,2.48,6.55,4.95
BATCH_080,96,16.64,0.01,2.48,6.55,4.91
BATCH_080,97,16.64,0.01,2.48,6.55,5.03
BATCH_080,98,16.64,0.01,2.48,6.55,4.75
BATCH_080,99,16.64,0.01,2.48,6.55,5.23
BATCH_080,100,16.64,0.01,2.48,6.55,5.16
BATCH_080,101,16.64,0.01,2.48,6.55,4.91
BATCH_080,102,16.64,0.01,2.48,6.55,4.93
BATCH_080,103,16.64,0.01,2.48,6.55,4.95
BATCH_080,104,16.64,0.01,2.48,6.55,4.82
BATCH_080,105,16.64,0.01,2.48,6.55,4.89
BATCH_080,106,16.64,0.01,2.48,6.55,4.92
BATCH_080,107,16.64,0.01,2.48,6.55,5.3
BATCH_080,108,16.64,0.01,2.48,6.55,5.17
BATCH_080,109,16.64,0.01,2.48,6.55,5.17
BATCH_080,110,16.64,0.01,2.48,6.55,5.05
BATCH_080,111,16.64,0.01,2.48,6.55,4.76
BATCH_080,112,16.64,0.01,2.48,6.55,4.97
BATCH_080,113,16.64,0.01,2.48,6.55,5.17
BATCH_080,114,16.64,0.01,2.48,6.55,4.73
BATCH_080,115,16.64,0.01,2.48,6.55,5.11
BATCH_080,116,16.64,0.01,2.48,6.55,5.44
BATCH_080,117,16.64,0.01,2.48,6.55,5.19
BATCH_080,118,16.64,0.01,2.48,6.55,5.26
BATCH_080,119,16.64,0.01,2.48,6.55,5.02
BATCH_080,120,16.64,0.01,2.48,6.55,5.17
BATCH_081,0,12.53,13.78,0.53,0.0,6.86
BATCH_081,1,12.54,13.48,0.57,0.14,7.46
BATCH_081,2,12.54,13.15,0.62,0.29,7.87
BATCH_081,3,12.55,12.8,0.67,0.45,8.36
BATCH_081,4,12.55,12.42,0.72,0.63,8.69
BATCH_081,5,12.56,12.01,0.78,0.81,9.05
BATCH_081,6,12.57,11.57,0.84,1.02,9.73
BATCH_081,7,12.58,11.1,0.91,1.23,10.34
BATCH_081,8,12.59,10.59,0.98,1.47,11.01
BATCH_081,9,12.61,10.04,1.06,1.72,11.44
BATCH_081,10,12.62,9.46,1.14,1.99,12.28
BATCH_081,11,12.64,8.83,1.23,2.28,13.04
BATCH_081,12,12.66,8.16,1.32,2.59,13.37
BATCH_081,13,12.68,7.44,1.42,2.92,14.75
BATCH_081,14,12.7,6.68,1.53,3.27,15.39
BATCH_081,15,12.73,5.87,1.64,3.64,16.13
BATCH_081,16,12.76,5.02,1.76,4.03,16.61
BATCH_081,17,12.79,4.13,1.88,4.44,17.29
BATCH_081,18,12.83,3.22,2.01,4.86,17.11
BATCH_081,19,12.87,2.3,2.14,5.28,16.59
BATCH_081,20,12.91,1.42,2.26,5.69,15.03
BATCH_081,21,12.96,0.65,2.37,6.04,10.92
BATCH_081,22,13.01,0.12,2.44,6.28,4.03
BATCH_081,23,13.07,0.0,2.46,6.34,2.62
BATCH_081,24,13.13,0.0,2.46,6.34,2.2
BATCH_081,25,13.2,0.0,2.46,6.34,2.37
BATCH_081,26,13.27,0.0,2.46,6.34,2.8
BATCH_081,27,13.35,0.0,2.46,6.34,2.1
BATCH_081,28,13.43,0.0,2.46,6.34,2.23
BATCH_081,29,13.52,0.0,2.46,6.34,2.73
BATCH_081,30,13.61,0.0,2.46,6.34,2.22
BATCH_081,31,13.71,0.0,2.46,6.34,2.38
BATCH_081,32,13.81,0.0,2.46,6.34,3.1
BATCH_081,33,13.92,0.0,2.46,6.34,2.86
BATCH_081,34,14.02,0.0,2.46,6.34,3.46
BATCH_081,35,14.13,0.0,2.46,6.34,2.89
BATCH_081,36,14.24,0.0,2.46,6.34,3.12
BATCH_081,37,14.35,0.0,2.46,6.34,3.37
BATCH_081,38,14.46,0.0,2.46,6.34,3.44
BATCH_081,39,14.57,0.0,2.46,6.34,3.37
BATCH_081,40,14.67,0.0,2.46,6.34,3.37
BATCH_081,41,14.77,0.0,2.46,6.34,3.63
BATCH_081,42,14.87,0.0,2.46,6.34,3.93
BATCH_081,43,14.96,0.0,2.46,6.34,3.87
BATCH_081,44,15.05,0.0,2.46,6.34,3.66
BATCH_081,45,15.13,0.0,2.46,6.34,3.65
BATCH_081,46,15.21,0.0,2.46,6.34,3.77
BATCH_081,47,15.29,0.0,2.46,6.34,3.71
BATCH_081,48,15.35,0.0,2.46,6.34,4.04
BATCH_081,49,15.42,0.0,2.46,6.34,4.22
BATCH_081,50,15.47,0.0,2.46,6.34,4.09
BATCH_081,51,15.53,0.0,2.46,6.34,4.49
BATCH_081,52,15.57,0.0,2.46,6.34,4.54
BATCH_081,53,15.62,0.0,2.46,6.34,4.28
BATCH_081,54,15.66,0.0,2.46,6.34,4.38
BATCH_081,55,15.69,0.0,2.46,6.34,4.09
BATCH_081,56,15.73,0.0,2.46,6.34,4.22
BATCH_081,57,15.76,0.0,2.46,6.34,4.57
BATCH_081,58,15.78,0.0,2.46,6.34,4.22
BATCH_081,59,15.81,0.0,2.46,6.34,4.65
BATCH_081,60,15.83,0.0,2.46,6.34,4.59
BATCH_081,61,15.84,0.0,2.46,6.34,4.53
BATCH_081,62,15.86,0.0,2.46,6.34,4.16
BATCH_081,63,15.88,0.0,2.46,6.34,4.34
BATCH_081,64,15.89,0.0,2.46,6.34,4.55
BATCH_081,65,15.9,0.0,2.46,6.34,4.23
BATCH_081,66,15.91,0.0,2.46,6.34,4.4
BATCH_081,67,15.92,0.0,2.46,6.34,4.59
BATCH_081,68,15.93,0.0,2.46,6.34,4.33
BATCH_081,69,15.94,0.0,2.46,6.34,4.28
BATCH_081,70,15.94,0.0,2.46,6.34,4.1
BATCH_081,71,15.95,0.0,2.46,6.34,4.38
BATCH_081,72,15.95,0.0,2.46,6.34,4.62
BATCH_081,73,15.96,0.0,2.46,6.34,4.29
BATCH_081,74,15.96,0.0,2.46,6.34,4.48
BATCH_081,75,15.97,0.0,2.46,6.34,4.43
BATCH_081,76,15.97,0.0,2.46,6.34,4.34
BATCH_081,77,15.97,0.0,2.46,6.34,4.65
BATCH_081,78,15.97,0.0,2.46,6.34,4.81
BATCH_081,79,15.98,0.0,2.46,6.34,4.68
BATCH_081,80,15.98,0.0,2.46,6.34,4.34
BATCH_081,81,15.98,0.0,2.46,6.34,4.88
BATCH_081,82,15.98,0.0,2.46,6.34,4.69
BATCH_081,83,15.98,0.0,2.46,6.34,4.4
BATCH_081,84,15.98,0.0,2.46,6.34,4.33
BATCH_081,85,15.98,0.0,2.46,6.34,4.71
BATCH_081,86,15.99,0.0,2.46,6.34,4.52
BATCH_081,87,15.99,0.0,2.46,6.34,4.32
BATCH_081,88,15.99,0.0,2.46,6.34,4.46
BATCH_081,89,15.99,0.0,2.46,6.34,4.41
BATCH_081,90,15.99,0.0,2.46,6.34,4.33
BATCH_081,91,15.99,0.0,2.46,6.34,4.69
BATCH_081,92,15.99,0.0,2.46,6.34,4.65
BATCH_081,93,15.99,0.0,2.46,6.34,4.66
BATCH_081,94,15.99,0.0,2.46,6.34,4.66
BATCH_081,95,15.99,0.0,2.46,6.34,4.31
BATCH_081,96,15.99,0.0,2.46,6.34,4.37
BATCH_081,97,15.99,0.0,2.46,6.34,4.78
BATCH_081,98,15.99,0.0,2.46,6.34,4.51
BATCH_081,99,15.99,0.0,2.46,6.34,4.2
BATCH_081,100,15.99,0.0,2.46,6.34,4.54
BATCH_081,101,15.99,0.0,2.46,6.34,4.62
BATCH_081,102,15.99,0.0,2.46,6.34,4.6
BATCH_081,103,15.99,0.0,2.46,6.34,4.31
BATCH_081,104,15.99,0.0,2.46,6.34,4.87
BATCH_081,105,15.99,0.0,2.46,6.34,4.19
BATCH_081,106,15.99,0.0,2.46,6.34,4.52
BATCH_081,107,15.99,0.0,2.46,6.34,4.84
BATCH_081,108,15.99,0.0,2.46,6.34,4.61
BATCH_081,109,15.99,0.0,2.46,6.34,4.66
BATCH_081,110,15.99,0.0,2.46,6.34,4.28
BATCH_081,111,15.99,0.0,2.46,6.34,4.56
BATCH_081,112,15.99,0.0,2.46,6.34,4.49
BATCH_081,113,15.99,0.0,2.46,6.34,4.27
BATCH_081,114,15.99,0.0,2.46,6.34,4.67
BATCH_081,115,15.99,0.0,2.46,6.34,4.33
BATCH_081,116,15.99,0.0,2.46,6.34,4.35
BATCH_081,117,15.99,0.0,2.46,6.34,4.58
BATCH_081,118,15.99,0.0,2.46,6.34,4.47
BATCH_081,119,15.99,0.0,2.46,6.34,4.53
BATCH_081,120,15.99,0.0,2.46,6.34,4.45
BATCH_082,0,11.41,14.42,0.46,0.0,5.15
BATCH_082,1,11.41,14.17,0.5,0.12,5.68
BATCH_082,2,11.42,13.9,0.54,0.24,6.3
BATCH_082,3,11.42,13.6,0.58,0.38,6.29
BATCH_082,4,11.43,13.29,0.62,0.52,6.62
BATCH_082,5,11.44,12.95,0.67,0.68,7.03
BATCH_082,6,11.45,12.59,0.72,0.84,7.56
BATCH_082,7,11.46,12.2,0.77,1.02,7.85
BATCH_082,8,11.47,11.78,0.83,1.22,8.55
BATCH_082,9,11.48,11.33,0.9,1.42,9.16
BATCH_082,10,11.5,10.85,0.96,1.65,9.69
BATCH_082,11,11.52,10.33,1.04,1.88,10.35
BATCH_082,12,11.53,9.78,1.11,2.14,10.99
BATCH_082,13,11.56,9.18,1.2,2.41,11.23
BATCH_082,14,11.58,8.55,1.28,2.7,12.41
BATCH_082,15,11.61,7.88,1.38,3.01,12.87
BATCH_082,16,11.63,7.16,1.48,3.34,13.52
BATCH_082,17,11.67,6.41,1.59,3.69,14.23
BATCH_082,18,11.7,5.61,1.7,4.06,15.21
BATCH_082,19,11.74,4.77,1.81,4.44,15.64
BATCH_082,20,11.79,3.9,1.94,4.84,15.71
BATCH_082,21,11.83,3.0,2.06,5.25,16.13
BATCH_082,22,11.89,2.12,2.19,5.66,15.04
BATCH_082,23,11.94,1.27,2.3,6.05,13.34
BATCH_082,24,12.01,0.55,2.4,6.38,9.16
BATCH_082,25,12.08,0.09,2.47,6.59,3.26
BATCH_082,26,12.15,0.0,2.48,6.64,1.97
BATCH_082,27,12.23,0.0,2.48,6.64,1.4
BATCH_082,28,12.31,0.0,2.48,6.64,1.72
BATCH_082,29,12.4,0.0,2.48,6.64,1.74
BATCH_082,30,12.49,0.0,2.48,6.64,1.96
BATCH_082,31,12.59,0.0,2.48,6.64,1.98
BATCH_082,32,12.69,0.0,2.48,6.64,1.95
BATCH_082,33,12.79,0.0,2.48,6.64,2.01
BATCH_082,34,12.9,0.0,2.48,6.64,1.95
BATCH_082,35,13.01,0.0,2.48,6.64,2.45
BATCH_082,36,13.12,0.0,2.48,6.64,2.43
BATCH_082,37,13.23,0.0,2.48,6.64,2.6
BATCH_082,38,13.34,0.0,2.48,6.64,2.44
BATCH_082,39,13.44,0.0,2.48,6.64,2.45
BATCH_082,40,13.55,0.0,2.48,6.64,2.44
BATCH_082,41,13.65,0.0,2.48,6.64,2.81
BATCH_082,42,13.75,0.0,2.48,6.64,2.6
BATCH_082,43,13.84,0.0,2.48,6.64,3.25
BATCH_082,44,13.93,0.0,2.48,6.64,2.68
BATCH_082,45,14.01,0.0,2.48,6.64,3.06
BATCH_082,46,14.09,0.0,2.48,6.64,3.38
BATCH_082,47,14.16,0.0,2.48,6.64,3.24
BATCH_082,48,14.23,0.0,2.48,6.64,3.21
BATCH_082,49,14.29,0.0,2.48,6.64,3.03
BATCH_082,50,14.35,0.0,2.48,6.64,2.99
BATCH_082,51,14.4,0.0,2.48,6.64,3.46
BATCH_082,52,14.45,0.0,2.48,6.64,3.64
BATCH_082,53,14.5,0.0,2.48,6.64,3.28
BATCH_082,54,14.54,0.0,2.48,6.64,3.17
BATCH_082,55,14.57,0.0,2.48,6.64,2.94
BATCH_082,56,14.6,0.0,2.48,6.64,3.26
BATCH_082,57,14.63,0.0,2.48,6.64,3.45
BATCH_082,58,14.66,0.0,2.48,6.64,3.81
BATCH_082,59,14.68,0.0,2.48,6.64,3.65
BATCH_082,60,14.7,0.0,2.48,6.64,3.59
BATCH_082,61,14.72,0.0,2.48,6.64,3.46
BATCH_082,62,14.74,0.0,2.48,6.64,3.44
BATCH_082,63,14.75,0.0,2.48,6.64,3.85
BATCH_082,64,14.77,0.0,2.48,6.64,3.61
BATCH_082,65,14.78,0.0,2.48,6.64,3.16
BATCH_082,66,14.79,0.0,2.48,6.64,3.46
BATCH_082,67,14.8,0.0,2.48,6.64,3.43
BATCH_082,68,14.81,0.0,2.48,6.64,3.5
BATCH_082,69,14.81,0.0,2.48,6.64,3.72
BATCH_082,70,14.82,0.0,2.48,6.64,3.59
BATCH_082,71,14.83,0.0,2.48,6.64,3.6
BATCH_082,72,14.83,0.0,2.48,6.64,3.89
BATCH_082,73,14.83,0.0,2.48,6.64,3.49
BATCH_082,74,14.84,0.0,2.48,6.64,4.0
BATCH_082,75,14.84,0.0,2.48,6.64,3.5
BATCH_082,76,14.85,0.0,2.48,6.64,3.65
BATCH_082,77,14.85,0.0,2.48,6.64,3.58
BATCH_082,78,14.85,0.0,2.48,6.64,3.66
BATCH_082,79,14.85,0.0,2.48,6.64,3.73
BATCH_082,80,14.85,0.0,2.48,6.64,3.73
BATCH_082,81,14.86,0.0,2.48,6.64,3.49
BATCH_082,82,14.86,0.0,2.48,6.64,3.42
BATCH_082,83,14.86,0.0,2.48,6.64,4.14
BATCH_082,84,14.86,0.0,2.48,6.64,3.55
BATCH_082,85,14.86,0.0,2.48,6.64,3.79
BATCH_082,86,14.86,0.0,2.48,6.64,3.32
BATCH_082,87,14.86,0.0,2.48,6.64,3.59
BATCH_082,88,14.86,0.0,2.48,6.64,3.62
BATCH_082,89,14.86,0.0,2.48,6.64,3.74
BATCH_082,90,14.86,0.0,2.48,6.64,3.1
BATCH_082,91,14.87,0.0,2.48,6.64,3.68
BATCH_082,92,14.87,0.0,2.48,6.64,3.42
BATCH_082,93,14.87,0.0,2.48,6.64,3.71
BATCH_082,94,14.87,0.0,2.48,6.64,3.44
BATCH_082,95,14.87,0.0,2.48,6.64,3.48
BATCH_082,96,14.87,0.0,2.48,6.64,3.6
BATCH_082,97,14.87,0.0,2.48,6.64,3.44
BATCH_082,98,14.87,0.0,2.48,6.64,3.56
BATCH_082,99,14.87,0.0,2.48,6.64,3.41
BATCH_082,100,14.87,0.0,2.48,6.64,3.28
BATCH_082,101,14.87,0.0,2.48,6.64,3.85
BATCH_082,102,14.87,0.0,2.48,6.64,3.39
BATCH_082,103,14.87,0.0,2.48,6.64,3.62
BATCH_082,104,14.87,0.0,2.48,6.64,3.8
BATCH_082,105,14.87,0.0,2.48,6.64,3.53
BATCH_082,106,14.87,0.0,2.48,6.64,3.49
BATCH_082,107,14.87,0.0,2.48,6.64,3.7
BATCH_082,108,14.87,0.0,2.48,6.64,3.87
BATCH_082,109,14.87,0.0,2.48,6.64,3.42
BATCH_082,110,14.87,0.0,2.48,6.64,3.62
BATCH_082,111,14.87,0.0,2.48,6.64,3.3
BATCH_082,112,14.87,0.0,2.48,6.64,3.57
BATCH_082,113,14.87,0.0,2.48,6.64,3.66
BATCH_082,114,14.87,0.0,2.48,6.64,3.48
BATCH_082,115,14.87,0.0,2.48,6.64,3.56
BATCH_082,116,14.87,0.0,2.48,6.64,3.37
BATCH_082,117,14.87,0.0,2.48,6.64,3.67
BATCH_082,118,14.87,0.0,2.48,6.64,3.86
BATCH_082,119,14.87,0.0,2.48,6.64,3.43
BATCH_082,120,14.87,0.0,2.48,6.64,3.53
BATCH_083,0,12.07,14.15,0.55,0.0,6.5
BATCH_083,1,12.07,13.84,0.59,0.14,6.8
BATCH_083,2,12.08,13.51,0.64,0.29,7.45
BATCH_083,3,12.09,13.15,0.69,0.46,8.02
BATCH_083,4,12.09,12.77,0.74,0.63,8.49
BATCH_083,5,12.1,12.36,0.8,0.82,8.41
BATCH_083,6,12.11,11.91,0.86,1.03,9.33
BATCH_083,7,12.12,11.44,0.93,1.25,10.28
BATCH_083,8,12.13,10.92,1.0,1.48,10.74
BATCH_083,9,12.15,10.37,1.08,1.74,11.09
BATCH_083,10,12.16,9.78,1.16,2.01,12.28
BATCH_083,11,12.18,9.15,1.25,2.3,12.96
BATCH_083,12,12.2,8.48,1.34,2.61,13.46
BATCH_083,13,12.22,7.76,1.44,2.94,14.47
BATCH_083,14,12.24,6.99,1.55,3.29,15.46
BATCH_083,15,12.27,6.18,1.66,3.67,15.6
BATCH_083,16,12.3,5.33,1.78,4.06,16.59
BATCH_083,17,12.33,4.43,1.91,4.47,17.39
BATCH_083,18,12.36,3.51,2.04,4.9,17.34
BATCH_083,19,12.4,2.57,2.17,5.33,16.71
BATCH_083,20,12.45,1.66,2.3,5.75,15.48
BATCH_083,21,12.5,0.84,2.41,6.12,12.26
BATCH_083,22,12.55,0.22,2.5,6.41,5.38
BATCH_083,23,12.61,0.0,2.53,6.51,1.95
BATCH_083,24,12.67,0.0,2.53,6.51,1.95
BATCH_083,25,12.74,0.0,2.53,6.51,1.93
BATCH_083,26,12.81,0.0,2.53,6.51,2.16
BATCH_083,27,12.89,0.0,2.53,6.51,2.15
BATCH_083,28,12.97,0.0,2.53,6.51,2.36
BATCH_083,29,13.06,0.0,2.53,6.51,2.52
BATCH_083,30,13.15,0.0,2.53,6.51,2.11
BATCH_083,31,13.25,0.0,2.53,6.51,2.45
BATCH_083,32,13.35,0.0,2.53,6.51,2.5
BATCH_083,33,13.46,0.0,2.53,6.51,2.63
BATCH_083,34,13.56,0.0,2.53,6.51,2.67
BATCH_083,35,13.67,0.0,2.53,6.51,2.56
BATCH_083,36,13.78,0.0,2.53,6.51,3.13
BATCH_083,37,13.89,0.0,2.53,6.51,3.29
BATCH_083,38,14.0,0.0,2.53,6.51,3.11
BATCH_083,39,14.1,0.0,2.53,6.51,3.2
BATCH_083,40,14.21,0.0,2.53,6.51,3.18
BATCH_083,41,14.31,0.0,2.53,6.51,3.43
BATCH_083,42,14.41,0.0,2.53,6.51,2.82
BATCH_083,43,14.5,0.0,2.53,6.51,3.37
BATCH_083,44,14.59,0.0,2.53,6.51,3.33
BATCH_083,45,14.67,0.0,2.53,6.51,3.53
BATCH_083,46,14.75,0.0,2.53,6.51,3.78
BATCH_083,47,14.82,0.0,2.53,6.51,3.62
BATCH_083,48,14.89,0.0,2.53,6.51,3.6
BATCH_083,49,14.95,0.0,2.53,6.51,3.43
BATCH_083,50,15.01,0.0,2.53,6.51,3.74
BATCH_083,51,15.06,0.0,2.53,6.51,3.93
BATCH_083,52,15.11,0.0,2.53,6.51,3.67
BATCH_083,53,15.16,0.0,2.53,6.51,3.47
BATCH_083,54,15.2,0.0,2.53,6.51,4.35
BATCH_083,55,15.23,0.0,2.53,6.51,3.99
BATCH_083,56,15.26,0.0,2.53,6.51,3.9
BATCH_083,57,15.29,0.0,2.53,6.51,4.25
BATCH_083,58,15.32,0.0,2.53,6.51,4.02
BATCH_083,59,15.34,0.0,2.53,6.51,4.27
BATCH_083,60,15.36,0.0,2.53,6.51,4.27
BATCH_083,61,15.38,0.0,2.53,6.51,3.78
BATCH_083,62,15.4,0.0,2.53,6.51,4.14
BATCH_083,63,15.41,0.0,2.53,6.51,4.41
BATCH_083,64,15.43,0.0,2.53,6.51,3.87
BATCH_083,65,15.44,0.0,2.53,6.51,3.88
BATCH_083,66,15.45,0.0,2.53,6.51,3.92
BATCH_083,67,15.46,0.0,2.53,6.51,4.27
BATCH_083,68,15.47,0.0,2.53,6.51,4.16
BATCH_083,69,15.47,0.0,2.53,6.51,3.72
BATCH_083,70,15.48,0.0,2.53,6.51,4.18
BATCH_083,71,15.49,0.0,2.53,6.51,4.06
BATCH_083,72,15.49,0.0,2.53,6.51,4.1
BATCH_083,73,15.5,0.0,2.53,6.51,3.95
BATCH_083,74,15.5,0.0,2.53,6.51,4.19
BATCH_083,75,15.5,0.0,2.53,6.51,4.34
BATCH_083,76,15.51,0.0,2.53,6.51,4.0
BATCH_083,77,15.51,0.0,2.53,6.51,3.8
BATCH_083,78,15.51,0.0,2.53,6.51,4.07
BATCH_083,79,15.51,0.0,2.53,6.51,4.29
BATCH_083,80,15.52,0.0,2.53,6.51,4.05
BATCH_083,81,15.52,0.0,2.53,6.51,3.84
BATCH_083,82,15.52,0.0,2.53,6.51,4.29
BATCH_083,83,15.52,0.0,2.53,6.51,4.42
BATCH_083,84,15.52,0.0,2.53,6.51,4.14
BATCH_083,85,15.52,0.0,2.53,6.51,3.82
BATCH_083,86,15.52,0.0,2.53,6.51,4.08
BATCH_083,87,15.52,0.0,2.53,6.51,4.17
BATCH_083,88,15.52,0.0,2.53,6.51,3.98
BATCH_083,89,15.53,0.0,2.53,6.51,4.26
BATCH_083,90,15.53,0.0,2.53,6.51,3.96
BATCH_083,91,15.53,0.0,2.53,6.51,4.15
BATCH_083,92,15.53,0.0,2.53,6.51,4.1
BATCH_083,93,15.53,0.0,2.53,6.51,4.27
BATCH_083,94,15.53,0.0,2.53,6.51,4.14
BATCH_083,95,15.53,0.0,2.53,6.51,4.11
BATCH_083,96,15.53,0.0,2.53,6.51,3.99
BATCH_083,97,15.53,0.0,2.53,6.51,4.15
BATCH_083,98,15.53,0.0,2.53,6.51,4.09
BATCH_083,99,15.53,0.0,2.53,6.51,3.97
BATCH_083,100,15.53,0.0,2.53,6.51,4.18
BATCH_083,101,15.53,0.0,2.53,6.51,4.22
BATCH_083,102,15.53,0.0,2.53,6.51,4.08
BATCH_083,103,15.53,0.0,2.53,6.51,4.33
BATCH_083,104,15.53,0.0,2.53,6.51,4.2
BATCH_083,105,15.53,0.0,2.53,6.51,3.89
BATCH_083,106,15.53,0.0,2.53,6.51,4.41
BATCH_083,107,15.53,0.0,2.53,6.51,4.3
BATCH_083,108,15.53,0.0,2.53,6.51,4.35
BATCH_083,109,15.53,0.0,2.53,6.51,4.23
BATCH_083,110,15.53,0.0,2.53,6.51,3.68
BATCH_083,111,15.53,0.0,2.53,6.51,4.37
BATCH_083,112,15.53,0.0,2.53,6.51,4.16
BATCH_083,113,15.53,0.0,2.53,6.51,4.22
BATCH_083,114,15.53,0.0,2.53,6.51,4.26
BATCH_083,115,15.53,0.0,2.53,6.51,4.53
BATCH_083,116,15.53,0.0,2.53,6.51,4.04
BATCH_083,117,15.53,0.0,2.53,6.51,4.04
BATCH_083,118,15.53,0.0,2.53,6.51,3.98
BATCH_083,119,15.53,0.0,2.53,6.51,3.93
BATCH_083,120,15.53,0.0,2.53,6.51,3.94
BATCH_084,0,12.02,13.44,0.52,0.0,6.67
BATCH_084,1,12.02,13.16,0.56,0.13,6.85
BATCH_084,2,12.03,12.85,0.6,0.28,7.12
BATCH_084,3,12.03,12.51,0.65,0.43,7.83
BATCH_084,4,12.04,12.15,0.7,0.59,7.71
BATCH_084,5,12.05,11.77,0.75,0.77,8.76
BATCH_084,6,12.06,11.35,0.81,0.96,8.71
BATCH_084,7,12.07,10.91,0.87,1.17,9.49
BATCH_084,8,12.08,10.43,0.94,1.39,9.77
BATCH_084,9,12.09,9.91,1.01,1.62,10.64
BATCH_084,10,12.11,9.36,1.09,1.88,11.36
BATCH_084,11,12.12,8.78,1.17,2.15,11.93
BATCH_084,12,12.14,8.15,1.26,2.44,12.8
BATCH_084,13,12.16,7.48,1.35,2.74,13.39
BATCH_084,14,12.19,6.77,1.45,3.07,13.98
BATCH_084,15,12.21,6.01,1.56,3.42,14.67
BATCH_084,16,12.24,5.22,1.67,3.79,15.57
BATCH_084,17,12.27,4.38,1.79,4.17,15.77
BATCH_084,18,12.31,3.52,1.91,4.56,16.33
BATCH_084,19,12.35,2.65,2.03,4.97,16.19
BATCH_084,20,12.39,1.79,2.15,5.36,14.55
BATCH_084,21,12.44,1.0,2.26,5.73,12.51
BATCH_084,22,12.5,0.36,2.35,6.02,7.86
BATCH_084,23,12.55,0.03,2.4,6.17,2.39
BATCH_084,24,12.62,0.0,2.4,6.18,2.08
BATCH_084,25,12.68,0.0,2.4,6.18,2.22
BATCH_084,26,12.76,0.0,2.4,6.18,2.01
BATCH_084,27,12.83,0.0,2.4,6.18,2.16
BATCH_084,28,12.92,0.0,2.4,6.18,1.93
BATCH_084,29,13.01,0.0,2.4,6.18,2.28
BATCH_084,30,13.1,0.0,2.4,6.18,2.42
BATCH_084,31,13.2,0.0,2.4,6.18,2.5
BATCH_084,32,13.3,0.0,2.4,6.18,2.69
BATCH_084,33,13.4,0.0,2.4,6.18,2.4
BATCH_084,34,13.51,0.0,2.4,6.18,2.53
BATCH_084,35,13.62,0.0,2.4,6.18,3.09
BATCH_084,36,13.73,0.0,2.4,6.18,2.77
BATCH_084,37,13.84,0.0,2.4,6.18,2.92
BATCH_084,38,13.94,0.0,2.4,6.18,2.95
BATCH_084,39,14.05,0.0,2.4,6.18,2.87
BATCH_084,40,14.16,0.0,2.4,6.18,3.44
BATCH_084,41,14.26,0.0,2.4,6.18,3.09
BATCH_084,42,14.35,0.0,2.4,6.18,3.04
BATCH_084,43,14.45,0.0,2.4,6.18,3.25
BATCH_084,44,14.54,0.0,2.4,6.18,3.0
BATCH_084,45,14.62,0.0,2.4,6.18,3.33
BATCH_084,46,14.7,0.0,2.4,6.18,3.33
BATCH_084,47,14.77,0.0,2.4,6.18,3.7
BATCH_084,48,14.84,0.0,2.4,6.18,3.49
BATCH_084,49,14.9,0.0,2.4,6.18,3.85
BATCH_084,50,14.96,0.0,2.4,6.18,4.0
BATCH_084,51,15.01,0.0,2.4,6.18,3.92
BATCH_084,52,15.06,0.0,2.4,6.18,3.75
BATCH_084,53,15.1,0.0,2.4,6.18,3.86
BATCH_084,54,15.14,0.0,2.4,6.18,3.55
BATCH_084,55,15.18,0.0,2.4,6.18,3.86
BATCH_084,56,15.21,0.0,2.4,6.18,3.74
BATCH_084,57,15.24,0.0,2.4,6.18,4.07
BATCH_084,58,15.27,0.0,2.4,6.18,4.46
BATCH_084,59,15.29,0.0,2.4,6.18,4.07
BATCH_084,60,15.31,0.0,2.4,6.18,3.59
BATCH_084,61,15.33,0.0,2.4,6.18,3.93
BATCH_084,62,15.35,0.0,2.4,6.18,4.03
BATCH_084,63,15.36,0.0,2.4,6.18,4.04
BATCH_084,64,15.37,0.0,2.4,6.18,3.88
BATCH_084,65,15.39,0.0,2.4,6.18,4.09
BATCH_084,66,15.4,0.0,2.4,6.18,3.8
BATCH_084,67,15.41,0.0,2.4,6.18,3.87
BATCH_084,68,15.41,0.0,2.4,6.18,4.19
BATCH_084,69,15.42,0.0,2.4,6.18,3.86
BATCH_084,70,15.43,0.0,2.4,6.18,4.18
BATCH_084,71,15.43,0.0,2.4,6.18,3.8
BATCH_084,72,15.44,0.0,2.4,6.18,4.43
BATCH_084,73,15.44,0.0,2.4,6.18,3.93
BATCH_084,74,15.45,0.0,2.4,6.18,4.04
BATCH_084,75,15.45,0.0,2.4,6.18,4.15
BATCH_084,76,15.45,0.0,2.4,6.18,3.98
BATCH_084,77,15.46,0.0,2.4,6.18,4.12
BATCH_084,78,15.46,0.0,2.4,6.18,4.21
BATCH_084,79,15.46,0.0,2.4,6.18,4.29
BATCH_084,80,15.46,0.0,2.4,6.18,4.26
BATCH_084,81,15.46,0.0,2.4,6.18,4.06
BATCH_084,82,15.47,0.0,2.4,6.18,4.07
BATCH_084,83,15.47,0.0,2.4,6.18,4.57
BATCH_084,84,15.47,0.0,2.4,6.18,4.29
BATCH_084,85,15.47,0.0,2.4,6.18,3.92
BATCH_084,86,15.47,0.0,2.4,6.18,4.12
BATCH_084,87,15.47,0.0,2.4,6.18,4.04
BATCH_084,88,15.47,0.0,2.4,6.18,4.08
BATCH_084,89,15.47,0.0,2.4,6.18,3.86
BATCH_084,90,15.47,0.0,2.4,6.18,4.02
BATCH_084,91,15.47,0.0,2.4,6.18,4.47
BATCH_084,92,15.47,0.0,2.4,6.18,4.22
BATCH_084,93,15.47,0.0,2.4,6.18,3.61
BATCH_084,94,15.47,0.0,2.4,6.18,4.35
BATCH_084,95,15.47,0.0,2.4,6.18,4.32
BATCH_084,96,15.48,0.0,2.4,6.18,4.03
BATCH_084,97,15.48,0.0,2.4,6.18,4.25
BATCH_084,98,15.48,0.0,2.4,6.18,3.93
BATCH_084,99,15.48,0.0,2.4,6.18,4.01
BATCH_084,100,15.48,0.0,2.4,6.18,4.41
BATCH_084,101,15.48,0.0,2.4,6.18,4.05
BATCH_084,102,15.48,0.0,2.4,6.18,3.73
BATCH_084,103,15.48,0.0,2.4,6.18,4.09
BATCH_084,104,15.48,0.0,2.4,6.18,4.09
BATCH_084,105,15.48,0.0,2.4,6.18,4.35
BATCH_084,106,15.48,0.0,2.4,6.18,4.11
BATCH_084,107,15.48,0.0,2.4,6.18,4.02
BATCH_084,108,15.48,0.0,2.4,6.18,4.32
BATCH_084,109,15.48,0.0,2.4,6.18,4.13
BATCH_084,110,15.48,0.0,2.4,6.18,3.96
BATCH_084,111,15.48,0.0,2.4,6.18,4.34
BATCH_084,112,15.48,0.0,2.4,6.18,4.15
BATCH_084,113,15.48,0.0,2.4,6.18,4.11
BATCH_084,114,15.48,0.0,2.4,6.18,4.14
BATCH_084,115,15.48,0.0,2.4,6.18,3.89
BATCH_084,116,15.48,0.0,2.4,6.18,4.0
BATCH_084,117,15.48,0.0,2.4,6.18,4.11
BATCH_084,118,15.48,0.0,2.4,6.18,4.07
BATCH_084,119,15.48,0.0,2.4,6.18,4.36
BATCH_084,120,15.48,0.0,2.4,6.18,4.15
BATCH_085,0,12.42,14.26,0.5,0.0,6.47
BATCH_085,1,12.43,13.97,0.54,0.13,6.93
BATCH_085,2,12.43,13.66,0.58,0.27,7.37
BATCH_085,3,12.44,13.33,0.63,0.42,7.89
BATCH_085,4,12.44,12.98,0.68,0.59,8.09
BATCH_085,5,12.45,12.59,0.73,0.77,8.58
BATCH_085,6,12.46,12.18,0.79,0.96,8.81
BATCH_085,7,12.47,11.73,0.85,1.16,9.68
BATCH_085,8,12.48,11.25,0.92,1.38,10.55
BATCH_085,9,12.5,10.74,0.99,1.62,11.09
BATCH_085,10,12.51,10.19,1.07,1.87,11.47
BATCH_085,11,12.53,9.59,1.15,2.15,12.0
BATCH_085,12,12.55,8.96,1.24,2.44,13.1
BATCH_085,13,12.57,8.28,1.34,2.75,14.08
BATCH_085,14,12.59,7.55,1.44,3.08,14.58
BATCH_085,15,12.62,6.78,1.55,3.44,15.16
BATCH_085,16,12.65,5.96,1.66,3.81,16.08
BATCH_085,17,12.68,5.1,1.78,4.21,16.92
BATCH_085,18,12.72,4.2,1.91,4.62,17.58
BATCH_085,19,12.76,3.28,2.04,5.05,17.4
BATCH_085,20,12.8,2.34,2.17,5.48,17.13
BATCH_085,21,12.85,1.45,2.29,5.89,15.3
BATCH_085,22,12.9,0.66,2.4,6.26,10.78
BATCH_085,23,12.96,0.12,2.48,6.5,4.49
BATCH_085,24,13.02,0.0,2.5,6.56,2.32
BATCH_085,25,13.09,0.0,2.5,6.56,2.07
BATCH_085,26,13.16,0.0,2.5,6.56,2.72
BATCH_085,27,13.24,0.0,2.5,6.56,2.4
BATCH_085,28,13.32,0.0,2.5,6.56,2.1
BATCH_085,29,13.41,0.0,2.5,6.56,2.42
BATCH_085,30,13.5,0.0,2.5,6.56,2.44
BATCH_085,31,13.6,0.0,2.5,6.56,2.57
BATCH_085,32,13.7,0.0,2.5,6.56,2.69
BATCH_085,33,13.81,0.0,2.5,6.56,2.8
BATCH_085,34,13.91,0.0,2.5,6.56,2.88
BATCH_085,35,14.02,0.0,2.5,6.56,3.0
BATCH_085,36,14.13,0.0,2.5,6.56,3.22
BATCH_085,37,14.24,0.0,2.5,6.56,3.03
BATCH_085,38,14.35,0.0,2.5,6.56,3.5
BATCH_085,39,14.46,0.0,2.5,6.56,3.1
BATCH_085,40,14.56,0.0,2.5,6.56,3.54
BATCH_085,41,14.66,0.0,2.5,6.56,3.82
BATCH_085,42,14.76,0.0,2.5,6.56,3.53
BATCH_085,43,14.85,0.0,2.5,6.56,3.68
BATCH_085,44,14.94,0.0,2.5,6.56,3.51
BATCH_085,45,15.02,0.0,2.5,6.56,3.67
BATCH_085,46,15.1,0.0,2.5,6.56,4.14
BATCH_085,47,15.18,0.0,2.5,6.56,4.03
BATCH_085,48,15.24,0.0,2.5,6.56,4.02
BATCH_085,49,15.31,0.0,2.5,6.56,3.59
BATCH_085,50,15.36,0.0,2.5,6.56,3.88
BATCH_085,51,15.42,0.0,2.5,6.56,4.41
BATCH_085,52,15.46,0.0,2.5,6.56,4.18
BATCH_085,53,15.51,0.0,2.5,6.56,4.24
BATCH_085,54,15.55,0.0,2.5,6.56,4.2
BATCH_085,55,15.58,0.0,2.5,6.56,4.07
BATCH_085,56,15.62,0.0,2.5,6.56,4.28
BATCH_085,57,15.65,0.0,2.5,6.56,3.93
BATCH_085,58,15.67,0.0,2.5,6.56,3.93
BATCH_085,59,15.69,0.0,2.5,6.56,4.12
BATCH_085,60,15.72,0.0,2.5,6.56,4.33
BATCH_085,61,15.73,0.0,2.5,6.56,3.99
BATCH_085,62,15.75,0.0,2.5,6.56,4.34
BATCH_085,63,15.77,0.0,2.5,6.56,4.13
BATCH_085,64,15.78,0.0,2.5,6.56,4.16
BATCH_085,65,15.79,0.0,2.5,6.56,4.6
BATCH_085,66,15.8,0.0,2.5,6.56,4.36
BATCH_085,67,15.81,0.0,2.5,6.56,4.18
BATCH_085,68,15.82,0.0,2.5,6.56,4.4
BATCH_085,69,15.83,0.0,2.5,6.56,4.08
BATCH_085,70,15.83,0.0,2.5,6.56,4.45
BATCH_085,71,15.84,0.0,2.5,6.56,4.6
BATCH_085,72,15.84,0.0,2.5,6.56,4.51
BATCH_085,73,15.85,0.0,2.5,6.56,4.82
BATCH_085,74,15.85,0.0,2.5,6.56,4.0
BATCH_085,75,15.86,0.0,2.5,6.56,4.42
BATCH_085,76,15.86,0.0,2.5,6.56,4.13
BATCH_085,77,15.86,0.0,2.5,6.56,4.36
BATCH_085,78,15.86,0.0,2.5,6.56,4.4
BATCH_085,79,15.87,0.0,2.5,6.56,4.86
BATCH_085,80,15.87,0.0,2.5,6.56,4.39
BATCH_085,81,15.87,0.0,2.5,6.56,4.39
BATCH_085,82,15.87,0.0,2.5,6.56,4.6
BATCH_085,83,15.87,0.0,2.5,6.56,4.39
BATCH_085,84,15.87,0.0,2.5,6.56,4.77
BATCH_085,85,15.87,0.0,2.5,6.56,4.54
BATCH_085,86,15.88,0.0,2.5,6.56,4.57
BATCH_085,87,15.88,0.0,2.5,6.56,4.03
BATCH_085,88,15.88,0.0,2.5,6.56,4.8
BATCH_085,89,15.88,0.0,2.5,6.56,4.28
BATCH_085,90,15.88,0.0,2.5,6.56,4.41
BATCH_085,91,15.88,0.0,2.5,6.56,4.28
BATCH_085,92,15.88,0.0,2.5,6.56,4.2
BATCH_085,93,15.88,0.0,2.5,6.56,4.17
BATCH_085,94,15.88,0.0,2.5,6.56,4.43
BATCH_085,95,15.88,0.0,2.5,6.56,4.02
BATCH_085,96,15.88,0.0,2.5,6.56,4.36
BATCH_085,97,15.88,0.0,2.5,6.56,4.62
BATCH_085,98,15.88,0.0,2.5,6.56,4.54
BATCH_085,99,15.88,0.0,2.5,6.56,4.5
BATCH_085,100,15.88,0.0,2.5,6.56,4.23
BATCH_085,101,15.88,0.0,2.5,6.56,4.09
BATCH_085,102,15.88,0.0,2.5,6.56,4.62
BATCH_085,103,15.88,0.0,2.5,6.56,4.32
BATCH_085,104,15.88,0.0,2.5,6.56,4.39
BATCH_085,105,15.88,0.0,2.5,6.56,4.37
BATCH_085,106,15.88,0.0,2.5,6.56,4.55
BATCH_085,107,15.88,0.0,2.5,6.56,4.78
BATCH_085,108,15.88,0.0,2.5,6.56,4.7
BATCH_085,109,15.88,0.0,2.5,6.56,3.94
BATCH_085,110,15.88,0.0,2.5,6.56,4.35
BATCH_085,111,15.88,0.0,2.5,6.56,4.14
BATCH_085,112,15.88,0.0,2.5,6.56,4.6
BATCH_085,113,15.88,0.0,2.5,6.56,4.41
BATCH_085,114,15.88,0.0,2.5,6.56,4.53
BATCH_085,115,15.88,0.0,2.5,6.56,4.33
BATCH_085,116,15.88,0.0,2.5,6.56,4.2
BATCH_085,117,15.88,0.0,2.5,6.56,4.24
BATCH_085,118,15.88,0.0,2.5,6.56,4.1
BATCH_085,119,15.88,0.0,2.5,6.56,4.16
BATCH_085,120,15.88,0.0,2.5,6.56,4.12
BATCH_086,0,12.9,13.69,0.46,0.0,6.61
BATCH_086,1,12.9,13.43,0.49,0.12,6.86
BATCH_086,2,12.91,13.14,0.53,0.25,7.53
BATCH_086,3,12.92,12.83,0.58,0.39,7.57
BATCH_086,4,12.92,12.5,0.62,0.55,8.22
BATCH_086,5,12.93,12.14,0.67,0.71,8.57
BATCH_086,6,12.94,11.76,0.73,0.89,9.03
BATCH_086,7,12.95,11.34,0.78,1.08,10.05
BATCH_086,8,12.96,10.9,0.85,1.29,9.88
BATCH_086,9,12.98,10.41,0.91,1.51,11.03
BATCH_086,10,12.99,9.9,0.99,1.74,11.55
BATCH_086,11,13.01,9.34,1.07,2.0,12.0
BATCH_086,12,13.03,8.75,1.15,2.27,13.13
BATCH_086,13,13.05,8.11,1.24,2.57,13.17
BATCH_086,14,13.07,7.42,1.33,2.88,14.19
BATCH_086,15,13.1,6.7,1.44,3.22,14.81
BATCH_086,16,13.13,5.93,1.54,3.57,15.86
BATCH_086,17,13.16,5.11,1.66,3.95,16.22
BATCH_086,18,13.19,4.26,1.78,4.34,17.03
BATCH_086,19,13.23,3.38,1.9,4.74,17.13
BATCH_086,20,13.28,2.48,2.03,5.15,16.74
BATCH_086,21,13.33,1.61,2.15,5.56,15.56
BATCH_086,22,13.38,0.83,2.26,5.92,12.21
BATCH_086,23,13.44,0.24,2.34,6.19,6.25
BATCH_086,24,13.5,0.0,2.37,6.3,3.19
BATCH_086,25,13.57,0.0,2.37,6.3,2.58
BATCH_086,26,13.64,0.0,2.37,6.3,2.29
BATCH_086,27,13.72,0.0,2.37,6.3,2.62
BATCH_086,28,13.8,0.0,2.37,6.3,2.6
BATCH_086,29,13.89,0.0,2.37,6.3,3.08
BATCH_086,30,13.98,0.0,2.37,6.3,3.05
BATCH_086,31,14.08,0.0,2.37,6.3,3.14
BATCH_086,32,14.18,0.0,2.37,6.3,3.06
BATCH_086,33,14.29,0.0,2.37,6.3,3.16
BATCH_086,34,14.39,0.0,2.37,6.3,3.22
BATCH_086,35,14.5,0.0,2.37,6.3,3.36
BATCH_086,36,14.61,0.0,2.37,6.3,3.63
BATCH_086,37,14.72,0.0,2.37,6.3,3.61
BATCH_086,38,14.83,0.0,2.37,6.3,3.72
BATCH_086,39,14.94,0.0,2.37,6.3,3.8
BATCH_086,40,15.04,0.0,2.37,6.3,3.96
BATCH_086,41,15.14,0.0,2.37,6.3,3.91
BATCH_086,42,15.24,0.0,2.37,6.3,4.0
BATCH_086,43,15.33,0.0,2.37,6.3,4.24
BATCH_086,44,15.42,0.0,2.37,6.3,3.93
BATCH_086,45,15.5,0.0,2.37,6.3,3.96
BATCH_086,46,15.58,0.0,2.37,6.3,3.95
BATCH_086,47,15.65,0.0,2.37,6.3,4.28
BATCH_086,48,15.72,0.0,2.37,6.3,3.92
BATCH_086,49,15.79,0.0,2.37,6.3,4.43
BATCH_086,50,15.84,0.0,2.37,6.3,4.36
BATCH_086,51,15.9,0.0,2.37,6.3,4.65
BATCH_086,52,15.94,0.0,2.37,6.3,4.32
BATCH_086,53,15.99,0.0,2.37,6.3,4.45
BATCH_086,54,16.03,0.0,2.37,6.3,4.75
BATCH_086,55,16.06,0.0,2.37,6.3,4.82
BATCH_086,56,16.1,0.0,2.37,6.3,4.44
BATCH_086,57,16.12,0.0,2.37,6.3,4.63
BATCH_086,58,16.15,0.0,2.37,6.3,4.67
BATCH_086,59,16.17,0.0,2.37,6.3,4.71
BATCH_086,60,16.2,0.0,2.37,6.3,4.59
BATCH_086,61,16.21,0.0,2.37,6.3,4.92
BATCH_086,62,16.23,0.0,2.37,6.3,4.29
BATCH_086,63,16.25,0.0,2.37,6.3,4.6
BATCH_086,64,16.26,0.0,2.37,6.3,4.78
BATCH_086,65,16.27,0.0,2.37,6.3,4.79
BATCH_086,66,16.28,0.0,2.37,6.3,4.98
BATCH_086,67,16.29,0.0,2.37,6.3,4.96
BATCH_086,68,16.3,0.0,2.37,6.3,4.67
BATCH_086,69,16.31,0.0,2.37,6.3,4.99
BATCH_086,70,16.31,0.0,2.37,6.3,4.59
BATCH_086,71,16.32,0.0,2.37,6.3,4.92
BATCH_086,72,16.32,0.0,2.37,6.3,5.1
BATCH_086,73,16.33,0.0,2.37,6.3,4.99
BATCH_086,74,16.33,0.0,2.37,6.3,4.77
BATCH_086,75,16.33,0.0,2.37,6.3,4.68
BATCH_086,76,16.34,0.0,2.37,6.3,4.45
BATCH_086,77,16.34,0.0,2.37,6.3,4.82
BATCH_086,78,16.34,0.0,2.37,6.3,4.53
BATCH_086,79,16.35,0.0,2.37,6.3,4.6
BATCH_086,80,16.35,0.0,2.37,6.3,4.52
BATCH_086,81,16.35,0.0,2.37,6.3,4.67
BATCH_086,82,16.35,0.0,2.37,6.3,4.76
BATCH_086,83,16.35,0.0,2.37,6.3,4.82
BATCH_086,84,16.35,0.0,2.37,6.3,4.64
BATCH_086,85,16.35,0.0,2.37,6.3,4.98
BATCH_086,86,16.35,0.0,2.37,6.3,4.72
BATCH_086,87,16.36,0.0,2.37,6.3,4.61
BATCH_086,88,16.36,0.0,2.37,6.3,4.81
BATCH_086,89,16.36,0.0,2.37,6.3,5.16
BATCH_086,90,16.36,0.0,2.37,6.3,4.83
BATCH_086,91,16.36,0.0,2.37,6.3,4.7
BATCH_086,92,16.36,0.0,2.37,6.3,4.46
BATCH_086,93,16.36,0.0,2.37,6.3,4.72
BATCH_086,94,16.36,0.0,2.37,6.3,4.82
BATCH_086,95,16.36,0.0,2.37,6.3,4.69
BATCH_086,96,16.36,0.0,2.37,6.3,4.44
BATCH_086,97,16.36,0.0,2.37,6.3,4.6
BATCH_086,98,16.36,0.0,2.37,6.3,5.06
BATCH_086,99,16.36,0.0,2.37,6.3,5.06
BATCH_086,100,16.36,0.0,2.37,6.3,4.59
BATCH_086,101,16.36,0.0,2.37,6.3,4.9
BATCH_086,102,16.36,0.0,2.37,6.3,4.53
BATCH_086,103,16.36,0.0,2.37,6.3,5.05
BATCH_086,104,16.36,0.0,2.37,6.3,4.82
BATCH_086,105,16.36,0.0,2.37,6.3,4.96
BATCH_086,106,16.36,0.0,2.37,6.3,4.43
BATCH_086,107,16.36,0.0,2.37,6.3,4.91
BATCH_086,108,16.36,0.0,2.37,6.3,4.77
BATCH_086,109,16.36,0.0,2.37,6.3,4.94
BATCH_086,110,16.36,0.0,2.37,6.3,4.95
BATCH_086,111,16.36,0.0,2.37,6.3,4.78
BATCH_086,112,16.36,0.0,2.37,6.3,4.65
BATCH_086,113,16.36,0.0,2.37,6.3,4.93
BATCH_086,114,16.36,0.0,2.37,6.3,4.76
BATCH_086,115,16.36,0.0,2.37,6.3,4.6
BATCH_086,116,16.36,0.0,2.37,6.3,4.59
BATCH_086,117,16.36,0.0,2.37,6.3,4.48
BATCH_086,118,16.36,0.0,2.37,6.3,4.67
BATCH_086,119,16.36,0.0,2.37,6.3,4.99
BATCH_086,120,16.36,0.0,2.37,6.3,4.81
BATCH_087,0,12.24,13.84,0.53,0.0,6.3
BATCH_087,1,12.25,13.54,0.57,0.14,6.72
BATCH_087,2,12.25,13.22,0.62,0.29,7.36
BATCH_087,3,12.26,12.87,0.67,0.45,7.51
BATCH_087,4,12.27,12.49,0.72,0.62,8.22
BATCH_087,5,12.28,12.09,0.78,0.81,8.59
BATCH_087,6,12.29,11.66,0.84,1.0,9.51
BATCH_087,7,12.3,11.19,0.9,1.22,10.08
BATCH_087,8,12.31,10.69,0.97,1.45,10.54
BATCH_087,9,12.32,10.15,1.05,1.7,10.88
BATCH_087,10,12.34,9.57,1.13,1.96,11.89
BATCH_087,11,12.35,8.96,1.22,2.25,12.72
BATCH_087,12,12.37,8.3,1.31,2.55,13.56
BATCH_087,13,12.39,7.59,1.41,2.87,14.5
BATCH_087,14,12.42,6.84,1.51,3.22,15.13
BATCH_087,15,12.44,6.05,1.62,3.58,15.67
BATCH_087,16,12.47,5.21,1.74,3.97,16.23
BATCH_087,17,12.5,4.34,1.86,4.37,16.64
BATCH_087,18,12.54,3.44,1.99,4.79,17.26
BATCH_087,19,12.58,2.52,2.12,5.21,16.67
BATCH_087,20,12.62,1.63,2.24,5.62,15.35
BATCH_087,21,12.67,0.83,2.35,5.99,11.76
BATCH_087,22,12.72,0.23,2.44,6.26,5.56
BATCH_087,23,12.78,0.0,2.47,6.37,2.01
BATCH_087,24,12.84,0.0,2.47,6.37,2.07
BATCH_087,25,12.91,0.0,2.47,6.37,2.22
BATCH_087,26,12.98,0.0,2.47,6.37,2.09
BATCH_087,27,13.06,0.0,2.47,6.37,2.3
BATCH_087,28,13.15,0.0,2.47,6.37,2.6
BATCH_087,29,13.23,0.0,2.47,6.37,2.09
BATCH_087,30,13.33,0.0,2.47,6.37,2.07
BATCH_087,31,13.43,0.0,2.47,6.37,2.82
BATCH_087,32,13.53,0.0,2.47,6.37,2.35
BATCH_087,33,13.63,0.0,2.47,6.37,2.65
BATCH_087,34,13.74,0.0,2.47,6.37,2.92
BATCH_087,35,13.85,0.0,2.47,6.37,2.87
BATCH_087,36,13.96,0.0,2.47,6.37,2.95
BATCH_087,37,14.06,0.0,2.47,6.37,3.06
BATCH_087,38,14.17,0.0,2.47,6.37,3.63
BATCH_087,39,14.28,0.0,2.47,6.37,3.57
BATCH_087,40,14.38,0.0,2.47,6.37,3.15
BATCH_087,41,14.48,0.0,2.47,6.37,3.57
BATCH_087,42,14.58,0.0,2.47,6.37,3.54
BATCH_087,43,14.68,0.0,2.47,6.37,3.5
BATCH_087,44,14.76,0.0,2.47,6.37,3.39
BATCH_087,45,14.85,0.0,2.47,6.37,3.73
BATCH_087,46,14.93,0.0,2.47,6.37,3.63
BATCH_087,47,15.0,0.0,2.47,6.37,3.67
BATCH_087,48,15.07,0.0,2.47,6.37,3.65
BATCH_087,49,15.13,0.0,2.47,6.37,4.05
BATCH_087,50,15.19,0.0,2.47,6.37,3.74
BATCH_087,51,15.24,0.0,2.47,6.37,3.78
BATCH_087,52,15.29,0.0,2.47,6.37,4.12
BATCH_087,53,15.33,0.0,2.47,6.37,3.97
BATCH_087,54,15.37,0.0,2.47,6.37,4.0
BATCH_087,55,15.41,0.0,2.47,6.37,4.26
BATCH_087,56,15.44,0.0,2.47,6.37,4.34
BATCH_087,57,15.47,0.0,2.47,6.37,3.68
BATCH_087,58,15.49,0.0,2.47,6.37,4.1
BATCH_087,59,15.52,0.0,2.47,6.37,3.86
BATCH_087,60,15.54,0.0,2.47,6.37,4.08
BATCH_087,61,15.56,0.0,2.47,6.37,4.17
BATCH_087,62,15.57,0.0,2.47,6.37,4.11
BATCH_087,63,15.59,0.0,2.47,6.37,3.99
BATCH_087,64,15.6,0.0,2.47,6.37,3.99
BATCH_087,65,15.61,0.0,2.47,6.37,4.36
BATCH_087,66,15.62,0.0,2.47,6.37,4.53
BATCH_087,67,15.63,0.0,2.47,6.37,3.81
BATCH_087,68,15.64,0.0,2.47,6.37,4.17
BATCH_087,69,15.65,0.0,2.47,6.37,4.38
BATCH_087,70,15.66,0.0,2.47,6.37,4.24
BATCH_087,71,15.66,0.0,2.47,6.37,4.02
BATCH_087,72,15.67,0.0,2.47,6.37,4.15
BATCH_087,73,15.67,0.0,2.47,6.37,4.31
BATCH_087,74,15.68,0.0,2.47,6.37,4.19
BATCH_087,75,15.68,0.0,2.47,6.37,4.25
BATCH_087,76,15.68,0.0,2.47,6.37,4.26
BATCH_087,77,15.68,0.0,2.47,6.37,4.16
BATCH_087,78,15.69,0.0,2.47,6.37,4.43
BATCH_087,79,15.69,0.0,2.47,6.37,4.17
BATCH_087,80,15.69,0.0,2.47,6.37,4.07
BATCH_087,81,15.69,0.0,2.47,6.37,4.72
BATCH_087,82,15.69,0.0,2.47,6.37,4.25
BATCH_087,83,15.7,0.0,2.47,6.37,3.75
BATCH_087,84,15.7,0.0,2.47,6.37,4.52
BATCH_087,85,15.7,0.0,2.47,6.37,4.52
BATCH_087,86,15.7,0.0,2.47,6.37,4.37
BATCH_087,87,15.7,0.0,2.47,6.37,4.4
BATCH_087,88,15.7,0.0,2.47,6.37,4.71
BATCH_087,89,15.7,0.0,2.47,6.37,4.08
BATCH_087,90,15.7,0.0,2.47,6.37,4.3
BATCH_087,91,15.7,0.0,2.47,6.37,4.67
BATCH_087,92,15.7,0.0,2.47,6.37,4.71
BATCH_087,93,15.7,0.0,2.47,6.37,4.2
BATCH_087,94,15.7,0.0,2.47,6.37,4.68
BATCH_087,95,15.7,0.0,2.47,6.37,4.44
BATCH_087,96,15.7,0.0,2.47,6.37,4.58
BATCH_087,97,15.7,0.0,2.47,6.37,4.43
BATCH_087,98,15.7,0.0,2.47,6.37,4.34
BATCH_087,99,15.7,0.0,2.47,6.37,4.72
BATCH_087,100,15.7,0.0,2.47,6.37,4.17
BATCH_087,101,15.7,0.0,2.47,6.37,4.66
BATCH_087,102,15.7,0.0,2.47,6.37,4.69
BATCH_087,103,15.7,0.0,2.47,6.37,4.55
BATCH_087,104,15.7,0.0,2.47,6.37,4.26
BATCH_087,105,15.7,0.0,2.47,6.37,4.33
BATCH_087,106,15.7,0.0,2.47,6.37,4.02
BATCH_087,107,15.7,0.0,2.47,6.37,4.19
BATCH_087,108,15.7,0.0,2.47,6.37,4.4
BATCH_087,109,15.7,0.0,2.47,6.37,3.99
BATCH_087,110,15.7,0.0,2.47,6.37,4.22
BATCH_087,111,15.7,0.0,2.47,6.37,4.67
BATCH_087,112,15.7,0.0,2.47,6.37,4.25
BATCH_087,113,15.7,0.0,2.47,6.37,4.49
BATCH_087,114,15.7,0.0,2.47,6.37,4.39
BATCH_087,115,15.7,0.0,2.47,6.37,4.22
BATCH_087,116,15.7,0.0,2.47,6.37,4.25
BATCH_087,117,15.7,0.0,2.47,6.37,4.31
BATCH_087,118,15.7,0.0,2.47,6.37,3.87
BATCH_087,119,15.7,0.0,2.47,6.37,4.47
BATCH_087,120,15.7,0.0,2.47,6.37,4.26
BATCH_088,0,12.91,14.29,0.52,0.0,7.09
BATCH_088,1,12.91,14.0,0.56,0.14,7.52
BATCH_088,2,12.92,13.67,0.6,0.29,8.19
BATCH_088,3,12.92,13.32,0.65,0.45,8.29
BATCH_088,4,12.93,12.95,0.7,0.62,9.0
BATCH_088,5,12.94,12.54,0.76,0.81,9.48
BATCH_088,6,12.95,12.1,0.82,1.01,10.0
BATCH_088,7,12.96,11.63,0.89,1.22,10.78
BATCH_088,8,12.97,11.13,0.96,1.46,11.11
BATCH_088,9,12.98,10.58,1.04,1.71,11.81
BATCH_088,10,13.0,9.99,1.12,1.98,12.65
BATCH_088,11,13.02,9.36,1.21,2.27,13.28
BATCH_088,12,13.03,8.69,1.3,2.58,14.3
BATCH_088,13,13.06,7.96,1.4,2.91,14.87
BATCH_088,14,13.08,7.19,1.51,3.27,15.88
BATCH_088,15,13.11,6.37,1.62,3.64,16.61
BATCH_088,16,13.13,5.51,1.75,4.04,17.41
BATCH_088,17,13.17,4.6,1.87,4.46,17.86
BATCH_088,18,13.2,3.65,2.01,4.9,18.19
BATCH_088,19,13.24,2.69,2.14,5.34,18.02
BATCH_088,20,13.29,1.75,2.27,5.77,16.7
BATCH_088,21,13.33,0.89,2.39,6.17,13.24
BATCH_088,22,13.39,0.24,2.48,6.47,6.79
BATCH_088,23,13.44,0.0,2.52,6.58,2.39
BATCH_088,24,13.51,0.0,2.52,6.58,2.62
BATCH_088,25,13.58,0.0,2.52,6.58,2.37
BATCH_088,26,13.65,0.0,2.52,6.58,2.81
BATCH_088,27,13.73,0.0,2.52,6.58,2.57
BATCH_088,28,13.81,0.0,2.52,6.58,2.8
BATCH_088,29,13.9,0.0,2.52,6.58,2.85
BATCH_088,30,13.99,0.0,2.52,6.58,3.05
BATCH_088,31,14.09,0.0,2.52,6.58,2.96
BATCH_088,32,14.19,0.0,2.52,6.58,3.02
BATCH_088,33,14.29,0.0,2.52,6.58,3.51
BATCH_088,34,14.4,0.0,2.52,6.58,3.36
BATCH_088,35,14.51,0.0,2.52,6.58,3.27
BATCH_088,36,14.62,0.0,2.52,6.58,3.41
BATCH_088,37,14.73,0.0,2.52,6.58,3.88
BATCH_088,38,14.84,0.0,2.52,6.58,3.58
BATCH_088,39,14.94,0.0,2.52,6.58,3.57
BATCH_088,40,15.05,0.0,2.52,6.58,3.65
BATCH_088,41,15.15,0.0,2.52,6.58,3.75
BATCH_088,42,15.25,0.0,2.52,6.58,3.82
BATCH_088,43,15.34,0.0,2.52,6.58,3.75
BATCH_088,44,15.43,0.0,2.52,6.58,3.85
BATCH_088,45,15.51,0.0,2.52,6.58,3.97
BATCH_088,46,15.59,0.0,2.52,6.58,4.31
BATCH_088,47,15.66,0.0,2.52,6.58,4.17
BATCH_088,48,15.73,0.0,2.52,6.58,4.26
BATCH_088,49,15.79,0.0,2.52,6.58,4.6
BATCH_088,50,15.85,0.0,2.52,6.58,4.65
BATCH_088,51,15.9,0.0,2.52,6.58,4.37
BATCH_088,52,15.95,0.0,2.52,6.58,4.34
BATCH_088,53,16.0,0.0,2.52,6.58,4.32
BATCH_088,54,16.04,0.0,2.52,6.58,4.66
BATCH_088,55,16.07,0.0,2.52,6.58,4.51
BATCH_088,56,16.1,0.0,2.52,6.58,4.5
BATCH_088,57,16.13,0.0,2.52,6.58,4.44
BATCH_088,58,16.16,0.0,2.52,6.58,4.47
BATCH_088,59,16.18,0.0,2.52,6.58,4.7
BATCH_088,60,16.2,0.0,2.52,6.58,4.39
BATCH_088,61,16.22,0.0,2.52,6.58,4.87
BATCH_088,62,16.24,0.0,2.52,6.58,4.57
BATCH_088,63,16.25,0.0,2.52,6.58,4.66
BATCH_088,64,16.27,0.0,2.52,6.58,4.43
BATCH_088,65,16.28,0.0,2.52,6.58,4.71
BATCH_088,66,16.29,0.0,2.52,6.58,4.65
BATCH_088,67,16.3,0.0,2.52,6.58,4.71
BATCH_088,68,16.31,0.0,2.52,6.58,5.02
BATCH_088,69,16.31,0.0,2.52,6.58,4.77
BATCH_088,70,16.32,0.0,2.52,6.58,4.58
BATCH_088,71,16.33,0.0,2.52,6.58,4.6
BATCH_088,72,16.33,0.0,2.52,6.58,4.87
BATCH_088,73,16.33,0.0,2.52,6.58,5.01
BATCH_088,74,16.34,0.0,2.52,6.58,4.81
BATCH_088,75,16.34,0.0,2.52,6.58,4.89
BATCH_088,76,16.35,0.0,2.52,6.58,4.88
BATCH_088,77,16.35,0.0,2.52,6.58,5.05
BATCH_088,78,16.35,0.0,2.52,6.58,4.37
BATCH_088,79,16.35,0.0,2.52,6.58,4.9
BATCH_088,80,16.35,0.0,2.52,6.58,4.96
BATCH_088,81,16.36,0.0,2.52,6.58,4.5
BATCH_088,82,16.36,0.0,2.52,6.58,4.59
BATCH_088,83,16.36,0.0,2.52,6.58,4.6
BATCH_088,84,16.36,0.0,2.52,6.58,4.62
BATCH_088,85,16.36,0.0,2.52,6.58,4.67
BATCH_088,86,16.36,0.0,2.52,6.58,4.82
BATCH_088,87,16.36,0.0,2.52,6.58,4.95
BATCH_088,88,16.36,0.0,2.52,6.58,4.99
BATCH_088,89,16.36,0.0,2.52,6.58,4.61
BATCH_088,90,16.36,0.0,2.52,6.58,4.6
BATCH_088,91,16.37,0.0,2.52,6.58,5.04
BATCH_088,92,16.37,0.0,2.52,6.58,4.9
BATCH_088,93,16.37,0.0,2.52,6.58,4.79
BATCH_088,94,16.37,0.0,2.52,6.58,4.87
BATCH_088,95,16.37,0.0,2.52,6.58,4.77
BATCH_088,96,16.37,0.0,2.52,6.58,4.88
BATCH_088,97,16.37,0.0,2.52,6.58,4.71
BATCH_088,98,16.37,0.0,2.52,6.58,4.83
BATCH_088,99,16.37,0.0,2.52,6.58,4.47
BATCH_088,100,16.37,0.0,2.52,6.58,4.64
BATCH_088,101,16.37,0.0,2.52,6.58,4.64
BATCH_088,102,16.37,0.0,2.52,6.58,4.7
BATCH_088,103,16.37,0.0,2.52,6.58,4.59
BATCH_088,104,16.37,0.0,2.52,6.58,4.67
BATCH_088,105,16.37,0.0,2.52,6.58,4.47
BATCH_088,106,16.37,0.0,2.52,6.58,4.89
BATCH_088,107,16.37,0.0,2.52,6.58,4.76
BATCH_088,108,16.37,0.0,2.52,6.58,4.44
BATCH_088,109,16.37,0.0,2.52,6.58,4.61
BATCH_088,110,16.37,0.0,2.52,6.58,4.84
BATCH_088,111,16.37,0.0,2.52,6.58,4.67
BATCH_088,112,16.37,0.0,2.52,6.58,4.64
BATCH_088,113,16.37,0.0,2.52,6.58,4.76
BATCH_088,114,16.37,0.0,2.52,6.58,4.85
BATCH_088,115,16.37,0.0,2.52,6.58,4.49
BATCH_088,116,16.37,0.0,2.52,6.58,4.89
BATCH_088,117,16.37,0.0,2.52,6.58,4.62
BATCH_088,118,16.37,0.0,2.52,6.58,4.77
BATCH_088,119,16.37,0.0,2.52,6.58,4.77
BATCH_088,120,16.37,0.0,2.52,6.58,4.67
BATCH_089,0,12.55,13.69,0.49,0.0,6.59
BATCH_089,1,12.56,13.41,0.53,0.13,6.9
BATCH_089,2,12.56,13.11,0.57,0.27,7.24
BATCH_089,3,12.57,12.79,0.62,0.42,7.94
BATCH_089,4,12.58,12.44,0.66,0.58,8.02
BATCH_089,5,12.58,12.06,0.72,0.75,8.69
BATCH_089,6,12.59,11.66,0.77,0.94,8.77
BATCH_089,7,12.6,11.22,0.83,1.14,9.7
BATCH_089,8,12.62,10.76,0.9,1.35,10.22
BATCH_089,9,12.63,10.25,0.97,1.58,10.65
BATCH_089,10,12.64,9.71,1.05,1.83,11.63
BATCH_089,11,12.66,9.13,1.13,2.1,12.09
BATCH_089,12,12.68,8.51,1.21,2.38,13.3
BATCH_089,13,12.7,7.85,1.31,2.69,13.21
BATCH_089,14,12.72,7.14,1.41,3.01,14.5
BATCH_089,15,12.75,6.39,1.51,3.36,15.2
BATCH_089,16,12.78,5.59,1.62,3.73,15.83
BATCH_089,17,12.81,4.76,1.74,4.11,16.37
BATCH_089,18,12.85,3.89,1.86,4.51,16.88
BATCH_089,19,12.89,2.99,1.99,4.92,17.09
BATCH_089,20,12.93,2.1,2.11,5.33,15.83
BATCH_089,21,12.98,1.26,2.23,5.72,13.94
BATCH_089,22,13.03,0.54,2.33,6.05,9.57
BATCH_089,23,13.09,0.08,2.39,6.26,3.44
BATCH_089,24,13.15,0.0,2.41,6.3,2.43
BATCH_089,25,13.22,0.0,2.41,6.3,2.53
BATCH_089,26,13.29,0.0,2.41,6.3,2.68
BATCH_089,27,13.37,0.0,2.41,6.3,2.65
BATCH_089,28,13.45,0.0,2.41,6.3,2.73
BATCH_089,29,13.54,0.0,2.41,6.3,2.37
BATCH_089,30,13.64,0.0,2.41,6.3,3.02
BATCH_089,31,13.73,0.0,2.41,6.3,2.76
BATCH_089,32,13.83,0.0,2.41,6.3,3.08
BATCH_089,33,13.94,0.0,2.41,6.3,2.68
BATCH_089,34,14.05,0.0,2.41,6.3,2.99
BATCH_089,35,14.15,0.0,2.41,6.3,3.3
BATCH_089,36,14.26,0.0,2.41,6.3,3.2
BATCH_089,37,14.37,0.0,2.41,6.3,3.13
BATCH_089,38,14.48,0.0,2.41,6.3,3.62
BATCH_089,39,14.59,0.0,2.41,6.3,3.21
BATCH_089,40,14.69,0.0,2.41,6.3,3.51
BATCH_089,41,14.79,0.0,2.41,6.3,3.72
BATCH_089,42,14.89,0.0,2.41,6.3,4.09
BATCH_089,43,14.98,0.0,2.41,6.3,3.65
BATCH_089,44,15.07,0.0,2.41,6.3,3.75
BATCH_089,45,15.15,0.0,2.41,6.3,3.78
BATCH_089,46,15.23,0.0,2.41,6.3,3.97
BATCH_089,47,15.31,0.0,2.41,6.3,4.1
BATCH_089,48,15.37,0.0,2.41,6.3,4.25
BATCH_089,49,15.44,0.0,2.41,6.3,4.23
BATCH_089,50,15.49,0.0,2.41,6.3,4.02
BATCH_089,51,15.55,0.0,2.41,6.3,4.32
BATCH_089,52,15.6,0.0,2.41,6.3,4.21
BATCH_089,53,15.64,0.0,2.41,6.3,4.38
BATCH_089,54,15.68,0.0,2.41,6.3,4.42
BATCH_089,55,15.71,0.0,2.41,6.3,4.61
BATCH_089,56,15.75,0.0,2.41,6.3,4.24
BATCH_089,57,15.78,0.0,2.41,6.3,4.22
BATCH_089,58,15.8,0.0,2.41,6.3,4.44
BATCH_089,59,15.83,0.0,2.41,6.3,4.61
BATCH_089,60,15.85,0.0,2.41,6.3,4.4
BATCH_089,61,15.87,0.0,2.41,6.3,4.65
BATCH_089,62,15.88,0.0,2.41,6.3,4.55
BATCH_089,63,15.9,0.0,2.41,6.3,4.38
BATCH_089,64,15.91,0.0,2.41,6.3,4.55
BATCH_089,65,15.92,0.0,2.41,6.3,4.35
BATCH_089,66,15.93,0.0,2.41,6.3,4.5
BATCH_089,67,15.94,0.0,2.41,6.3,4.24
BATCH_089,68,15.95,0.0,2.41,6.3,4.45
BATCH_089,69,15.96,0.0,2.41,6.3,4.67
BATCH_089,70,15.96,0.0,2.41,6.3,4.63
BATCH_089,71,15.97,0.0,2.41,6.3,4.6
BATCH_089,72,15.97,0.0,2.41,6.3,4.54
BATCH_089,73,15.98,0.0,2.41,6.3,4.52
BATCH_089,74,15.98,0.0,2.41,6.3,4.23
BATCH_089,75,15.99,0.0,2.41,6.3,4.45
BATCH_089,76,15.99,0.0,2.41,6.3,4.53
BATCH_089,77,15.99,0.0,2.41,6.3,4.27
BATCH_089,78,15.99,0.0,2.41,6.3,4.15
BATCH_089,79,16.0,0.0,2.41,6.3,4.72
BATCH_089,80,16.0,0.0,2.41,6.3,4.51
BATCH_089,81,16.0,0.0,2.41,6.3,4.54
BATCH_089,82,16.0,0.0,2.41,6.3,4.61
BATCH_089,83,16.0,0.0,2.41,6.3,4.31
BATCH_089,84,16.0,0.0,2.41,6.3,4.42
BATCH_089,85,16.01,0.0,2.41,6.3,4.8
BATCH_089,86,16.01,0.0,2.41,6.3,4.41
BATCH_089,87,16.01,0.0,2.41,6.3,4.45
BATCH_089,88,16.01,0.0,2.41,6.3,4.37
BATCH_089,89,16.01,0.0,2.41,6.3,4.36
BATCH_089,90,16.01,0.0,2.41,6.3,4.73
BATCH_089,91,16.01,0.0,2.41,6.3,4.01
BATCH_089,92,16.01,0.0,2.41,6.3,4.42
BATCH_089,93,16.01,0.0,2.41,6.3,4.55
BATCH_089,94,16.01,0.0,2.41,6.3,4.85
BATCH_089,95,16.01,0.0,2.41,6.3,4.28
BATCH_089,96,16.01,0.0,2.41,6.3,4.25
BATCH_089,97,16.01,0.0,2.41,6.3,4.34
BATCH_089,98,16.01,0.0,2.41,6.3,4.65
BATCH_089,99,16.01,0.0,2.41,6.3,4.53
BATCH_089,100,16.01,0.0,2.41,6.3,4.22
BATCH_089,101,16.01,0.0,2.41,6.3,4.53
BATCH_089,102,16.01,0.0,2.41,6.3,4.82
BATCH_089,103,16.01,0.0,2.41,6.3,4.56
BATCH_089,104,16.01,0.0,2.41,6.3,4.54
BATCH_089,105,16.01,0.0,2.41,6.3,4.55
BATCH_089,106,16.01,0.0,2.41,6.3,4.59
BATCH_089,107,16.01,0.0,2.41,6.3,4.26
BATCH_089,108,16.01,0.0,2.41,6.3,4.46
BATCH_089,109,16.01,0.0,2.41,6.3,4.47
BATCH_089,110,16.01,0.0,2.41,6.3,4.41
BATCH_089,111,16.01,0.0,2.41,6.3,4.65
BATCH_089,112,16.01,0.0,2.41,6.3,4.38
BATCH_089,113,16.01,0.0,2.41,6.3,4.44
BATCH_089,114,16.01,0.0,2.41,6.3,4.26
BATCH_089,115,16.01,0.0,2.41,6.3,4.59
BATCH_089,116,16.01,0.0,2.41,6.3,4.7
BATCH_089,117,16.01,0.0,2.41,6.3,4.44
BATCH_089,118,16.01,0.0,2.41,6.3,4.67
BATCH_089,119,16.01,0.0,2.41,6.3,4.48
BATCH_089,120,16.01,0.0,2.41,6.3,4.0
BATCH_090,0,11.24,13.98,0.49,0.0,5.36
BATCH_090,1,11.24,13.72,0.53,0.12,5.63
BATCH_090,2,11.25,13.43,0.57,0.26,6.46
BATCH_090,3,11.25,13.12,0.61,0.4,6.7
BATCH_090,4,11.26,12.79,0.66,0.55,6.48
BATCH_090,5,11.27,12.43,0.71,0.71,7.33
BATCH_090,6,11.28,12.05,0.76,0.89,7.72
BATCH_090,7,11.29,11.64,0.82,1.08,8.38
BATCH_090,8,11.3,11.2,0.88,1.28,8.59
BATCH_090,9,11.31,10.73,0.95,1.5,9.13
BATCH_090,10,11.33,10.23,1.02,1.73,9.76
BATCH_090,11,11.34,9.69,1.09,1.98,10.4
BATCH_090,12,11.36,9.11,1.18,2.24,11.33
BATCH_090,13,11.38,8.5,1.26,2.52,11.61
BATCH_090,14,11.41,7.84,1.35,2.83,12.41
BATCH_090,15,11.43,7.15,1.45,3.15,12.88
BATCH_090,16,11.46,6.41,1.55,3.48,14.13
BATCH_090,17,11.49,5.63,1.66,3.84,14.83
BATCH_090,18,11.53,4.82,1.78,4.22,15.07
BATCH_090,19,11.57,3.97,1.9,4.61,15.45
BATCH_090,20,11.61,3.1,2.02,5.01,15.65
BATCH_090,21,11.66,2.23,2.14,5.41,15.29
BATCH_090,22,11.72,1.4,2.26,5.79,13.39
BATCH_090,23,11.77,0.67,2.36,6.13,9.57
BATCH_090,24,11.84,0.16,2.43,6.36,3.71
BATCH_090,25,11.9,0.0,2.45,6.43,1.2
BATCH_090,26,11.98,0.0,2.45,6.43,1.5
BATCH_090,27,12.05,0.0,2.45,6.43,1.41
BATCH_090,28,12.14,0.0,2.45,6.43,1.64
BATCH_090,29,12.23,0.0,2.45,6.43,1.56
BATCH_090,30,12.32,0.0,2.45,6.43,1.53
BATCH_090,31,12.42,0.0,2.45,6.43,1.58
BATCH_090,32,12.52,0.0,2.45,6.43,2.2
BATCH_090,33,12.62,0.0,2.45,6.43,2.14
BATCH_090,34,12.73,0.0,2.45,6.43,2.39
BATCH_090,35,12.84,0.0,2.45,6.43,2.24
BATCH_090,36,12.95,0.0,2.45,6.43,2.12
BATCH_090,37,13.06,0.0,2.45,6.43,2.56
BATCH_090,38,13.16,0.0,2.45,6.43,2.37
BATCH_090,39,13.27,0.0,2.45,6.43,2.5
BATCH_090,40,13.38,0.0,2.45,6.43,2.52
BATCH_090,41,13.48,0.0,2.45,6.43,2.02
BATCH_090,42,13.57,0.0,2.45,6.43,3.0
BATCH_090,43,13.67,0.0,2.45,6.43,2.85
BATCH_090,44,13.76,0.0,2.45,6.43,2.88
BATCH_090,45,13.84,0.0,2.45,6.43,2.87
BATCH_090,46,13.92,0.0,2.45,6.43,2.97
BATCH_090,47,13.99,0.0,2.45,6.43,2.87
BATCH_090,48,14.06,0.0,2.45,6.43,3.17
BATCH_090,49,14.12,0.0,2.45,6.43,2.83
BATCH_090,50,14.18,0.0,2.45,6.43,3.17
BATCH_090,51,14.23,0.0,2.45,6.43,3.29
BATCH_090,52,14.28,0.0,2.45,6.43,3.17
BATCH_090,53,14.32,0.0,2.45,6.43,3.32
BATCH_090,54,14.36,0.0,2.45,6.43,3.07
BATCH_090,55,14.4,0.0,2.45,6.43,3.11
BATCH_090,56,14.43,0.0,2.45,6.43,3.37
BATCH_090,57,14.46,0.0,2.45,6.43,3.48
BATCH_090,58,14.49,0.0,2.45,6.43,2.99
BATCH_090,59,14.51,0.0,2.45,6.43,3.49
BATCH_090,60,14.53,0.0,2.45,6.43,3.29
BATCH_090,61,14.55,0.0,2.45,6.43,3.37
BATCH_090,62,14.57,0.0,2.45,6.43,3.16
BATCH_090,63,14.58,0.0,2.45,6.43,3.27
BATCH_090,64,14.59,0.0,2.45,6.43,3.64
BATCH_090,65,14.61,0.0,2.45,6.43,3.46
BATCH_090,66,14.62,0.0,2.45,6.43,3.39
BATCH_090,67,14.63,0.0,2.45,6.43,3.45
BATCH_090,68,14.63,0.0,2.45,6.43,3.57
BATCH_090,69,14.64,0.0,2.45,6.43,3.57
BATCH_090,70,14.65,0.0,2.45,6.43,3.47
BATCH_090,71,14.65,0.0,2.45,6.43,3.71
BATCH_090,72,14.66,0.0,2.45,6.43,3.69
BATCH_090,73,14.66,0.0,2.45,6.43,3.58
BATCH_090,74,14.67,0.0,2.45,6.43,3.51
BATCH_090,75,14.67,0.0,2.45,6.43,3.63
BATCH_090,76,14.67,0.0,2.45,6.43,3.57
BATCH_090,77,14.68,0.0,2.45,6.43,3.72
BATCH_090,78,14.68,0.0,2.45,6.43,3.69
BATCH_090,79,14.68,0.0,2.45,6.43,3.31
BATCH_090,80,14.68,0.0,2.45,6.43,3.29
BATCH_090,81,14.68,0.0,2.45,6.43,3.37
BATCH_090,82,14.69,0.0,2.45,6.43,3.71
BATCH_090,83,14.69,0.0,2.45,6.43,3.2
BATCH_090,84,14.69,0.0,2.45,6.43,3.6
BATCH_090,85,14.69,0.0,2.45,6.43,3.59
BATCH_090,86,14.69,0.0,2.45,6.43,3.75
BATCH_090,87,14.69,0.0,2.45,6.43,3.55
BATCH_090,88,14.69,0.0,2.45,6.43,3.25
BATCH_090,89,14.69,0.0,2.45,6.43,3.33
BATCH_090,90,14.69,0.0,2.45,6.43,3.28
BATCH_090,91,14.69,0.0,2.45,6.43,3.41
BATCH_090,92,14.69,0.0,2.45,6.43,3.48
BATCH_090,93,14.69,0.0,2.45,6.43,3.29
BATCH_090,94,14.69,0.0,2.45,6.43,3.81
BATCH_090,95,14.69,0.0,2.45,6.43,3.26
BATCH_090,96,14.69,0.0,2.45,6.43,3.79
BATCH_090,97,14.7,0.0,2.45,6.43,3.76
BATCH_090,98,14.7,0.0,2.45,6.43,3.7
BATCH_090,99,14.7,0.0,2.45,6.43,3.38
BATCH_090,100,14.7,0.0,2.45,6.43,3.59
BATCH_090,101,14.7,0.0,2.45,6.43,3.27
BATCH_090,102,14.7,0.0,2.45,6.43,3.7
BATCH_090,103,14.7,0.0,2.45,6.43,3.51
BATCH_090,104,14.7,0.0,2.45,6.43,3.44
BATCH_090,105,14.7,0.0,2.45,6.43,3.28
BATCH_090,106,14.7,0.0,2.45,6.43,3.03
BATCH_090,107,14.7,0.0,2.45,6.43,3.31
BATCH_090,108,14.7,0.0,2.45,6.43,3.74
BATCH_090,109,14.7,0.0,2.45,6.43,3.44
BATCH_090,110,14.7,0.0,2.45,6.43,3.49
BATCH_090,111,14.7,0.0,2.45,6.43,3.65
BATCH_090,112,14.7,0.0,2.45,6.43,3.88
BATCH_090,113,14.7,0.0,2.45,6.43,3.79
BATCH_090,114,14.7,0.0,2.45,6.43,3.33
BATCH_090,115,14.7,0.0,2.45,6.43,3.13
BATCH_090,116,14.7,0.0,2.45,6.43,3.99
BATCH_090,117,14.7,0.0,2.45,6.43,3.98
BATCH_090,118,14.7,0.0,2.45,6.43,3.56
BATCH_090,119,14.7,0.0,2.45,6.43,3.27
BATCH_090,120,14.7,0.0,2.45,6.43,3.72
BATCH_091,0,12.45,13.97,0.5,0.0,6.44
BATCH_091,1,12.45,13.69,0.53,0.13,7.05
BATCH_091,2,12.46,13.38,0.58,0.27,7.35
BATCH_091,3,12.46,13.05,0.62,0.42,7.54
BATCH_091,4,12.47,12.7,0.67,0.58,8.33
BATCH_091,5,12.48,12.32,0.73,0.76,8.67
BATCH_091,6,12.49,11.91,0.78,0.95,9.19
BATCH_091,7,12.5,11.47,0.84,1.15,9.58
BATCH_091,8,12.51,11.0,0.91,1.37,10.28
BATCH_091,9,12.52,10.49,0.98,1.6,10.75
BATCH_091,10,12.54,9.94,1.06,1.85,11.18
BATCH_091,11,12.55,9.36,1.14,2.12,12.21
BATCH_091,12,12.57,8.73,1.23,2.41,12.97
BATCH_091,13,12.59,8.06,1.32,2.72,13.78
BATCH_091,14,12.62,7.34,1.42,3.05,14.76
BATCH_091,15,12.64,6.58,1.53,3.4,15.14
BATCH_091,16,12.67,5.78,1.64,3.77,15.92
BATCH_091,17,12.7,4.93,1.76,4.16,16.77
BATCH_091,18,12.74,4.04,1.88,4.56,16.89
BATCH_091,19,12.78,3.14,2.01,4.98,17.15
BATCH_091,20,12.82,2.23,2.14,5.4,16.42
BATCH_091,21,12.87,1.35,2.26,5.8,14.53
BATCH_091,22,12.92,0.6,2.37,6.15,10.55
BATCH_091,23,12.98,0.1,2.44,6.38,3.87
BATCH_091,24,13.05,0.0,2.45,6.43,2.44
BATCH_091,25,13.11,0.0,2.45,6.43,1.94
BATCH_091,26,13.19,0.0,2.45,6.43,2.1
BATCH_091,27,13.26,0.0,2.45,6.43,1.98
BATCH_091,28,13.35,0.0,2.45,6.43,2.28
BATCH_091,29,13.44,0.0,2.45,6.43,2.95
BATCH_091,30,13.53,0.0,2.45,6.43,2.64
BATCH_091,31,13.63,0.0,2.45,6.43,2.58
BATCH_091,32,13.73,0.0,2.45,6.43,2.95
BATCH_091,33,13.83,0.0,2.45,6.43,3.06
BATCH_091,34,13.94,0.0,2.45,6.43,2.71
BATCH_091,35,14.05,0.0,2.45,6.43,3.54
BATCH_091,36,14.16,0.0,2.45,6.43,3.17
BATCH_091,37,14.27,0.0,2.45,6.43,3.28
BATCH_091,38,14.37,0.0,2.45,6.43,3.38
BATCH_091,39,14.48,0.0,2.45,6.43,3.46
BATCH_091,40,14.59,0.0,2.45,6.43,3.31
BATCH_091,41,14.69,0.0,2.45,6.43,3.94
BATCH_091,42,14.78,0.0,2.45,6.43,3.53
BATCH_091,43,14.88,0.0,2.45,6.43,3.85
BATCH_091,44,14.97,0.0,2.45,6.43,3.63
BATCH_091,45,15.05,0.0,2.45,6.43,3.66
BATCH_091,46,15.13,0.0,2.45,6.43,4.23
BATCH_091,47,15.2,0.0,2.45,6.43,3.88
BATCH_091,48,15.27,0.0,2.45,6.43,3.94
BATCH_091,49,15.33,0.0,2.45,6.43,4.05
BATCH_091,50,15.39,0.0,2.45,6.43,4.56
BATCH_091,51,15.44,0.0,2.45,6.43,4.51
BATCH_091,52,15.49,0.0,2.45,6.43,4.37
BATCH_091,53,15.53,0.0,2.45,6.43,4.72
BATCH_091,54,15.57,0.0,2.45,6.43,3.99
BATCH_091,55,15.61,0.0,2.45,6.43,4.34
BATCH_091,56,15.64,0.0,2.45,6.43,4.25
BATCH_091,57,15.67,0.0,2.45,6.43,3.9
BATCH_091,58,15.7,0.0,2.45,6.43,4.36
BATCH_091,59,15.72,0.0,2.45,6.43,4.19
BATCH_091,60,15.74,0.0,2.45,6.43,4.61
BATCH_091,61,15.76,0.0,2.45,6.43,4.24
BATCH_091,62,15.78,0.0,2.45,6.43,4.24
BATCH_091,63,15.79,0.0,2.45,6.43,4.65
BATCH_091,64,15.8,0.0,2.45,6.43,4.34
BATCH_091,65,15.82,0.0,2.45,6.43,4.59
BATCH_091,66,15.83,0.0,2.45,6.43,4.45
BATCH_091,67,15.84,0.0,2.45,6.43,4.46
BATCH_091,68,15.84,0.0,2.45,6.43,4.33
BATCH_091,69,15.85,0.0,2.45,6.43,4.49
BATCH_091,70,15.86,0.0,2.45,6.43,4.37
BATCH_091,71,15.86,0.0,2.45,6.43,4.24
BATCH_091,72,15.87,0.0,2.45,6.43,4.38
BATCH_091,73,15.87,0.0,2.45,6.43,4.66
BATCH_091,74,15.88,0.0,2.45,6.43,4.51
BATCH_091,75,15.88,0.0,2.45,6.43,4.56
BATCH_091,76,15.88,0.0,2.45,6.43,4.41
BATCH_091,77,15.89,0.0,2.45,6.43,4.03
BATCH_091,78,15.89,0.0,2.45,6.43,4.17
BATCH_091,79,15.89,0.0,2.45,6.43,4.36
BATCH_091,80,15.89,0.0,2.45,6.43,4.19
BATCH_091,81,15.89,0.0,2.45,6.43,4.32
BATCH_091,82,15.9,0.0,2.45,6.43,4.31
BATCH_091,83,15.9,0.0,2.45,6.43,4.32
BATCH_091,84,15.9,0.0,2.45,6.43,4.71
BATCH_091,85,15.9,0.0,2.45,6.43,4.41
BATCH_091,86,15.9,0.0,2.45,6.43,4.61
BATCH_091,87,15.9,0.0,2.45,6.43,4.46
BATCH_091,88,15.9,0.0,2.45,6.43,4.71
BATCH_091,89,15.9,0.0,2.45,6.43,4.63
BATCH_091,90,15.9,0.0,2.45,6.43,4.31
BATCH_091,91,15.9,0.0,2.45,6.43,4.82
BATCH_091,92,15.9,0.0,2.45,6.43,4.34
BATCH_091,93,15.9,0.0,2.45,6.43,4.47
BATCH_091,94,15.9,0.0,2.45,6.43,4.5
BATCH_091,95,15.9,0.0,2.45,6.43,4.53
BATCH_091,96,15.9,0.0,2.45,6.43,4.59
BATCH_091,97,15.9,0.0,2.45,6.43,4.28
BATCH_091,98,15.91,0.0,2.45,6.43,4.57
BATCH_091,99,15.91,0.0,2.45,6.43,4.55
BATCH_091,100,15.91,0.0,2.45,6.43,4.43
BATCH_091,101,15.91,0.0,2.45,6.43,4.39
BATCH_091,102,15.91,0.0,2.45,6.43,4.27
BATCH_091,103,15.91,0.0,2.45,6.43,4.53
BATCH_091,104,15.91,0.0,2.45,6.43,4.3
BATCH_091,105,15.91,0.0,2.45,6.43,4.48
BATCH_091,106,15.91,0.0,2.45,6.43,4.41
BATCH_091,107,15.91,0.0,2.45,6.43,4.16
BATCH_091,108,15.91,0.0,2.45,6.43,4.24
BATCH_091,109,15.91,0.0,2.45,6.43,4.51
BATCH_091,110,15.91,0.0,2.45,6.43,4.32
BATCH_091,111,15.91,0.0,2.45,6.43,4.32
BATCH_091,112,15.91,0.0,2.45,6.43,4.28
BATCH_091,113,15.91,0.0,2.45,6.43,4.28
BATCH_091,114,15.91,0.0,2.45,6.43,4.76
BATCH_091,115,15.91,0.0,2.45,6.43,4.21
BATCH_091,116,15.91,0.0,2.45,6.43,4.72
BATCH_091,117,15.91,0.0,2.45,6.43,4.36
BATCH_091,118,15.91,0.0,2.45,6.43,4.3
BATCH_091,119,15.91,0.0,2.45,6.43,4.51
BATCH_091,120,15.91,0.0,2.45,6.43,4.44
BATCH_092,0,12.99,13.94,0.51,0.0,7.13
BATCH_092,1,12.99,13.65,0.55,0.14,7.16
BATCH_092,2,13.0,13.33,0.59,0.28,7.69
BATCH_092,3,13.01,12.98,0.64,0.44,8.23
BATCH_092,4,13.01,12.61,0.7,0.61,8.78
BATCH_092,5,13.02,12.21,0.75,0.8,9.34
BATCH_092,6,13.03,11.78,0.81,1.0,9.87
BATCH_092,7,13.04,11.31,0.88,1.21,10.6
BATCH_092,8,13.05,10.81,0.95,1.44,11.2
BATCH_092,9,13.07,10.27,1.02,1.69,11.72
BATCH_092,10,13.08,9.69,1.1,1.96,12.14
BATCH_092,11,13.1,9.07,1.19,2.24,13.13
BATCH_092,12,13.12,8.4,1.28,2.55,13.99
BATCH_092,13,13.14,7.69,1.38,2.88,14.85
BATCH_092,14,13.16,6.93,1.49,3.23,15.47
BATCH_092,15,13.19,6.12,1.6,3.6,16.36
BATCH_092,16,13.22,5.27,1.72,3.99,16.93
BATCH_092,17,13.25,4.37,1.85,4.4,17.67
BATCH_092,18,13.28,3.45,1.98,4.83,17.71
BATCH_092,19,13.32,2.51,2.11,5.26,17.38
BATCH_092,20,13.37,1.6,2.24,5.68,15.77
BATCH_092,21,13.42,0.78,2.35,6.05,12.35
BATCH_092,22,13.47,0.19,2.43,6.33,5.5
BATCH_092,23,13.53,0.0,2.46,6.41,2.83
BATCH_092,24,13.59,0.0,2.46,6.41,2.77
BATCH_092,25,13.66,0.0,2.46,6.41,2.73
BATCH_092,26,13.73,0.0,2.46,6.41,2.64
BATCH_092,27,13.81,0.0,2.46,6.41,2.93
BATCH_092,28,13.89,0.0,2.46,6.41,3.06
BATCH_092,29,13.98,0.0,2.46,6.41,3.01
BATCH_092,30,14.07,0.0,2.46,6.41,3.38
BATCH_092,31,14.17,0.0,2.46,6.41,3.22
BATCH_092,32,14.27,0.0,2.46,6.41,3.39
BATCH_092,33,14.38,0.0,2.46,6.41,3.31
BATCH_092,34,14.48,0.0,2.46,6.41,3.5
BATCH_092,35,14.59,0.0,2.46,6.41,3.28
BATCH_092,36,14.7,0.0,2.46,6.41,3.43
BATCH_092,37,14.81,0.0,2.46,6.41,3.68
BATCH_092,38,14.92,0.0,2.46,6.41,3.76
BATCH_092,39,15.03,0.0,2.46,6.41,3.87
BATCH_092,40,15.13,0.0,2.46,6.41,4.07
BATCH_092,41,15.23,0.0,2.46,6.41,3.64
BATCH_092,42,15.33,0.0,2.46,6.41,3.8
BATCH_092,43,15.42,0.0,2.46,6.41,4.11
BATCH_092,44,15.51,0.0,2.46,6.41,3.99
BATCH_092,45,15.59,0.0,2.46,6.41,4.87
BATCH_092,46,15.67,0.0,2.46,6.41,4.36
BATCH_092,47,15.74,0.0,2.46,6.41,4.29
BATCH_092,48,15.81,0.0,2.46,6.41,4.26
BATCH_092,49,15.88,0.0,2.46,6.41,4.31
BATCH_092,50,15.93,0.0,2.46,6.41,4.46
BATCH_092,51,15.99,0.0,2.46,6.41,4.51
BATCH_092,52,16.03,0.0,2.46,6.41,4.43
BATCH_092,53,16.08,0.0,2.46,6.41,4.5
BATCH_092,54,16.12,0.0,2.46,6.41,4.86
BATCH_092,55,16.15,0.0,2.46,6.41,4.89
BATCH_092,56,16.19,0.0,2.46,6.41,4.69
BATCH_092,57,16.21,0.0,2.46,6.41,4.39
BATCH_092,58,16.24,0.0,2.46,6.41,4.79
BATCH_092,59,16.26,0.0,2.46,6.41,5.01
BATCH_092,60,16.29,0.0,2.46,6.41,4.99
BATCH_092,61,16.3,0.0,2.46,6.41,4.87
BATCH_092,62,16.32,0.0,2.46,6.41,5.02
BATCH_092,63,16.34,0.0,2.46,6.41,4.76
BATCH_092,64,16.35,0.0,2.46,6.41,4.89
BATCH_092,65,16.36,0.0,2.46,6.41,4.63
BATCH_092,66,16.37,0.0,2.46,6.41,4.84
BATCH_092,67,16.38,0.0,2.46,6.41,5.05
BATCH_092,68,16.39,0.0,2.46,6.41,4.67
BATCH_092,69,16.4,0.0,2.46,6.41,4.62
BATCH_092,70,16.4,0.0,2.46,6.41,4.82
BATCH_092,71,16.41,0.0,2.46,6.41,4.76
BATCH_092,72,16.41,0.0,2.46,6.41,4.94
BATCH_092,73,16.42,0.0,2.46,6.41,4.72
BATCH_092,74,16.42,0.0,2.46,6.41,5.16
BATCH_092,75,16.42,0.0,2.46,6.41,4.56
BATCH_092,76,16.43,0.0,2.46,6.41,5.07
BATCH_092,77,16.43,0.0,2.46,6.41,4.67
BATCH_092,78,16.43,0.0,2.46,6.41,4.47
BATCH_092,79,16.44,0.0,2.46,6.41,4.87
BATCH_092,80,16.44,0.0,2.46,6.41,4.78
BATCH_092,81,16.44,0.0,2.46,6.41,4.61
BATCH_092,82,16.44,0.0,2.46,6.41,4.49
BATCH_092,83,16.44,0.0,2.46,6.41,4.83
BATCH_092,84,16.44,0.0,2.46,6.41,5.03
BATCH_092,85,16.44,0.0,2.46,6.41,4.95
BATCH_092,86,16.44,0.0,2.46,6.41,4.84
BATCH_092,87,16.45,0.0,2.46,6.41,4.93
BATCH_092,88,16.45,0.0,2.46,6.41,4.83
BATCH_092,89,16.45,0.0,2.46,6.41,4.55
BATCH_092,90,16.45,0.0,2.46,6.41,4.55
BATCH_092,91,16.45,0.0,2.46,6.41,4.8
BATCH_092,92,16.45,0.0,2.46,6.41,4.8
BATCH_092,93,16.45,0.0,2.46,6.41,5.01
BATCH_092,94,16.45,0.0,2.46,6.41,4.99
BATCH_092,95,16.45,0.0,2.46,6.41,4.96
BATCH_092,96,16.45,0.0,2.46,6.41,4.78
BATCH_092,97,16.45,0.0,2.46,6.41,4.56
BATCH_092,98,16.45,0.0,2.46,6.41,4.92
BATCH_092,99,16.45,0.0,2.46,6.41,4.94
BATCH_092,100,16.45,0.0,2.46,6.41,4.36
BATCH_092,101,16.45,0.0,2.46,6.41,4.67
BATCH_092,102,16.45,0.0,2.46,6.41,4.7
BATCH_092,103,16.45,0.0,2.46,6.41,4.86
BATCH_092,104,16.45,0.0,2.46,6.41,4.68
BATCH_092,105,16.45,0.0,2.46,6.41,4.83
BATCH_092,106,16.45,0.0,2.46,6.41,4.8
BATCH_092,107,16.45,0.0,2.46,6.41,4.81
BATCH_092,108,16.45,0.0,2.46,6.41,4.69
BATCH_092,109,16.45,0.0,2.46,6.41,4.71
BATCH_092,110,16.45,0.0,2.46,6.41,4.62
BATCH_092,111,16.45,0.0,2.46,6.41,4.91
BATCH_092,112,16.45,0.0,2.46,6.41,4.95
BATCH_092,113,16.45,0.0,2.46,6.41,4.68
BATCH_092,114,16.45,0.0,2.46,6.41,5.14
BATCH_092,115,16.45,0.0,2.46,6.41,4.78
BATCH_092,116,16.45,0.0,2.46,6.41,5.14
BATCH_092,117,16.45,0.0,2.46,6.41,4.71
BATCH_092,118,16.45,0.0,2.46,6.41,4.43
BATCH_092,119,16.45,0.0,2.46,6.41,4.92
BATCH_092,120,16.45,0.0,2.46,6.41,4.89
BATCH_093,0,11.11,14.01,0.47,0.0,5.26
BATCH_093,1,11.12,13.75,0.51,0.12,5.36
BATCH_093,2,11.12,13.48,0.55,0.24,5.83
BATCH_093,3,11.13,13.18,0.59,0.38,6.04
BATCH_093,4,11.14,12.87,0.63,0.53,6.59
BATCH_093,5,11.14,12.53,0.68,0.68,6.92
BATCH_093,6,11.15,12.16,0.73,0.85,7.25
BATCH_093,7,11.16,11.77,0.79,1.03,7.86
BATCH_093,8,11.17,11.35,0.85,1.22,8.2
BATCH_093,9,11.19,10.9,0.91,1.43,8.57
BATCH_093,10,11.2,10.42,0.98,1.65,9.41
BATCH_093,11,11.22,9.9,1.05,1.89,9.75
BATCH_093,12,11.24,9.35,1.13,2.14,10.76
BATCH_093,13,11.26,8.76,1.21,2.41,11.28
BATCH_093,14,11.28,8.13,1.3,2.7,12.25
BATCH_093,15,11.31,7.47,1.39,3.01,12.59
BATCH_093,16,11.34,6.76,1.49,3.34,13.34
BATCH_093,17,11.37,6.01,1.59,3.68,13.72
BATCH_093,18,11.41,5.22,1.7,4.04,14.4
BATCH_093,19,11.45,4.4,1.82,4.42,14.76
BATCH_093,20,11.49,3.55,1.94,4.81,15.56
BATCH_093,21,11.54,2.69,2.06,5.21,15.07
BATCH_093,22,11.59,1.84,2.18,5.6,14.46
BATCH_093,23,11.65,1.05,2.29,5.96,11.27
BATCH_093,24,11.71,0.41,2.38,6.25,7.62
BATCH_093,25,11.78,0.05,2.43,6.42,2.11
BATCH_093,26,11.85,0.0,2.44,6.44,1.46
BATCH_093,27,11.93,0.0,2.44,6.44,1.23
BATCH_093,28,12.01,0.0,2.44,6.44,1.62
BATCH_093,29,12.1,0.0,2.44,6.44,1.5
BATCH_093,30,12.2,0.0,2.44,6.44,1.41
BATCH_093,31,12.29,0.0,2.44,6.44,1.48
BATCH_093,32,12.39,0.0,2.44,6.44,1.55
BATCH_093,33,12.5,0.0,2.44,6.44,1.95
BATCH_093,34,12.6,0.0,2.44,6.44,1.83
BATCH_093,35,12.71,0.0,2.44,6.44,1.71
BATCH_093,36,12.82,0.0,2.44,6.44,2.19
BATCH_093,37,12.93,0.0,2.44,6.44,1.76
BATCH_093,38,13.04,0.0,2.44,6.44,2.55
BATCH_093,39,13.15,0.0,2.44,6.44,2.76
BATCH_093,40,13.25,0.0,2.44,6.44,2.18
BATCH_093,41,13.35,0.0,2.44,6.44,2.72
BATCH_093,42,13.45,0.0,2.44,6.44,2.66
BATCH_093,43,13.54,0.0,2.44,6.44,2.56
BATCH_093,44,13.63,0.0,2.44,6.44,2.63
BATCH_093,45,13.71,0.0,2.44,6.44,2.92
BATCH_093,46,13.79,0.0,2.44,6.44,2.84
BATCH_093,47,13.87,0.0,2.44,6.44,2.38
BATCH_093,48,13.93,0.0,2.44,6.44,3.36
BATCH_093,49,14.0,0.0,2.44,6.44,3.08
BATCH_093,50,14.05,0.0,2.44,6.44,3.03
BATCH_093,51,14.11,0.0,2.44,6.44,2.94
BATCH_093,52,14.16,0.0,2.44,6.44,3.08
BATCH_093,53,14.2,0.0,2.44,6.44,3.4
BATCH_093,54,14.24,0.0,2.44,6.44,3.23
BATCH_093,55,14.27,0.0,2.44,6.44,3.28
BATCH_093,56,14.31,0.0,2.44,6.44,2.98
BATCH_093,57,14.34,0.0,2.44,6.44,3.18
BATCH_093,58,14.36,0.0,2.44,6.44,3.28
BATCH_093,59,14.39,0.0,2.44,6.44,3.43
BATCH_093,60,14.41,0.0,2.44,6.44,3.22
BATCH_093,61,14.42,0.0,2.44,6.44,3.5
BATCH_093,62,14.44,0.0,2.44,6.44,3.1
BATCH_093,63,14.46,0.0,2.44,6.44,3.36
BATCH_093,64,14.47,0.0,2.44,6.44,3.33
BATCH_093,65,14.48,0.0,2.44,6.44,3.06
BATCH_093,66,14.49,0.0,2.44,6.44,3.36
BATCH_093,67,14.5,0.0,2.44,6.44,3.26
BATCH_093,68,14.51,0.0,2.44,6.44,3.66
BATCH_093,69,14.52,0.0,2.44,6.44,3.31
BATCH_093,70,14.52,0.0,2.44,6.44,3.46
BATCH_093,71,14.53,0.0,2.44,6.44,3.15
BATCH_093,72,14.53,0.0,2.44,6.44,3.45
BATCH_093,73,14.54,0.0,2.44,6.44,3.32
BATCH_093,74,14.54,0.0,2.44,6.44,3.25
BATCH_093,75,14.55,0.0,2.44,6.44,3.98
BATCH_093,76,14.55,0.0,2.44,6.44,3.34
BATCH_093,77,14.55,0.0,2.44,6.44,3.37
BATCH_093,78,14.55,0.0,2.44,6.44,3.6
BATCH_093,79,14.56,0.0,2.44,6.44,3.26
BATCH_093,80,14.56,0.0,2.44,6.44,3.5
BATCH_093,81,14.56,0.0,2.44,6.44,3.52
BATCH_093,82,14.56,0.0,2.44,6.44,3.47
BATCH_093,83,14.56,0.0,2.44,6.44,3.88
BATCH_093,84,14.56,0.0,2.44,6.44,3.26
BATCH_093,85,14.56,0.0,2.44,6.44,3.73
BATCH_093,86,14.57,0.0,2.44,6.44,3.52
BATCH_093,87,14.57,0.0,2.44,6.44,3.61
BATCH_093,88,14.57,0.0,2.44,6.44,3.49
BATCH_093,89,14.57,0.0,2.44,6.44,3.8
BATCH_093,90,14.57,0.0,2.44,6.44,3.36
BATCH_093,91,14.57,0.0,2.44,6.44,3.53
BATCH_093,92,14.57,0.0,2.44,6.44,3.69
BATCH_093,93,14.57,0.0,2.44,6.44,3.32
BATCH_093,94,14.57,0.0,2.44,6.44,3.63
BATCH_093,95,14.57,0.0,2.44,6.44,3.42
BATCH_093,96,14.57,0.0,2.44,6.44,3.18
BATCH_093,97,14.57,0.0,2.44,6.44,3.14
BATCH_093,98,14.57,0.0,2.44,6.44,3.41
BATCH_093,99,14.57,0.0,2.44,6.44,3.63
BATCH_093,100,14.57,0.0,2.44,6.44,3.01
BATCH_093,101,14.57,0.0,2.44,6.44,3.47
BATCH_093,102,14.57,0.0,2.44,6.44,3.61
BATCH_093,103,14.57,0.0,2.44,6.44,3.17
BATCH_093,104,14.57,0.0,2.44,6.44,3.3
BATCH_093,105,14.57,0.0,2.44,6.44,3.54
BATCH_093,106,14.57,0.0,2.44,6.44,3.6
BATCH_093,107,14.57,0.0,2.44,6.44,3.75
BATCH_093,108,14.57,0.0,2.44,6.44,3.31
BATCH_093,109,14.57,0.0,2.44,6.44,3.27
BATCH_093,110,14.57,0.0,2.44,6.44,3.76
BATCH_093,111,14.57,0.0,2.44,6.44,3.28
BATCH_093,112,14.57,0.0,2.44,6.44,3.53
BATCH_093,113,14.57,0.0,2.44,6.44,3.87
BATCH_093,114,14.57,0.0,2.44,6.44,3.58
BATCH_093,115,14.57,0.0,2.44,6.44,3.59
BATCH_093,116,14.57,0.0,2.44,6.44,3.68
BATCH_093,117,14.57,0.0,2.44,6.44,3.53
BATCH_093,118,14.57,0.0,2.44,6.44,3.59
BATCH_093,119,14.57,0.0,2.44,6.44,3.36
BATCH_093,120,14.57,0.0,2.44,6.44,3.66
BATCH_094,0,12.23,14.12,0.44,0.0,5.83
BATCH_094,1,12.24,13.88,0.48,0.11,6.4
BATCH_094,2,12.24,13.61,0.51,0.24,6.26
BATCH_094,3,12.25,13.32,0.55,0.37,7.08
BATCH_094,4,12.26,13.01,0.6,0.51,7.21
BATCH_094,5,12.26,12.67,0.64,0.67,7.89
BATCH_094,6,12.27,12.31,0.69,0.83,8.34
BATCH_094,7,12.28,11.92,0.75,1.01,8.7
BATCH_094,8,12.3,11.5,0.81,1.21,9.24
BATCH_094,9,12.31,11.05,0.87,1.41,9.78
BATCH_094,10,12.32,10.57,0.94,1.63,9.89
BATCH_094,11,12.34,10.05,1.01,1.87,10.95
BATCH_094,12,12.36,9.5,1.09,2.13,11.37
BATCH_094,13,12.38,8.9,1.17,2.4,12.32
BATCH_094,14,12.4,8.27,1.26,2.69,12.78
BATCH_094,15,12.43,7.59,1.36,3.01,13.52
BATCH_094,16,12.46,6.86,1.46,3.34,14.82
BATCH_094,17,12.49,6.1,1.56,3.69,15.43
BATCH_094,18,12.53,5.29,1.68,4.06,15.88
BATCH_094,19,12.57,4.44,1.8,4.45,16.45
BATCH_094,20,12.61,3.56,1.92,4.86,16.64
BATCH_094,21,12.66,2.67,2.04,5.27,16.61
BATCH_094,22,12.71,1.79,2.17,5.67,15.27
BATCH_094,23,12.77,0.98,2.28,6.05,12.86
BATCH_094,24,12.83,0.34,2.37,6.34,7.47
BATCH_094,25,12.9,0.01,2.42,6.49,2.27
BATCH_094,26,12.97,0.0,2.42,6.5,2.23
BATCH_094,27,13.05,0.0,2.42,6.5,2.17
BATCH_094,28,13.13,0.0,2.42,6.5,2.42
BATCH_094,29,13.22,0.0,2.42,6.5,2.31
BATCH_094,30,13.32,0.0,2.42,6.5,2.58
BATCH_094,31,13.41,0.0,2.42,6.5,2.8
BATCH_094,32,13.51,0.0,2.42,6.5,2.49
BATCH_094,33,13.62,0.0,2.42,6.5,2.69
BATCH_094,34,13.73,0.0,2.42,6.5,2.89
BATCH_094,35,13.83,0.0,2.42,6.5,2.79
BATCH_094,36,13.94,0.0,2.42,6.5,3.05
BATCH_094,37,14.05,0.0,2.42,6.5,3.15
BATCH_094,38,14.16,0.0,2.42,6.5,3.34
BATCH_094,39,14.27,0.0,2.42,6.5,3.08
BATCH_094,40,14.37,0.0,2.42,6.5,3.09
BATCH_094,41,14.47,0.0,2.42,6.5,3.29
BATCH_094,42,14.57,0.0,2.42,6.5,3.23
BATCH_094,43,14.66,0.0,2.42,6.5,3.61
BATCH_094,44,14.75,0.0,2.42,6.5,3.33
BATCH_094,45,14.84,0.0,2.42,6.5,4.09
BATCH_094,46,14.91,0.0,2.42,6.5,3.94
BATCH_094,47,14.99,0.0,2.42,6.5,3.74
BATCH_094,48,15.05,0.0,2.42,6.5,3.96
BATCH_094,49,15.12,0.0,2.42,6.5,3.51
BATCH_094,50,15.18,0.0,2.42,6.5,4.39
BATCH_094,51,15.23,0.0,2.42,6.5,3.8
BATCH_094,52,15.28,0.0,2.42,6.5,3.93
BATCH_094,53,15.32,0.0,2.42,6.5,3.62
BATCH_094,54,15.36,0.0,2.42,6.5,4.12
BATCH_094,55,15.4,0.0,2.42,6.5,3.83
BATCH_094,56,15.43,0.0,2.42,6.5,4.09
BATCH_094,57,15.46,0.0,2.42,6.5,3.98
BATCH_094,58,15.48,0.0,2.42,6.5,3.9
BATCH_094,59,15.51,0.0,2.42,6.5,3.97
BATCH_094,60,15.53,0.0,2.42,6.5,4.19
BATCH_094,61,15.55,0.0,2.42,6.5,3.9
BATCH_094,62,15.56,0.0,2.42,6.5,4.02
BATCH_094,63,15.58,0.0,2.42,6.5,4.32
BATCH_094,64,15.59,0.0,2.42,6.5,4.71
BATCH_094,65,15.6,0.0,2.42,6.5,4.3
BATCH_094,66,15.61,0.0,2.42,6.5,4.03
BATCH_094,67,15.62,0.0,2.42,6.5,4.14
BATCH_094,68,15.63,0.0,2.42,6.5,4.23
BATCH_094,69,15.64,0.0,2.42,6.5,4.16
BATCH_094,70,15.64,0.0,2.42,6.5,4.41
BATCH_094,71,15.65,0.0,2.42,6.5,4.28
BATCH_094,72,15.65,0.0,2.42,6.5,4.42
BATCH_094,73,15.66,0.0,2.42,6.5,4.18
BATCH_094,74,15.66,0.0,2.42,6.5,4.51
BATCH_094,75,15.67,0.0,2.42,6.5,4.22
BATCH_094,76,15.67,0.0,2.42,6.5,4.06
BATCH_094,77,15.67,0.0,2.42,6.5,4.69
BATCH_094,78,15.68,0.0,2.42,6.5,3.89
BATCH_094,79,15.68,0.0,2.42,6.5,4.11
BATCH_094,80,15.68,0.0,2.42,6.5,4.13
BATCH_094,81,15.68,0.0,2.42,6.5,4.76
BATCH_094,82,15.68,0.0,2.42,6.5,4.62
BATCH_094,83,15.68,0.0,2.42,6.5,4.56
BATCH_094,84,15.68,0.0,2.42,6.5,4.2
BATCH_094,85,15.69,0.0,2.42,6.5,4.75
BATCH_094,86,15.69,0.0,2.42,6.5,4.34
BATCH_094,87,15.69,0.0,2.42,6.5,4.46
BATCH_094,88,15.69,0.0,2.42,6.5,4.3
BATCH_094,89,15.69,0.0,2.42,6.5,4.26
BATCH_094,90,15.69,0.0,2.42,6.5,4.22
BATCH_094,91,15.69,0.0,2.42,6.5,4.23
BATCH_094,92,15.69,0.0,2.42,6.5,4.39
BATCH_094,93,15.69,0.0,2.42,6.5,4.34
BATCH_094,94,15.69,0.0,2.42,6.5,4.26
BATCH_094,95,15.69,0.0,2.42,6.5,4.57
BATCH_094,96,15.69,0.0,2.42,6.5,3.68
BATCH_094,97,15.69,0.0,2.42,6.5,4.37
BATCH_094,98,15.69,0.0,2.42,6.5,4.41
BATCH_094,99,15.69,0.0,2.42,6.5,4.5
BATCH_094,100,15.69,0.0,2.42,6.5,4.26
BATCH_094,101,15.69,0.0,2.42,6.5,4.31
BATCH_094,102,15.69,0.0,2.42,6.5,4.47
BATCH_094,103,15.69,0.0,2.42,6.5,4.57
BATCH_094,104,15.69,0.0,2.42,6.5,4.21
BATCH_094,105,15.69,0.0,2.42,6.5,4.32
BATCH_094,106,15.69,0.0,2.42,6.5,4.61
BATCH_094,107,15.69,0.0,2.42,6.5,3.84
BATCH_094,108,15.69,0.0,2.42,6.5,4.13
BATCH_094,109,15.69,0.0,2.42,6.5,4.56
BATCH_094,110,15.69,0.0,2.42,6.5,4.49
BATCH_094,111,15.69,0.0,2.42,6.5,4.37
BATCH_094,112,15.69,0.0,2.42,6.5,4.18
BATCH_094,113,15.69,0.0,2.42,6.5,4.09
BATCH_094,114,15.69,0.0,2.42,6.5,4.15
BATCH_094,115,15.69,0.0,2.42,6.5,4.58
BATCH_094,116,15.69,0.0,2.42,6.5,4.14
BATCH_094,117,15.69,0.0,2.42,6.5,4.29
BATCH_094,118,15.69,0.0,2.42,6.5,4.12
BATCH_094,119,15.69,0.0,2.42,6.5,4.44
BATCH_094,120,15.69,0.0,2.42,6.5,4.16
BATCH_095,0,12.14,13.97,0.43,0.0,5.72
BATCH_095,1,12.15,13.73,0.47,0.11,5.64
BATCH_095,2,12.15,13.47,0.5,0.23,5.9
BATCH_095,3,12.16,13.18,0.54,0.36,6.24
BATCH_095,4,12.17,12.88,0.59,0.5,6.61
BATCH_095,5,12.17,12.55,0.63,0.65,7.5
BATCH_095,6,12.18,12.2,0.68,0.81,7.74
BATCH_095,7,12.19,11.82,0.73,0.99,8.07
BATCH_095,8,12.21,11.41,0.79,1.18,8.88
BATCH_095,9,12.22,10.98,0.85,1.38,9.2
BATCH_095,10,12.23,10.5,0.92,1.59,10.2
BATCH_095,11,12.25,10.0,0.99,1.83,10.91
BATCH_095,12,12.27,9.46,1.06,2.08,11.22
BATCH_095,13,12.29,8.88,1.15,2.34,12.22
BATCH_095,14,12.31,8.26,1.23,2.63,12.92
BATCH_095,15,12.34,7.6,1.32,2.93,13.39
BATCH_095,16,12.37,6.89,1.42,3.26,14.45
BATCH_095,17,12.4,6.15,1.53,3.6,14.69
BATCH_095,18,12.44,5.36,1.64,3.96,15.08
BATCH_095,19,12.48,4.53,1.75,4.34,15.7
BATCH_095,20,12.52,3.67,1.87,4.74,16.2
BATCH_095,21,12.57,2.8,2.0,5.14,16.35
BATCH_095,22,12.62,1.93,2.12,5.54,15.15
BATCH_095,23,12.68,1.12,2.23,5.91,12.95
BATCH_095,24,12.74,0.45,2.33,6.22,8.32
BATCH_095,25,12.81,0.05,2.38,6.4,2.84
BATCH_095,26,12.88,0.0,2.39,6.43,2.43
BATCH_095,27,12.96,0.0,2.39,6.43,2.29
BATCH_095,28,13.04,0.0,2.39,6.43,2.17
BATCH_095,29,13.13,0.0,2.39,6.43,2.59
BATCH_095,30,13.23,0.0,2.39,6.43,2.42
BATCH_095,31,13.32,0.0,2.39,6.43,2.52
BATCH_095,32,13.42,0.0,2.39,6.43,2.8
BATCH_095,33,13.53,0.0,2.39,6.43,2.58
BATCH_095,34,13.64,0.0,2.39,6.43,2.91
BATCH_095,35,13.74,0.0,2.39,6.43,2.98
BATCH_095,36,13.85,0.0,2.39,6.43,2.86
BATCH_095,37,13.96,0.0,2.39,6.43,2.69
BATCH_095,38,14.07,0.0,2.39,6.43,3.06
BATCH_095,39,14.18,0.0,2.39,6.43,3.36
BATCH_095,40,14.28,0.0,2.39,6.43,3.37
BATCH_095,41,14.38,0.0,2.39,6.43,3.63
BATCH_095,42,14.48,0.0,2.39,6.43,3.26
BATCH_095,43,14.57,0.0,2.39,6.43,3.59
BATCH_095,44,14.66,0.0,2.39,6.43,3.29
BATCH_095,45,14.74,0.0,2.39,6.43,3.6
BATCH_095,46,14.82,0.0,2.39,6.43,3.84
BATCH_095,47,14.9,0.0,2.39,6.43,3.85
BATCH_095,48,14.96,0.0,2.39,6.43,3.74
BATCH_095,49,15.03,0.0,2.39,6.43,3.72
BATCH_095,50,15.08,0.0,2.39,6.43,3.61
BATCH_095,51,15.14,0.0,2.39,6.43,3.81
BATCH_095,52,15.19,0.0,2.39,6.43,3.63
BATCH_095,53,15.23,0.0,2.39,6.43,3.85
BATCH_095,54,15.27,0.0,2.39,6.43,3.59
BATCH_095,55,15.3,0.0,2.39,6.43,3.71
BATCH_095,56,15.34,0.0,2.39,6.43,4.17
BATCH_095,57,15.37,0.0,2.39,6.43,4.17
BATCH_095,58,15.39,0.0,2.39,6.43,3.99
BATCH_095,59,15.42,0.0,2.39,6.43,4.07
BATCH_095,60,15.44,0.0,2.39,6.43,4.12
BATCH_095,61,15.46,0.0,2.39,6.43,4.18
BATCH_095,62,15.47,0.0,2.39,6.43,4.17
BATCH_095,63,15.49,0.0,2.39,6.43,3.85
BATCH_095,64,15.5,0.0,2.39,6.43,3.64
BATCH_095,65,15.51,0.0,2.39,6.43,3.93
BATCH_095,66,15.52,0.0,2.39,6.43,4.11
BATCH_095,67,15.53,0.0,2.39,6.43,4.34
BATCH_095,68,15.54,0.0,2.39,6.43,4.2
BATCH_095,69,15.55,0.0,2.39,6.43,4.27
BATCH_095,70,15.55,0.0,2.39,6.43,3.99
BATCH_095,71,15.56,0.0,2.39,6.43,4.16
BATCH_095,72,15.56,0.0,2.39,6.43,4.19
BATCH_095,73,15.57,0.0,2.39,6.43,4.03
BATCH_095,74,15.57,0.0,2.39,6.43,3.97
BATCH_095,75,15.58,0.0,2.39,6.43,4.14
BATCH_095,76,15.58,0.0,2.39,6.43,4.32
BATCH_095,77,15.58,0.0,2.39,6.43,4.01
BATCH_095,78,15.58,0.0,2.39,6.43,4.15
BATCH_095,79,15.59,0.0,2.39,6.43,4.46
BATCH_095,80,15.59,0.0,2.39,6.43,4.09
BATCH_095,81,15.59,0.0,2.39,6.43,4.19
BATCH_095,82,15.59,0.0,2.39,6.43,4.17
BATCH_095,83,15.59,0.0,2.39,6.43,4.16
BATCH_095,84,15.59,0.0,2.39,6.43,4.53
BATCH_095,85,15.6,0.0,2.39,6.43,4.26
BATCH_095,86,15.6,0.0,2.39,6.43,3.88
BATCH_095,87,15.6,0.0,2.39,6.43,4.5
BATCH_095,88,15.6,0.0,2.39,6.43,4.25
BATCH_095,89,15.6,0.0,2.39,6.43,4.12
BATCH_095,90,15.6,0.0,2.39,6.43,4.47
BATCH_095,91,15.6,0.0,2.39,6.43,4.04
BATCH_095,92,15.6,0.0,2.39,6.43,4.54
BATCH_095,93,15.6,0.0,2.39,6.43,4.22
BATCH_095,94,15.6,0.0,2.39,6.43,4.4
BATCH_095,95,15.6,0.0,2.39,6.43,4.81
BATCH_095,96,15.6,0.0,2.39,6.43,4.24
BATCH_095,97,15.6,0.0,2.39,6.43,4.18
BATCH_095,98,15.6,0.0,2.39,6.43,3.99
BATCH_095,99,15.6,0.0,2.39,6.43,4.18
BATCH_095,100,15.6,0.0,2.39,6.43,3.99
BATCH_095,101,15.6,0.0,2.39,6.43,4.16
BATCH_095,102,15.6,0.0,2.39,6.43,4.78
BATCH_095,103,15.6,0.0,2.39,6.43,4.23
BATCH_095,104,15.6,0.0,2.39,6.43,4.09
BATCH_095,105,15.6,0.0,2.39,6.43,4.16
BATCH_095,106,15.6,0.0,2.39,6.43,4.12
BATCH_095,107,15.6,0.0,2.39,6.43,4.41
BATCH_095,108,15.6,0.0,2.39,6.43,4.18
BATCH_095,109,15.6,0.0,2.39,6.43,4.52
BATCH_095,110,15.6,0.0,2.39,6.43,4.14
BATCH_095,111,15.6,0.0,2.39,6.43,4.15
BATCH_095,112,15.6,0.0,2.39,6.43,4.02
BATCH_095,113,15.6,0.0,2.39,6.43,4.13
BATCH_095,114,15.6,0.0,2.39,6.43,3.86
BATCH_095,115,15.6,0.0,2.39,6.43,3.78
BATCH_095,116,15.6,0.0,2.39,6.43,4.33
BATCH_095,117,15.6,0.0,2.39,6.43,3.85
BATCH_095,118,15.6,0.0,2.39,6.43,4.28
BATCH_095,119,15.6,0.0,2.39,6.43,4.1
BATCH_095,120,15.6,0.0,2.39,6.43,4.39
BATCH_096,0,12.88,13.48,0.52,0.0,7.21
BATCH_096,1,12.88,13.18,0.57,0.14,7.23
BATCH_096,2,12.89,12.85,0.61,0.29,8.27
BATCH_096,3,12.89,12.5,0.66,0.45,8.75
BATCH_096,4,12.9,12.12,0.71,0.63,8.93
BATCH_096,5,12.91,11.71,0.77,0.81,9.71
BATCH_096,6,12.92,11.27,0.83,1.02,9.9
BATCH_096,7,12.93,10.8,0.9,1.23,10.24
BATCH_096,8,12.94,10.29,0.97,1.47,11.09
BATCH_096,9,12.95,9.74,1.05,1.72,12.26
BATCH_096,10,12.97,9.15,1.13,1.99,12.32
BATCH_096,11,12.99,8.52,1.22,2.28,13.36
BATCH_096,12,13.0,7.85,1.31,2.59,14.12
BATCH_096,13,13.03,7.13,1.41,2.92,14.78
BATCH_096,14,13.05,6.37,1.52,3.27,15.55
BATCH_096,15,13.08,5.56,1.63,3.65,16.36
BATCH_096,16,13.1,4.71,1.75,4.04,16.82
BATCH_096,17,13.14,3.82,1.88,4.44,17.03
BATCH_096,18,13.17,2.92,2.0,4.86,17.31
BATCH_096,19,13.21,2.01,2.13,5.28,16.64
BATCH_096,20,13.26,1.16,2.25,5.67,14.27
BATCH_096,21,13.3,0.46,2.35,5.99,9.15
BATCH_096,22,13.36,0.04,2.41,6.18,2.99
BATCH_096,23,13.41,0.0,2.41,6.2,2.5
BATCH_096,24,13.48,0.0,2.41,6.2,2.92
BATCH_096,25,13.55,0.0,2.41,6.2,2.79
BATCH_096,26,13.62,0.0,2.41,6.2,2.85
BATCH_096,27,13.7,0.0,2.41,6.2,2.95
BATCH_096,28,13.78,0.0,2.41,6.2,2.92
BATCH_096,29,13.87,0.0,2.41,6.2,2.93
BATCH_096,30,13.96,0.0,2.41,6.2,3.1
BATCH_096,31,14.06,0.0,2.41,6.2,2.94
BATCH_096,32,14.16,0.0,2.41,6.2,2.84
BATCH_096,33,14.26,0.0,2.41,6.2,3.34
BATCH_096,34,14.37,0.0,2.41,6.2,3.53
BATCH_096,35,14.48,0.0,2.41,6.2,3.14
BATCH_096,36,14.59,0.0,2.41,6.2,3.61
BATCH_096,37,14.7,0.0,2.41,6.2,3.86
BATCH_096,38,14.81,0.0,2.41,6.2,3.6
BATCH_096,39,14.91,0.0,2.41,6.2,3.52
BATCH_096,40,15.02,0.0,2.41,6.2,3.79
BATCH_096,41,15.12,0.0,2.41,6.2,3.73
BATCH_096,42,15.22,0.0,2.41,6.2,3.79
BATCH_096,43,15.31,0.0,2.41,6.2,4.07
BATCH_096,44,15.4,0.0,2.41,6.2,3.73
BATCH_096,45,15.48,0.0,2.41,6.2,3.82
BATCH_096,46,15.56,0.0,2.41,6.2,4.17
BATCH_096,47,15.63,0.0,2.41,6.2,4.22
BATCH_096,48,15.7,0.0,2.41,6.2,4.34
BATCH_096,49,15.76,0.0,2.41,6.2,4.7
BATCH_096,50,15.82,0.0,2.41,6.2,4.39
BATCH_096,51,15.87,0.0,2.41,6.2,4.52
BATCH_096,52,15.92,0.0,2.41,6.2,4.25
BATCH_096,53,15.97,0.0,2.41,6.2,4.63
BATCH_096,54,16.01,0.0,2.41,6.2,4.4
BATCH_096,55,16.04,0.0,2.41,6.2,4.54
BATCH_096,56,16.07,0.0,2.41,6.2,4.53
BATCH_096,57,16.1,0.0,2.41,6.2,4.78
BATCH_096,58,16.13,0.0,2.41,6.2,4.33
BATCH_096,59,16.15,0.0,2.41,6.2,4.16
BATCH_096,60,16.17,0.0,2.41,6.2,4.59
BATCH_096,61,16.19,0.0,2.41,6.2,4.74
BATCH_096,62,16.21,0.0,2.41,6.2,4.69
BATCH_096,63,16.22,0.0,2.41,6.2,4.91
BATCH_096,64,16.24,0.0,2.41,6.2,4.76
BATCH_096,65,16.25,0.0,2.41,6.2,4.57
BATCH_096,66,16.26,0.0,2.41,6.2,4.23
BATCH_096,67,16.27,0.0,2.41,6.2,4.65
BATCH_096,68,16.28,0.0,2.41,6.2,4.91
BATCH_096,69,16.28,0.0,2.41,6.2,4.63
BATCH_096,70,16.29,0.0,2.41,6.2,4.72
BATCH_096,71,16.3,0.0,2.41,6.2,4.81
BATCH_096,72,16.3,0.0,2.41,6.2,4.52
BATCH_096,73,16.3,0.0,2.41,6.2,4.85
BATCH_096,74,16.31,0.0,2.41,6.2,5.06
BATCH_096,75,16.31,0.0,2.41,6.2,4.7
BATCH_096,76,16.32,0.0,2.41,6.2,4.51
BATCH_096,77,16.32,0.0,2.41,6.2,4.73
BATCH_096,78,16.32,0.0,2.41,6.2,4.3
BATCH_096,79,16.32,0.0,2.41,6.2,4.81
BATCH_096,80,16.32,0.0,2.41,6.2,4.83
BATCH_096,81,16.33,0.0,2.41,6.2,5.08
BATCH_096,82,16.33,0.0,2.41,6.2,4.71
BATCH_096,83,16.33,0.0,2.41,6.2,4.83
BATCH_096,84,16.33,0.0,2.41,6.2,4.58
BATCH_096,85,16.33,0.0,2.41,6.2,4.68
BATCH_096,86,16.33,0.0,2.41,6.2,4.44
BATCH_096,87,16.33,0.0,2.41,6.2,4.71
BATCH_096,88,16.33,0.0,2.41,6.2,4.69
BATCH_096,89,16.33,0.0,2.41,6.2,4.81
BATCH_096,90,16.33,0.0,2.41,6.2,4.63
BATCH_096,91,16.34,0.0,2.41,6.2,4.77
BATCH_096,92,16.34,0.0,2.41,6.2,4.68
BATCH_096,93,16.34,0.0,2.41,6.2,4.69
BATCH_096,94,16.34,0.0,2.41,6.2,4.77
BATCH_096,95,16.34,0.0,2.41,6.2,4.76
BATCH_096,96,16.34,0.0,2.41,6.2,4.9
BATCH_096,97,16.34,0.0,2.41,6.2,4.73
BATCH_096,98,16.34,0.0,2.41,6.2,4.68
BATCH_096,99,16.34,0.0,2.41,6.2,4.72
BATCH_096,100,16.34,0.0,2.41,6.2,4.61
BATCH_096,101,16.34,0.0,2.41,6.2,4.68
BATCH_096,102,16.34,0.0,2.41,6.2,5.16
BATCH_096,103,16.34,0.0,2.41,6.2,4.57
BATCH_096,104,16.34,0.0,2.41,6.2,4.7
BATCH_096,105,16.34,0.0,2.41,6.2,4.68
BATCH_096,106,16.34,0.0,2.41,6.2,4.7
BATCH_096,107,16.34,0.0,2.41,6.2,4.69
BATCH_096,108,16.34,0.0,2.41,6.2,4.81
BATCH_096,109,16.34,0.0,2.41,6.2,4.41
BATCH_096,110,16.34,0.0,2.41,6.2,4.96
BATCH_096,111,16.34,0.0,2.41,6.2,4.88
BATCH_096,112,16.34,0.0,2.41,6.2,4.51
BATCH_096,113,16.34,0.0,2.41,6.2,4.3
BATCH_096,114,16.34,0.0,2.41,6.2,4.56
BATCH_096,115,16.34,0.0,2.41,6.2,4.71
BATCH_096,116,16.34,0.0,2.41,6.2,5.27
BATCH_096,117,16.34,0.0,2.41,6.2,4.86
BATCH_096,118,16.34,0.0,2.41,6.2,4.39
BATCH_096,119,16.34,0.0,2.41,6.2,4.62
BATCH_096,120,16.34,0.0,2.41,6.2,4.74
BATCH_097,0,12.94,14.08,0.45,0.0,6.84
BATCH_097,1,12.95,13.82,0.48,0.12,6.5
BATCH_097,2,12.95,13.54,0.52,0.25,7.3
BATCH_097,3,12.96,13.23,0.57,0.39,7.5
BATCH_097,4,12.97,12.91,0.61,0.54,8.13
BATCH_097,5,12.98,12.55,0.66,0.7,8.56
BATCH_097,6,12.99,12.17,0.71,0.88,9.11
BATCH_097,7,13.0,11.76,0.77,1.06,9.73
BATCH_097,8,13.01,11.32,0.83,1.27,10.38
BATCH_097,9,13.02,10.85,0.9,1.49,11.1
BATCH_097,10,13.04,10.33,0.97,1.72,11.36
BATCH_097,11,13.05,9.78,1.05,1.97,11.93
BATCH_097,12,13.07,9.19,1.13,2.25,12.51
BATCH_097,13,13.09,8.56,1.22,2.54,13.59
BATCH_097,14,13.12,7.88,1.31,2.85,14.45
BATCH_097,15,13.14,7.16,1.42,3.18,14.79
BATCH_097,16,13.17,6.39,1.52,3.54,16.06
BATCH_097,17,13.2,5.57,1.64,3.91,16.54
BATCH_097,18,13.24,4.71,1.76,4.31,16.92
BATCH_097,19,13.28,3.82,1.88,4.72,17.38
BATCH_097,20,13.32,2.91,2.01,5.14,17.32
BATCH_097,21,13.37,2.0,2.14,5.56,16.46
BATCH_097,22,13.42,1.14,2.26,5.95,14.34
BATCH_097,23,13.48,0.43,2.36,6.28,9.43
BATCH_097,24,13.54,0.03,2.41,6.46,3.51
BATCH_097,25,13.61,0.0,2.42,6.48,2.57
BATCH_097,26,13.69,0.0,2.42,6.48,2.83
BATCH_097,27,13.76,0.0,2.42,6.48,2.69
BATCH_097,28,13.85,0.0,2.42,6.48,2.89
BATCH_097,29,13.94,0.0,2.42,6.48,2.66
BATCH_097,30,14.03,0.0,2.42,6.48,2.8
BATCH_097,31,14.13,0.0,2.42,6.48,3.26
BATCH_097,32,14.23,0.0,2.42,6.48,2.87
BATCH_097,33,14.33,0.0,2.42,6.48,3.37
BATCH_097,34,14.44,0.0,2.42,6.48,3.19
BATCH_097,35,14.55,0.0,2.42,6.48,3.02
BATCH_097,36,14.66,0.0,2.42,6.48,2.98
BATCH_097,37,14.76,0.0,2.42,6.48,3.87
BATCH_097,38,14.87,0.0,2.42,6.48,3.27
BATCH_097,39,14.98,0.0,2.42,6.48,3.72
BATCH_097,40,15.08,0.0,2.42,6.48,3.88
BATCH_097,41,15.19,0.0,2.42,6.48,3.63
BATCH_097,42,15.28,0.0,2.42,6.48,3.85
BATCH_097,43,15.38,0.0,2.42,6.48,4.13
BATCH_097,44,15.46,0.0,2.42,6.48,4.16
BATCH_097,45,15.55,0.0,2.42,6.48,4.07
BATCH_097,46,15.63,0.0,2.42,6.48,4.27
BATCH_097,47,15.7,0.0,2.42,6.48,4.25
BATCH_097,48,15.77,0.0,2.42,6.48,4.13
BATCH_097,49,15.83,0.0,2.42,6.48,4.61
BATCH_097,50,15.89,0.0,2.42,6.48,4.46
BATCH_097,51,15.94,0.0,2.42,6.48,4.09
BATCH_097,52,15.99,0.0,2.42,6.48,4.6
BATCH_097,53,16.03,0.0,2.42,6.48,4.4
BATCH_097,54,16.07,0.0,2.42,6.48,4.5
BATCH_097,55,16.11,0.0,2.42,6.48,4.58
BATCH_097,56,16.14,0.0,2.42,6.48,4.45
BATCH_097,57,16.17,0.0,2.42,6.48,4.99
BATCH_097,58,16.2,0.0,2.42,6.48,4.35
BATCH_097,59,16.22,0.0,2.42,6.48,4.68
BATCH_097,60,16.24,0.0,2.42,6.48,4.76
BATCH_097,61,16.26,0.0,2.42,6.48,4.7
BATCH_097,62,16.27,0.0,2.42,6.48,4.67
BATCH_097,63,16.29,0.0,2.42,6.48,4.64
BATCH_097,64,16.3,0.0,2.42,6.48,4.57
BATCH_097,65,16.31,0.0,2.42,6.48,4.57
BATCH_097,66,16.33,0.0,2.42,6.48,4.98
BATCH_097,67,16.33,0.0,2.42,6.48,4.66
BATCH_097,68,16.34,0.0,2.42,6.48,5.18
BATCH_097,69,16.35,0.0,2.42,6.48,4.9
BATCH_097,70,16.36,0.0,2.42,6.48,4.23
BATCH_097,71,16.36,0.0,2.42,6.48,4.95
BATCH_097,72,16.37,0.0,2.42,6.48,4.76
BATCH_097,73,16.37,0.0,2.42,6.48,4.5
BATCH_097,74,16.38,0.0,2.42,6.48,5.04
BATCH_097,75,16.38,0.0,2.42,6.48,4.7
BATCH_097,76,16.38,0.0,2.42,6.48,4.68
BATCH_097,77,16.38,0.0,2.42,6.48,4.86
BATCH_097,78,16.39,0.0,2.42,6.48,5.02
BATCH_097,79,16.39,0.0,2.42,6.48,4.81
BATCH_097,80,16.39,0.0,2.42,6.48,4.8
BATCH_097,81,16.39,0.0,2.42,6.48,4.66
BATCH_097,82,16.39,0.0,2.42,6.48,5.02
BATCH_097,83,16.4,0.0,2.42,6.48,4.82
BATCH_097,84,16.4,0.0,2.42,6.48,4.75
BATCH_097,85,16.4,0.0,2.42,6.48,4.73
BATCH_097,86,16.4,0.0,2.42,6.48,5.0
BATCH_097,87,16.4,0.0,2.42,6.48,4.75
BATCH_097,88,16.4,0.0,2.42,6.48,5.01
BATCH_097,89,16.4,0.0,2.42,6.48,4.71
BATCH_097,90,16.4,0.0,2.42,6.48,4.95
BATCH_097,91,16.4,0.0,2.42,6.48,4.84
BATCH_097,92,16.4,0.0,2.42,6.48,4.61
BATCH_097,93,16.4,0.0,2.42,6.48,4.78
BATCH_097,94,16.4,0.0,2.42,6.48,4.36
BATCH_097,95,16.4,0.0,2.42,6.48,4.65
BATCH_097,96,16.4,0.0,2.42,6.48,4.49
BATCH_097,97,16.4,0.0,2.42,6.48,5.2
BATCH_097,98,16.4,0.0,2.42,6.48,4.49
BATCH_097,99,16.4,0.0,2.42,6.48,5.32
BATCH_097,100,16.4,0.0,2.42,6.48,4.91
BATCH_097,101,16.4,0.0,2.42,6.48,4.7
BATCH_097,102,16.4,0.0,2.42,6.48,4.96
BATCH_097,103,16.4,0.0,2.42,6.48,4.67
BATCH_097,104,16.4,0.0,2.42,6.48,4.52
BATCH_097,105,16.4,0.0,2.42,6.48,4.82
BATCH_097,106,16.41,0.0,2.42,6.48,4.94
BATCH_097,107,16.41,0.0,2.42,6.48,5.06
BATCH_097,108,16.41,0.0,2.42,6.48,4.9
BATCH_097,109,16.41,0.0,2.42,6.48,4.7
BATCH_097,110,16.41,0.0,2.42,6.48,5.08
BATCH_097,111,16.41,0.0,2.42,6.48,5.04
BATCH_097,112,16.41,0.0,2.42,6.48,4.86
BATCH_097,113,16.41,0.0,2.42,6.48,5.05
BATCH_097,114,16.41,0.0,2.42,6.48,5.24
BATCH_097,115,16.41,0.0,2.42,6.48,4.7
BATCH_097,116,16.41,0.0,2.42,6.48,4.62
BATCH_097,117,16.41,0.0,2.42,6.48,4.69
BATCH_097,118,16.41,0.0,2.42,6.48,4.53
BATCH_097,119,16.41,0.0,2.42,6.48,4.92
BATCH_097,120,16.41,0.0,2.42,6.48,4.48
BATCH_098,0,12.11,14.38,0.47,0.0,6.25
BATCH_098,1,12.11,14.11,0.51,0.12,6.66
BATCH_098,2,12.12,13.83,0.55,0.25,6.47
BATCH_098,3,12.12,13.52,0.59,0.4,7.15
BATCH_098,4,12.13,13.18,0.64,0.55,7.49
BATCH_098,5,12.14,12.83,0.69,0.71,7.95
BATCH_098,6,12.15,12.44,0.74,0.89,8.62
BATCH_098,7,12.16,12.03,0.8,1.08,9.31
BATCH_098,8,12.17,11.58,0.86,1.29,9.58
BATCH_098,9,12.19,11.1,0.93,1.51,10.26
BATCH_098,10,12.2,10.59,1.0,1.74,10.82
BATCH_098,11,12.22,10.03,1.08,2.0,11.62
BATCH_098,12,12.24,9.44,1.16,2.27,12.03
BATCH_098,13,12.26,8.81,1.25,2.56,13.06
BATCH_098,14,12.28,8.13,1.35,2.87,13.82
BATCH_098,15,12.31,7.41,1.45,3.2,14.58
BATCH_098,16,12.33,6.65,1.56,3.56,14.99
BATCH_098,17,12.37,5.84,1.67,3.93,15.81
BATCH_098,18,12.4,4.98,1.79,4.32,16.52
BATCH_098,19,12.44,4.1,1.91,4.73,16.64
BATCH_098,20,12.49,3.18,2.04,5.15,17.32
BATCH_098,21,12.53,2.26,2.17,5.57,16.4
BATCH_098,22,12.59,1.38,2.29,5.98,14.59
BATCH_098,23,12.65,0.62,2.4,6.33,10.28
BATCH_098,24,12.71,0.11,2.47,6.56,3.61
BATCH_098,25,12.78,0.0,2.49,6.61,1.96
BATCH_098,26,12.85,0.0,2.49,6.61,2.18
BATCH_098,27,12.93,0.0,2.49,6.61,2.33
BATCH_098,28,13.01,0.0,2.49,6.61,2.29
BATCH_098,29,13.1,0.0,2.49,6.61,2.39
BATCH_098,30,13.19,0.0,2.49,6.61,2.33
BATCH_098,31,13.29,0.0,2.49,6.61,2.57
BATCH_098,32,13.39,0.0,2.49,6.61,2.84
BATCH_098,33,13.49,0.0,2.49,6.61,2.76
BATCH_098,34,13.6,0.0,2.49,6.61,2.86
BATCH_098,35,13.71,0.0,2.49,6.61,2.84
BATCH_098,36,13.82,0.0,2.49,6.61,2.56
BATCH_098,37,13.93,0.0,2.49,6.61,2.74
BATCH_098,38,14.04,0.0,2.49,6.61,3.12
BATCH_098,39,14.14,0.0,2.49,6.61,3.11
BATCH_098,40,14.25,0.0,2.49,6.61,3.27
BATCH_098,41,14.35,0.0,2.49,6.61,3.6
BATCH_098,42,14.45,0.0,2.49,6.61,3.48
BATCH_098,43,14.54,0.0,2.49,6.61,3.66
BATCH_098,44,14.63,0.0,2.49,6.61,3.49
BATCH_098,45,14.71,0.0,2.49,6.61,3.37
BATCH_098,46,14.79,0.0,2.49,6.61,3.58
BATCH_098,47,14.86,0.0,2.49,6.61,3.49
BATCH_098,48,14.93,0.0,2.49,6.61,4.01
BATCH_098,49,14.99,0.0,2.49,6.61,3.9
BATCH_098,50,15.05,0.0,2.49,6.61,3.89
BATCH_098,51,15.1,0.0,2.49,6.61,4.08
BATCH_098,52,15.15,0.0,2.49,6.61,3.46
BATCH_098,53,15.2,0.0,2.49,6.61,4.01
BATCH_098,54,15.24,0.0,2.49,6.61,3.66
BATCH_098,55,15.27,0.0,2.49,6.61,3.95
BATCH_098,56,15.3,0.0,2.49,6.61,3.92
BATCH_098,57,15.33,0.0,2.49,6.61,4.13
BATCH_098,58,15.36,0.0,2.49,6.61,4.06
BATCH_098,59,15.38,0.0,2.49,6.61,4.31
BATCH_098,60,15.4,0.0,2.49,6.61,3.93
BATCH_098,61,15.42,0.0,2.49,6.61,4.21
BATCH_098,62,15.44,0.0,2.49,6.61,4.11
BATCH_098,63,15.45,0.0,2.49,6.61,3.76
BATCH_098,64,15.47,0.0,2.49,6.61,3.92
BATCH_098,65,15.48,0.0,2.49,6.61,4.08
BATCH_098,66,15.49,0.0,2.49,6.61,4.34
BATCH_098,67,15.5,0.0,2.49,6.61,4.22
BATCH_098,68,15.51,0.0,2.49,6.61,3.9
BATCH_098,69,15.51,0.0,2.49,6.61,4.11
BATCH_098,70,15.52,0.0,2.49,6.61,4.54
BATCH_098,71,15.53,0.0,2.49,6.61,4.17
BATCH_098,72,15.53,0.0,2.49,6.61,4.08
BATCH_098,73,15.54,0.0,2.49,6.61,4.25
BATCH_098,74,15.54,0.0,2.49,6.61,4.31
BATCH_098,75,15.54,0.0,2.49,6.61,4.07
BATCH_098,76,15.55,0.0,2.49,6.61,4.26
BATCH_098,77,15.55,0.0,2.49,6.61,4.1
BATCH_098,78,15.55,0.0,2.49,6.61,4.31
BATCH_098,79,15.55,0.0,2.49,6.61,4.2
BATCH_098,80,15.55,0.0,2.49,6.61,4.26
BATCH_098,81,15.56,0.0,2.49,6.61,4.02
BATCH_098,82,15.56,0.0,2.49,6.61,4.0
BATCH_098,83,15.56,0.0,2.49,6.61,4.36
BATCH_098,84,15.56,0.0,2.49,6.61,4.15
BATCH_098,85,15.56,0.0,2.49,6.61,4.23
BATCH_098,86,15.56,0.0,2.49,6.61,4.11
BATCH_098,87,15.56,0.0,2.49,6.61,4.35
BATCH_098,88,15.56,0.0,2.49,6.61,4.05
BATCH_098,89,15.56,0.0,2.49,6.61,4.15
BATCH_098,90,15.57,0.0,2.49,6.61,4.33
BATCH_098,91,15.57,0.0,2.49,6.61,4.41
BATCH_098,92,15.57,0.0,2.49,6.61,4.07
BATCH_098,93,15.57,0.0,2.49,6.61,4.57
BATCH_098,94,15.57,0.0,2.49,6.61,4.24
BATCH_098,95,15.57,0.0,2.49,6.61,3.97
BATCH_098,96,15.57,0.0,2.49,6.61,4.25
BATCH_098,97,15.57,0.0,2.49,6.61,4.1
BATCH_098,98,15.57,0.0,2.49,6.61,4.26
BATCH_098,99,15.57,0.0,2.49,6.61,4.17
BATCH_098,100,15.57,0.0,2.49,6.61,4.19
BATCH_098,101,15.57,0.0,2.49,6.61,3.99
BATCH_098,102,15.57,0.0,2.49,6.61,4.37
BATCH_098,103,15.57,0.0,2.49,6.61,3.95
BATCH_098,104,15.57,0.0,2.49,6.61,3.95
BATCH_098,105,15.57,0.0,2.49,6.61,4.25
BATCH_098,106,15.57,0.0,2.49,6.61,4.5
BATCH_098,107,15.57,0.0,2.49,6.61,4.11
BATCH_098,108,15.57,0.0,2.49,6.61,4.32
BATCH_098,109,15.57,0.0,2.49,6.61,4.39
BATCH_098,110,15.57,0.0,2.49,6.61,4.34
BATCH_098,111,15.57,0.0,2.49,6.61,4.11
BATCH_098,112,15.57,0.0,2.49,6.61,3.96
BATCH_098,113,15.57,0.0,2.49,6.61,3.74
BATCH_098,114,15.57,0.0,2.49,6.61,4.12
BATCH_098,115,15.57,0.0,2.49,6.61,4.41
BATCH_098,116,15.57,0.0,2.49,6.61,3.95
BATCH_098,117,15.57,0.0,2.49,6.61,4.32
BATCH_098,118,15.57,0.0,2.49,6.61,3.99
BATCH_098,119,15.57,0.0,2.49,6.61,4.2
BATCH_098,120,15.57,0.0,2.49,6.61,4.32
BATCH_099,0,12.94,13.8,0.51,0.0,7.21
BATCH_099,1,12.95,13.51,0.55,0.14,7.14
BATCH_099,2,12.95,13.19,0.59,0.28,7.87
BATCH_099,3,12.96,12.85,0.64,0.44,8.37
BATCH_099,4,12.96,12.48,0.69,0.61,8.71
BATCH_099,5,12.97,12.08,0.75,0.79,9.65
BATCH_099,6,12.98,11.65,0.81,0.99,9.87
BATCH_099,7,12.99,11.19,0.87,1.2,10.21
BATCH_099,8,13.0,10.69,0.94,1.43,10.88
BATCH_099,9,13.02,10.16,1.02,1.68,12.2
BATCH_099,10,13.03,9.58,1.1,1.94,12.36
BATCH_099,11,13.05,8.97,1.18,2.22,12.77
BATCH_099,12,13.07,8.31,1.28,2.53,13.83
BATCH_099,13,13.09,7.6,1.37,2.85,14.37
BATCH_099,14,13.11,6.85,1.48,3.2,15.7
BATCH_099,15,13.14,6.05,1.59,3.57,15.88
BATCH_099,16,13.17,5.21,1.71,3.95,16.67
BATCH_099,17,13.2,4.32,1.83,4.36,17.47
BATCH_099,18,13.24,3.41,1.96,4.78,17.91
BATCH_099,19,13.28,2.48,2.09,5.21,17.29
BATCH_099,20,13.32,1.58,2.22,5.62,15.55
BATCH_099,21,13.37,0.78,2.33,5.99,12.25
BATCH_099,22,13.42,0.19,2.41,6.26,5.62
BATCH_099,23,13.48,0.0,2.44,6.35,2.83
BATCH_099,24,13.54,0.0,2.44,6.35,2.83
BATCH_099,25,13.61,0.0,2.44,6.35,2.6
BATCH_099,26,13.68,0.0,2.44,6.35,2.92
BATCH_099,27,13.76,0.0,2.44,6.35,2.87
BATCH_099,28,13.84,0.0,2.44,6.35,3.16
BATCH_099,29,13.93,0.0,2.44,6.35,3.1
BATCH_099,30,14.02,0.0,2.44,6.35,3.13
BATCH_099,31,14.12,0.0,2.44,6.35,3.36
BATCH_099,32,14.22,0.0,2.44,6.35,3.17
BATCH_099,33,14.33,0.0,2.44,6.35,3.09
BATCH_099,34,14.43,0.0,2.44,6.35,3.37
BATCH_099,35,14.54,0.0,2.44,6.35,3.34
BATCH_099,36,14.65,0.0,2.44,6.35,3.61
BATCH_099,37,14.76,0.0,2.44,6.35,3.58
BATCH_099,38,14.87,0.0,2.44,6.35,3.73
BATCH_099,39,14.98,0.0,2.44,6.35,3.49
BATCH_099,40,15.08,0.0,2.44,6.35,3.91
BATCH_099,41,15.18,0.0,2.44,6.35,3.63
BATCH_099,42,15.28,0.0,2.44,6.35,4.15
BATCH_099,43,15.37,0.0,2.44,6.35,4.22
BATCH_099,44,15.46,0.0,2.44,6.35,4.17
BATCH_099,45,15.54,0.0,2.44,6.35,4.22
BATCH_099,46,15.62,0.0,2.44,6.35,4.17
BATCH_099,47,15.7,0.0,2.44,6.35,4.15
BATCH_099,48,15.76,0.0,2.44,6.35,4.32
BATCH_099,49,15.83,0.0,2.44,6.35,4.77
BATCH_099,50,15.88,0.0,2.44,6.35,4.46
BATCH_099,51,15.94,0.0,2.44,6.35,4.18
BATCH_099,52,15.98,0.0,2.44,6.35,4.15
BATCH_099,53,16.03,0.0,2.44,6.35,4.23
BATCH_099,54,16.07,0.0,2.44,6.35,4.48
BATCH_099,55,16.1,0.0,2.44,6.35,4.83
BATCH_099,56,16.14,0.0,2.44,6.35,4.4
BATCH_099,57,16.17,0.0,2.44,6.35,4.91
BATCH_099,58,16.19,0.0,2.44,6.35,4.68
BATCH_099,59,16.21,0.0,2.44,6.35,4.76
BATCH_099,60,16.24,0.0,2.44,6.35,4.77
BATCH_099,61,16.25,0.0,2.44,6.35,4.81
BATCH_099,62,16.27,0.0,2.44,6.35,4.62
BATCH_099,63,16.29,0.0,2.44,6.35,4.25
BATCH_099,64,16.3,0.0,2.44,6.35,4.61
BATCH_099,65,16.31,0.0,2.44,6.35,4.56
BATCH_099,66,16.32,0.0,2.44,6.35,4.8
BATCH_099,67,16.33,0.0,2.44,6.35,4.79
BATCH_099,68,16.34,0.0,2.44,6.35,4.7
BATCH_099,69,16.35,0.0,2.44,6.35,5.11
BATCH_099,70,16.35,0.0,2.44,6.35,4.64
BATCH_099,71,16.36,0.0,2.44,6.35,4.32
BATCH_099,72,16.36,0.0,2.44,6.35,4.8
BATCH_099,73,16.37,0.0,2.44,6.35,5.01
BATCH_099,74,16.37,0.0,2.44,6.35,4.84
BATCH_099,75,16.38,0.0,2.44,6.35,4.71
BATCH_099,76,16.38,0.0,2.44,6.35,4.83
BATCH_099,77,16.38,0.0,2.44,6.35,5.15
BATCH_099,78,16.38,0.0,2.44,6.35,4.61
BATCH_099,79,16.39,0.0,2.44,6.35,4.8
BATCH_099,80,16.39,0.0,2.44,6.35,4.92
BATCH_099,81,16.39,0.0,2.44,6.35,4.84
BATCH_099,82,16.39,0.0,2.44,6.35,4.74
BATCH_099,83,16.39,0.0,2.44,6.35,4.71
BATCH_099,84,16.39,0.0,2.44,6.35,4.74
BATCH_099,85,16.39,0.0,2.44,6.35,4.9
BATCH_099,86,16.4,0.0,2.44,6.35,4.89
BATCH_099,87,16.4,0.0,2.44,6.35,5.22
BATCH_099,88,16.4,0.0,2.44,6.35,4.49
BATCH_099,89,16.4,0.0,2.44,6.35,5.15
BATCH_099,90,16.4,0.0,2.44,6.35,4.76
BATCH_099,91,16.4,0.0,2.44,6.35,4.78
BATCH_099,92,16.4,0.0,2.44,6.35,4.97
BATCH_099,93,16.4,0.0,2.44,6.35,4.97
BATCH_099,94,16.4,0.0,2.44,6.35,5.03
BATCH_099,95,16.4,0.0,2.44,6.35,5.07
BATCH_099,96,16.4,0.0,2.44,6.35,4.79
BATCH_099,97,16.4,0.0,2.44,6.35,5.08
BATCH_099,98,16.4,0.0,2.44,6.35,4.67
BATCH_099,99,16.4,0.0,2.44,6.35,4.74
BATCH_099,100,16.4,0.0,2.44,6.35,4.76
BATCH_099,101,16.4,0.0,2.44,6.35,4.7
BATCH_099,102,16.4,0.0,2.44,6.35,4.81
BATCH_099,103,16.4,0.0,2.44,6.35,4.98
BATCH_099,104,16.4,0.0,2.44,6.35,4.93
BATCH_099,105,16.4,0.0,2.44,6.35,4.68
BATCH_099,106,16.4,0.0,2.44,6.35,4.66
BATCH_099,107,16.4,0.0,2.44,6.35,4.63
BATCH_099,108,16.4,0.0,2.44,6.35,4.82
BATCH_099,109,16.4,0.0,2.44,6.35,4.48
BATCH_099,110,16.4,0.0,2.44,6.35,4.62
BATCH_099,111,16.4,0.0,2.44,6.35,4.71
BATCH_099,112,16.4,0.0,2.44,6.35,5.01
BATCH_099,113,16.4,0.0,2.44,6.35,4.77
BATCH_099,114,16.4,0.0,2.44,6.35,5.0
BATCH_099,115,16.4,0.0,2.44,6.35,4.84
BATCH_099,116,16.4,0.0,2.44,6.35,4.71
BATCH_099,117,16.4,0.0,2.44,6.35,4.71
BATCH_099,118,16.4,0.0,2.44,6.35,4.57
BATCH_099,119,16.4,0.0,2.44,6.35,5.28
BATCH_099,120,16.4,0.0,2.44,6.35,5.02
BATCH_100,0,12.25,14.18,0.45,0.0,5.78
BATCH_100,1,12.26,13.93,0.48,0.12,6.13
BATCH_100,2,12.26,13.66,0.52,0.24,6.43
BATCH_100,3,12.27,13.36,0.56,0.38,6.84
BATCH_100,4,12.27,13.04,0.61,0.52,7.07
BATCH_100,5,12.28,12.7,0.65,0.68,8.0
BATCH_100,6,12.29,12.34,0.71,0.85,8.56
BATCH_100,7,12.3,11.94,0.76,1.03,8.94
BATCH_100,8,12.31,11.52,0.82,1.23,9.53
BATCH_100,9,12.33,11.06,0.89,1.44,9.78
BATCH_100,10,12.34,10.57,0.95,1.66,10.33
BATCH_100,11,12.36,10.04,1.03,1.9,10.94
BATCH_100,12,12.38,9.47,1.11,2.16,11.9
BATCH_100,13,12.4,8.87,1.19,2.44,12.52
BATCH_100,14,12.42,8.22,1.28,2.74,13.2
BATCH_100,15,12.45,7.53,1.38,3.06,14.22
BATCH_100,16,12.48,6.8,1.48,3.4,14.79
BATCH_100,17,12.51,6.02,1.59,3.76,15.27
BATCH_100,18,12.55,5.2,1.71,4.13,15.96
BATCH_100,19,12.59,4.34,1.83,4.53,16.74
BATCH_100,20,12.63,3.45,1.95,4.94,17.04
BATCH_100,21,12.68,2.55,2.08,5.35,16.64
BATCH_100,22,12.73,1.67,2.2,5.76,15.61
BATCH_100,23,12.79,0.87,2.31,6.12,12.44
BATCH_100,24,12.85,0.26,2.4,6.4,6.52
BATCH_100,25,12.92,0.0,2.43,6.52,2.02
BATCH_100,26,12.99,0.0,2.43,6.52,1.98
BATCH_100,27,13.07,0.0,2.43,6.52,2.22
BATCH_100,28,13.15,0.0,2.43,6.52,2.52
BATCH_100,29,13.24,0.0,2.43,6.52,2.8
BATCH_100,30,13.33,0.0,2.43,6.52,2.58
BATCH_100,31,13.43,0.0,2.43,6.52,2.81
BATCH_100,32,13.53,0.0,2.43,6.52,2.6
BATCH_100,33,13.64,0.0,2.43,6.52,2.85
BATCH_100,34,13.74,0.0,2.43,6.52,2.97
BATCH_100,35,13.85,0.0,2.43,6.52,2.49
BATCH_100,36,13.96,0.0,2.43,6.52,2.89
BATCH_100,37,14.07,0.0,2.43,6.52,3.24
BATCH_100,38,14.18,0.0,2.43,6.52,3.19
BATCH_100,39,14.29,0.0,2.43,6.52,2.98
BATCH_100,40,14.39,0.0,2.43,6.52,2.81
BATCH_100,41,14.49,0.0,2.43,6.52,3.3
BATCH_100,42,14.59,0.0,2.43,6.52,3.43
BATCH_100,43,14.68,0.0,2.43,6.52,3.33
BATCH_100,44,14.77,0.0,2.43,6.52,3.61
BATCH_100,45,14.85,0.0,2.43,6.52,3.74
BATCH_100,46,14.93,0.0,2.43,6.52,3.83
BATCH_100,47,15.01,0.0,2.43,6.52,3.28
BATCH_100,48,15.07,0.0,2.43,6.52,3.54
BATCH_100,49,15.14,0.0,2.43,6.52,3.79
BATCH_100,50,15.19,0.0,2.43,6.52,4.01
BATCH_100,51,15.25,0.0,2.43,6.52,4.03
BATCH_100,52,15.29,0.0,2.43,6.52,4.07
BATCH_100,53,15.34,0.0,2.43,6.52,3.93
BATCH_100,54,15.38,0.0,2.43,6.52,3.97
BATCH_100,55,15.41,0.0,2.43,6.52,3.91
BATCH_100,56,15.45,0.0,2.43,6.52,4.24
BATCH_100,57,15.48,0.0,2.43,6.52,3.92
BATCH_100,58,15.5,0.0,2.43,6.52,4.3
BATCH_100,59,15.53,0.0,2.43,6.52,4.19
BATCH_100,60,15.55,0.0,2.43,6.52,4.15
BATCH_100,61,15.56,0.0,2.43,6.52,4.04
BATCH_100,62,15.58,0.0,2.43,6.52,3.91
BATCH_100,63,15.6,0.0,2.43,6.52,4.07
BATCH_100,64,15.61,0.0,2.43,6.52,4.14
BATCH_100,65,15.62,0.0,2.43,6.52,3.74
BATCH_100,66,15.63,0.0,2.43,6.52,4.18
BATCH_100,67,15.64,0.0,2.43,6.52,4.42
BATCH_100,68,15.65,0.0,2.43,6.52,4.35
BATCH_100,69,15.66,0.0,2.43,6.52,4.14
BATCH_100,70,15.66,0.0,2.43,6.52,4.26
BATCH_100,71,15.67,0.0,2.43,6.52,4.14
BATCH_100,72,15.67,0.0,2.43,6.52,4.28
BATCH_100,73,15.68,0.0,2.43,6.52,4.57
BATCH_100,74,15.68,0.0,2.43,6.52,4.46
BATCH_100,75,15.69,0.0,2.43,6.52,4.37
BATCH_100,76,15.69,0.0,2.43,6.52,4.17
BATCH_100,77,15.69,0.0,2.43,6.52,4.42
BATCH_100,78,15.69,0.0,2.43,6.52,3.93
BATCH_100,79,15.7,0.0,2.43,6.52,4.22
BATCH_100,80,15.7,0.0,2.43,6.52,4.39
BATCH_100,81,15.7,0.0,2.43,6.52,4.42
BATCH_100,82,15.7,0.0,2.43,6.52,4.41
BATCH_100,83,15.7,0.0,2.43,6.52,4.34
BATCH_100,84,15.7,0.0,2.43,6.52,4.24
BATCH_100,85,15.7,0.0,2.43,6.52,4.39
BATCH_100,86,15.71,0.0,2.43,6.52,4.09
BATCH_100,87,15.71,0.0,2.43,6.52,4.11
BATCH_100,88,15.71,0.0,2.43,6.52,4.29
BATCH_100,89,15.71,0.0,2.43,6.52,4.32
BATCH_100,90,15.71,0.0,2.43,6.52,3.92
BATCH_100,91,15.71,0.0,2.43,6.52,4.37
BATCH_100,92,15.71,0.0,2.43,6.52,4.44
BATCH_100,93,15.71,0.0,2.43,6.52,4.27
BATCH_100,94,15.71,0.0,2.43,6.52,4.76
BATCH_100,95,15.71,0.0,2.43,6.52,4.15
BATCH_100,96,15.71,0.0,2.43,6.52,4.21
BATCH_100,97,15.71,0.0,2.43,6.52,4.2
BATCH_100,98,15.71,0.0,2.43,6.52,4.27
BATCH_100,99,15.71,0.0,2.43,6.52,4.22
BATCH_100,100,15.71,0.0,2.43,6.52,4.0
BATCH_100,101,15.71,0.0,2.43,6.52,4.17
BATCH_100,102,15.71,0.0,2.43,6.52,4.26
BATCH_100,103,15.71,0.0,2.43,6.52,4.53
BATCH_100,104,15.71,0.0,2.43,6.52,4.72
BATCH_100,105,15.71,0.0,2.43,6.52,4.55
BATCH_100,106,15.71,0.0,2.43,6.52,4.13
BATCH_100,107,15.71,0.0,2.43,6.52,4.14
BATCH_100,108,15.71,0.0,2.43,6.52,4.25
BATCH_100,109,15.71,0.0,2.43,6.52,4.64
BATCH_100,110,15.71,0.0,2.43,6.52,4.25
BATCH_100,111,15.71,0.0,2.43,6.52,4.02
BATCH_100,112,15.71,0.0,2.43,6.52,4.18
BATCH_100,113,15.71,0.0,2.43,6.52,4.44
BATCH_100,114,15.71,0.0,2.43,6.52,4.42
BATCH_100,115,15.71,0.0,2.43,6.52,4.24
BATCH_100,116,15.71,0.0,2.43,6.52,4.42
BATCH_100,117,15.71,0.0,2.43,6.52,3.83
BATCH_100,118,15.71,0.0,2.43,6.52,4.3
BATCH_100,119,15.71,0.0,2.43,6.52,4.46
BATCH_100,120,15.71,0.0,2.43,6.52,4.12
